phrase,region_id,region_name,count,types,seeds,analysis_status,query_type,query_confidence,query_source,next_action,intent_id,intent_title,intent_score,matched_keywords
"полусухая стяжка","11318","Омская область","1636","top","полусухая стяжка","assigned","commercial","medium","commercial-head","landing","S01","Полусухая или мокрая стяжка","4","полусух* стяжк*"
"баня под ключ","11318","Омская область","1521","top","баня под ключ","assigned","commercial","high","signals","landing","B01","Готовая баня как альтернатива долгой стройке","6","бан* под ключ"
"полусухая стяжка","66","Омск","1320","top","полусухая стяжка","assigned","commercial","medium","commercial-head","landing","S01","Полусухая или мокрая стяжка","4","полусух* стяжк*"
"готовые бани","11318","Омская область","1124","top","готовая баня","assigned","commercial","medium","commercial-head","landing","B01","Готовая баня как альтернатива долгой стройке","4","готов* бан*"
"полусухая стяжка пола","11318","Омская область","1005","top","полусухая стяжка","assigned","commercial","medium","commercial-head","landing","S01","Полусухая или мокрая стяжка","8","полусух* стяжк*|стяжка пола"
"баня под ключ","66","Омск","948","top","баня под ключ","assigned","commercial","high","signals","landing","B01","Готовая баня как альтернатива долгой стройке","6","бан* под ключ"
"каркасная баня","11318","Омская область","900","association|top","баня под ключ|каркасная баня","assigned","commercial","medium","commercial-head","landing","B03","Квадро или каркасная баня","4","каркасн* бан*"
"полусухая стяжка пола","66","Омск","802","top","полусухая стяжка","assigned","commercial","medium","commercial-head","landing","S01","Полусухая или мокрая стяжка","8","полусух* стяжк*|стяжка пола"
"баня под ключ в омске","11318","Омская область","779","top","баня под ключ","assigned","commercial","high","signals","landing","B01","Готовая баня как альтернатива долгой стройке","6","бан* под ключ"
"механизированная штукатурка","11318","Омская область","766","top","механизированная штукатурка","assigned","commercial","medium","commercial-head","landing","P01","Механизированная или ручная штукатурка","4","механизированн* штукатурк*"
"механизированной штукатуркой механизируемая штукатурка","11318","Омская область","766","top","механизированная штукатурка","assigned","commercial","medium","commercial-head","landing","P01","Механизированная или ручная штукатурка","4","механизированн* штукатурк*"
"механизировать штукатурка","11318","Омская область","766","top","механизированная штукатурка","unassigned","commercial","medium","commercial-head","landing","","","",""
"готовые бани","66","Омск","719","top","готовая баня","assigned","commercial","medium","commercial-head","landing","B01","Готовая баня как альтернатива долгой стройке","4","готов* бан*"
"бурение скважин","11318","Омская область","690","top","бурение скважин","unassigned","commercial","medium","commercial-head","landing","","","",""
"каркасная баня","66","Омск","637","association|top","баня под ключ|каркасная баня","assigned","commercial","medium","commercial-head","landing","B03","Квадро или каркасная баня","4","каркасн* бан*"
"механизированная штукатурка","66","Омск","559","top","механизированная штукатурка","assigned","commercial","medium","commercial-head","landing","P01","Механизированная или ручная штукатурка","4","механизированн* штукатурк*"
"механизированной штукатуркой механизируемая штукатурка","66","Омск","559","top","механизированная штукатурка","assigned","commercial","medium","commercial-head","landing","P01","Механизированная или ручная штукатурка","4","механизированн* штукатурк*"
"механизировать штукатурка","66","Омск","559","top","механизированная штукатурка","unassigned","commercial","medium","commercial-head","landing","","","",""
"готовые бани в омске","11318","Омская область","546","top","готовая баня","assigned","commercial","medium","commercial-head","landing","B01","Готовая баня как альтернатива долгой стройке","4","готов* бан*"
"купить готовую баню","11318","Омская область","502","top","готовая баня","assigned","commercial","high","signals","landing","B01","Готовая баня как альтернатива долгой стройке","4","готов* бан*"
"бурение скважин","66","Омск","486","top","бурение скважин","unassigned","commercial","medium","commercial-head","landing","","","",""
"баня под ключ цена","11318","Омская область","474","top","баня под ключ","assigned","commercial","high","signals","landing","B01","Готовая баня как альтернатива долгой стройке","6","бан* под ключ"
"баня под ключ в омске","66","Омск","469","top","баня под ключ","assigned","commercial","high","signals","landing","B01","Готовая баня как альтернатива долгой стройке","6","бан* под ключ"
"баня под ключ омск цены","11318","Омская область","367","top","баня под ключ","assigned","commercial","high","signals","landing","B01","Готовая баня как альтернатива долгой стройке","6","бан* под ключ"
"мобильная баня","11318","Омская область","364","top","мобильная баня","assigned","commercial","medium","commercial-head","landing","B01","Готовая баня как альтернатива долгой стройке","4","мобильн* бан*"
"купить баню под ключ","11318","Омская область","351","top","баня под ключ","assigned","commercial","high","signals","landing","B01","Готовая баня как альтернатива долгой стройке","6","бан* под ключ"
"готовые бани в омске","66","Омск","348","top","готовая баня","assigned","commercial","medium","commercial-head","landing","B01","Готовая баня как альтернатива долгой стройке","4","готов* бан*"
"купить готовую баню","66","Омск","344","top","готовая баня","assigned","commercial","high","signals","landing","B01","Готовая баня как альтернатива долгой стройке","4","готов* бан*"
"бани в омске купить готовую","11318","Омская область","332","top","готовая баня","unassigned","commercial","medium","signals","landing","","","",""
"баня под ключ недорого","11318","Омская область","316","top","баня под ключ","assigned","commercial","high","signals","landing","B01","Готовая баня как альтернатива долгой стройке","6","бан* под ключ"
"купить баню под ключ в омске","11318","Омская область","291","top","баня под ключ","assigned","commercial","high","signals","landing","B01","Готовая баня как альтернатива долгой стройке","6","бан* под ключ"
"баня на участке","11318","Омская область","290","top","баня на участок","unassigned","commercial","medium","commercial-head","landing","","","",""
"баня под ключ в омске недорого","11318","Омская область","285","top","баня под ключ","assigned","commercial","high","signals","landing","B01","Готовая баня как альтернатива долгой стройке","6","бан* под ключ"
"мобильная баня","66","Омск","260","top","мобильная баня","assigned","commercial","medium","commercial-head","landing","B01","Готовая баня как альтернатива долгой стройке","4","мобильн* бан*"
"баня под ключ цена","66","Омск","258","top","баня под ключ","assigned","commercial","high","signals","landing","B01","Готовая баня как альтернатива долгой стройке","6","бан* под ключ"
"бани в омске купить готовую","66","Омск","241","top","готовая баня","unassigned","commercial","medium","signals","landing","","","",""
"купить баню под ключ","66","Омск","237","top","баня под ключ","assigned","commercial","high","signals","landing","B01","Готовая баня как альтернатива долгой стройке","6","бан* под ключ"
"баня под ключ недорого","66","Омск","208","top","баня под ключ","assigned","commercial","high","signals","landing","B01","Готовая баня как альтернатива долгой стройке","6","бан* под ключ"
"баня на участке","66","Омск","202","top","баня на участок","unassigned","commercial","medium","commercial-head","landing","","","",""
"готовая баня цена","11318","Омская область","202","top","готовая баня","assigned","commercial","high","signals","landing","B01","Готовая баня как альтернатива долгой стройке","4","готов* бан*"
"баня под ключ омск цены","66","Омск","198","top","баня под ключ","assigned","commercial","high","signals","landing","B01","Готовая баня как альтернатива долгой стройке","6","бан* под ключ"
"баня купить под ключ недорого","11318","Омская область","192","top","баня под ключ","unassigned","commercial","high","signals","landing","","","",""
"купить баню под ключ в омске","66","Омск","190","top","баня под ключ","assigned","commercial","high","signals","landing","B01","Готовая баня как альтернатива долгой стройке","6","бан* под ключ"
"фундамент под баню","11318","Омская область","183","top","фундамент под баню","assigned","informational","low","intent-default","guide","B14","Фундамент для мобильной или готовой бани","6","фундамент под бан*"
"баня недорого под ключ цены","11318","Омская область","182","top","баня под ключ","unassigned","commercial","high","signals","landing","","","",""
"баня под ключ в омске недорого","66","Омск","178","top","баня под ключ","assigned","commercial","high","signals","landing","B01","Готовая баня как альтернатива долгой стройке","6","бан* под ключ"
"баня с доставкой","11318","Омская область","178","top","доставка бани","assigned","commercial","medium","signals","landing","B10","Стоимость доставки по Омску и области","6","бан* с доставк*"
"купить баню в омске под ключ недорого","11318","Омская область","176","top","баня под ключ","unassigned","commercial","high","signals","landing","","","",""
"каркасная баня своими руками","11318","Омская область","166","top","каркасная баня","assigned","informational","medium","signals","guide","B03","Квадро или каркасная баня","4","каркасн* бан*"
"бани под ключ фото","11318","Омская область","159","top","баня под ключ","assigned","commercial","high","signals","landing","B01","Готовая баня как альтернатива долгой стройке","6","бан* под ключ"
"готовые бани под","11318","Омская область","152","top","готовая баня","assigned","commercial","medium","commercial-head","landing","B01","Готовая баня как альтернатива долгой стройке","4","готов* бан*"
"баня под ключ фото цены","11318","Омская область","145","top","баня под ключ","assigned","commercial","high","signals","landing","B01","Готовая баня как альтернатива долгой стройке","6","бан* под ключ"
"бурение скважин в омске","11318","Омская область","145","top","бурение скважин","unassigned","commercial","medium","commercial-head","landing","","","",""
"бани с доставкой омск","11318","Омская область","143","top","доставка бани","assigned","commercial","medium","signals","landing","B10","Стоимость доставки по Омску и области","10","бан* с доставк*|доставк* омск"
"баня готовый ключ","11318","Омская область","143","top","готовая баня","unassigned","unmapped","none","none","hold","","","",""
"готовая баня под ключ","11318","Омская область","143","top","баня под ключ|готовая баня","assigned","commercial","high","signals","landing","B08","Что входит в баню под ключ","12","бан* под ключ|готов* бан* под ключ"
"фото бани под ключ в омске","11318","Омская область","139","top","баня под ключ","assigned","commercial","high","signals","landing","B01","Готовая баня как альтернатива долгой стройке","6","бан* под ключ"
"баня купить под ключ недорого","66","Омск","137","top","баня под ключ","unassigned","commercial","high","signals","landing","","","",""
"бани под ключ омск цена фото","11318","Омская область","134","top","баня под ключ","assigned","commercial","high","signals","landing","B01","Готовая баня как альтернатива долгой стройке","6","бан* под ключ"
"купить баню под ключ цена","11318","Омская область","134","top","баня под ключ","assigned","commercial","high","signals","landing","B01","Готовая баня как альтернатива долгой стройке","6","бан* под ключ"
"баня зимой","11318","Омская область","130","top","баня зимой","assigned","informational","low","intent-default","guide","B17","Использование бани зимой в Омске","4","бан* зимой"
"баня с доставкой","66","Омск","130","top","доставка бани","assigned","commercial","medium","signals","landing","B10","Стоимость доставки по Омску и области","6","бан* с доставк*"
"кедровые бани","11318","Омская область","130","top","кедровая баня","assigned","commercial","medium","commercial-head","landing","B20","Кедр против сосны и ели","4","кедров* бан*"
"купить баню в омске под ключ цена","11318","Омская область","130","top","баня под ключ","unassigned","commercial","high","signals","landing","","","",""
"готовая баня цена","66","Омск","127","top","готовая баня","assigned","commercial","high","signals","landing","B01","Готовая баня как альтернатива долгой стройке","4","готов* бан*"
"баня бочка под ключ","11318","Омская область","126","top","баня под ключ","unassigned","commercial","high","signals","landing","","","",""
"готовые бани в омске цены","11318","Омская область","122","top","готовая баня","assigned","commercial","medium","signals","landing","B01","Готовая баня как альтернатива долгой стройке","4","готов* бан*"
"кедровые бани","66","Омск","121","top","кедровая баня","assigned","commercial","medium","commercial-head","landing","B20","Кедр против сосны и ели","4","кедров* бан*"
"мобильные бани в омске","11318","Омская область","121","top","мобильная баня","assigned","commercial","medium","commercial-head","landing","B01","Готовая баня как альтернатива долгой стройке","4","мобильн* бан*"
"купить баню в омске под ключ недорого","66","Омск","120","top","баня под ключ","unassigned","commercial","high","signals","landing","","","",""
"бурение скважин на воду","11318","Омская область","117","top","бурение скважин","unassigned","commercial","medium","commercial-head","landing","","","",""
"фундамент под баню","66","Омск","116","top","фундамент под баню","assigned","informational","low","intent-default","guide","B14","Фундамент для мобильной или готовой бани","6","фундамент под бан*"
"купить бани под ключ недорого цена","11318","Омская область","114","top","баня под ключ","assigned","commercial","high","signals","landing","B01","Готовая баня как альтернатива долгой стройке","6","бан* под ключ"
"бурение скважин в омске","66","Омск","106","top","бурение скважин","unassigned","commercial","medium","commercial-head","landing","","","",""
"бани с доставкой омск","66","Омск","105","top","доставка бани","assigned","commercial","medium","signals","landing","B10","Стоимость доставки по Омску и области","10","бан* с доставк*|доставк* омск"
"баня недорого под ключ цены","66","Омск","105","top","баня под ключ","unassigned","commercial","high","signals","landing","","","",""
"баня под ключ с доставкой","11318","Омская область","103","top","баня под ключ|доставка бани","assigned","commercial","high","signals","landing","B01","Готовая баня как альтернатива долгой стройке","6","бан* под ключ"
"баня под с доставкой","11318","Омская область","103","top","доставка бани","unassigned","commercial","medium","signals","landing","","","",""
"баня бочка под ключ цена","11318","Омская область","100","top","баня под ключ","unassigned","commercial","high","signals","landing","","","",""
"каркасная баня своими руками","66","Омск","98","top","каркасная баня","assigned","informational","medium","signals","guide","B03","Квадро или каркасная баня","4","каркасн* бан*"
"полусухая стяжка пола омск","11318","Омская область","94","top","полусухая стяжка","assigned","commercial","medium","commercial-head","landing","S01","Полусухая или мокрая стяжка","8","полусух* стяжк*|стяжка пола"
"готовые бани под ключ в омске","11318","Омская область","93","top","баня под ключ|готовая баня","assigned","commercial","high","signals","landing","B08","Что входит в баню под ключ","12","бан* под ключ|готов* бан* под ключ"
"бани под ключ недорого фото","11318","Омская область","92","top","баня под ключ","assigned","commercial","high","signals","landing","B01","Готовая баня как альтернатива долгой стройке","6","бан* под ключ"
"бани под ключ цена и фото недорого","11318","Омская область","92","top","баня под ключ","assigned","commercial","high","signals","landing","B01","Готовая баня как альтернатива долгой стройке","6","бан* под ключ"
"полусухая стяжка пола омск","66","Омск","91","top","полусухая стяжка","assigned","commercial","medium","commercial-head","landing","S01","Полусухая или мокрая стяжка","8","полусух* стяжк*|стяжка пола"
"готовые бани с доставкой","11318","Омская область","88","top","готовая баня|доставка бани","assigned","commercial","high","signals","landing","B10","Стоимость доставки по Омску и области","6","бан* с доставк*"
"какая стяжка полусухая","11318","Омская область","88","top","полусухая стяжка","unassigned","informational","high","signals","guide","","","",""
"готовые бани под","66","Омск","86","top","готовая баня","assigned","commercial","medium","commercial-head","landing","B01","Готовая баня как альтернатива долгой стройке","4","готов* бан*"
"бани под ключ фото","66","Омск","83","top","баня под ключ","assigned","commercial","high","signals","landing","B01","Готовая баня как альтернатива долгой стройке","6","бан* под ключ"
"баня зимой","66","Омск","82","top","баня зимой","assigned","informational","low","intent-default","guide","B17","Использование бани зимой в Омске","4","бан* зимой"
"купить баню под ключ цена","66","Омск","81","top","баня под ключ","assigned","commercial","high","signals","landing","B01","Готовая баня как альтернатива долгой стройке","6","бан* под ключ"
"готовая баня недорого","11318","Омская область","80","top","готовая баня","assigned","commercial","high","signals","landing","B01","Готовая баня как альтернатива долгой стройке","4","готов* бан*"
"мобильная баня купить","11318","Омская область","80","top","мобильная баня","assigned","commercial","high","signals","landing","B01","Готовая баня как альтернатива долгой стройке","4","мобильн* бан*"
"какая стяжка полусухая","66","Омск","78","top","полусухая стяжка","unassigned","informational","high","signals","guide","","","",""
"купить баню в омске под ключ цена","66","Омск","78","top","баня под ключ","unassigned","commercial","high","signals","landing","","","",""
"фото готовых бань","11318","Омская область","78","top","готовая баня","assigned","commercial","medium","commercial-head","landing","B01","Готовая баня как альтернатива долгой стройке","4","готов* бан*"
"цена готовой бани под ключ","11318","Омская область","77","top","баня под ключ|готовая баня","assigned","commercial","high","signals","landing","B08","Что входит в баню под ключ","12","бан* под ключ|готов* бан* под ключ"
"баня готовый ключ","66","Омск","76","top","готовая баня","unassigned","unmapped","none","none","hold","","","",""
"баня с доставкой и установкой","11318","Омская область","76","top","доставка бани","assigned","commercial","medium","signals","landing","B10","Стоимость доставки по Омску и области","6","бан* с доставк*"
"готовая баня под ключ","66","Омск","76","top","баня под ключ|готовая баня","assigned","commercial","high","signals","landing","B08","Что входит в баню под ключ","12","бан* под ключ|готов* бан* под ключ"
"готовые бани с доставкой","66","Омск","76","top","готовая баня|доставка бани","assigned","commercial","high","signals","landing","B10","Стоимость доставки по Омску и области","6","бан* с доставк*"
"кедровые бани омск","11318","Омская область","76","top","кедровая баня","assigned","commercial","medium","commercial-head","landing","B20","Кедр против сосны и ели","4","кедров* бан*"
"пол в каркасной бане","11318","Омская область","76","top","каркасная баня","assigned","commercial","medium","commercial-head","landing","B03","Квадро или каркасная баня","4","каркасн* бан*"
"готовая баня цена фото","11318","Омская область","75","top","готовая баня","assigned","commercial","high","signals","landing","B01","Готовая баня как альтернатива долгой стройке","4","готов* бан*"
"установка бани под ключ","11318","Омская область","75","top","баня под ключ","assigned","commercial","high","signals","landing","B01","Готовая баня как альтернатива долгой стройке","6","бан* под ключ"
"баня под ключ фото цены","66","Омск","74","top","баня под ключ","assigned","commercial","high","signals","landing","B01","Готовая баня как альтернатива долгой стройке","6","бан* под ключ"
"баня недорого доставка","11318","Омская область","73","top","доставка бани","unassigned","commercial","high","signals","landing","","","",""
"баня под ключ с доставкой недорого","11318","Омская область","73","top","баня под ключ|доставка бани","assigned","commercial","high","signals","landing","B01","Готовая баня как альтернатива долгой стройке","6","бан* под ключ"
"кедровые бани омск","66","Омск","73","top","кедровая баня","assigned","commercial","medium","commercial-head","landing","B20","Кедр против сосны и ели","4","кедров* бан*"
"мобильные бани в омске","66","Омск","72","top","мобильная баня","assigned","commercial","medium","commercial-head","landing","B01","Готовая баня как альтернатива долгой стройке","4","мобильн* бан*"
"баня с доставкой и установкой под ключ","11318","Омская область","71","top","баня под ключ|доставка бани","assigned","commercial","high","signals","landing","B10","Стоимость доставки по Омску и области","6","бан* с доставк*"
"купить бани под ключ недорого цена","66","Омск","71","top","баня под ключ","assigned","commercial","high","signals","landing","B01","Готовая баня как альтернатива долгой стройке","6","бан* под ключ"
"бани бочки под ключ омск","11318","Омская область","70","top","баня под ключ","unassigned","commercial","high","signals","landing","","","",""
"баня на дачном участке","11318","Омская область","70","top","баня на участок","unassigned","unmapped","none","none","hold","","","",""
"купить мобильную баню в омске","11318","Омская область","70","top","мобильная баня","assigned","commercial","medium","signals","landing","B01","Готовая баня как альтернатива долгой стройке","4","мобильн* бан*"
"бурение скважин на воду","66","Омск","69","top","бурение скважин","unassigned","commercial","medium","commercial-head","landing","","","",""
"купить баню с доставкой","11318","Омская область","68","top","доставка бани","assigned","commercial","high","signals","landing","B10","Стоимость доставки по Омску и области","6","бан* с доставк*"
"готовые бани в омске цены","66","Омск","67","top","готовая баня","assigned","commercial","medium","signals","landing","B01","Готовая баня как альтернатива долгой стройке","4","готов* бан*"
"баня под ключ с доставкой","66","Омск","65","top","баня под ключ|доставка бани","assigned","commercial","high","signals","landing","B01","Готовая баня как альтернатива долгой стройке","6","бан* под ключ"
"баня под с доставкой","66","Омск","65","top","доставка бани","unassigned","commercial","medium","signals","landing","","","",""
"готовые бани в омске цены и фото","11318","Омская область","65","top","готовая баня","assigned","commercial","medium","signals","landing","B01","Готовая баня как альтернатива долгой стройке","4","готов* бан*"
"баня на дачном участке","66","Омск","63","top","баня на участок","unassigned","unmapped","none","none","hold","","","",""
"готовые бани с доставкой омск","11318","Омская область","63","top","готовая баня|доставка бани","assigned","commercial","medium","signals","landing","B10","Стоимость доставки по Омску и области","10","бан* с доставк*|доставк* омск"
"фото бани под ключ в омске","66","Омск","63","top","баня под ключ","assigned","commercial","high","signals","landing","B01","Готовая баня как альтернатива долгой стройке","6","бан* под ключ"
"бани под ключ омск цена фото","66","Омск","62","top","баня под ключ","assigned","commercial","high","signals","landing","B01","Готовая баня как альтернатива долгой стройке","6","бан* под ключ"
"баня бочка под ключ цена в омске","11318","Омская область","62","top","баня под ключ","unassigned","commercial","high","signals","landing","","","",""
"бурение скважин под","11318","Омская область","62","top","бурение скважин","unassigned","commercial","medium","commercial-head","landing","","","",""
"купить баню с доставкой в омске","11318","Омская область","62","top","доставка бани","assigned","commercial","high","signals","landing","B10","Стоимость доставки по Омску и области","6","бан* с доставк*"
"баня бочка под ключ","66","Омск","60","top","баня под ключ","unassigned","commercial","high","signals","landing","","","",""
"купить баню с доставкой","66","Омск","59","top","доставка бани","assigned","commercial","high","signals","landing","B10","Стоимость доставки по Омску и области","6","бан* с доставк*"
"готовые бани с доставкой омск","66","Омск","57","top","готовая баня|доставка бани","assigned","commercial","medium","signals","landing","B10","Стоимость доставки по Омску и области","10","бан* с доставк*|доставк* омск"
"купить готовую баню с доставкой","11318","Омская область","57","top","готовая баня|доставка бани","assigned","commercial","high","signals","landing","B10","Стоимость доставки по Омску и области","6","бан* с доставк*"
"бурение скважин на воду в омске","11318","Омская область","55","top","бурение скважин","unassigned","unmapped","none","none","hold","","","",""
"бурение скважин цена","11318","Омская область","55","top","бурение скважин","assigned","commercial","high","signals","landing","D04","Глубина скважины и итоговая стоимость","6","бурен* скважин* цен*"
"каркасная баня в омске","11318","Омская область","55","top","каркасная баня","assigned","commercial","medium","commercial-head","landing","B03","Квадро или каркасная баня","4","каркасн* бан*"
"купить баню с доставкой в омске","66","Омск","55","top","доставка бани","assigned","commercial","high","signals","landing","B10","Стоимость доставки по Омску и области","6","бан* с доставк*"
"баня купить готовую цена","11318","Омская область","54","top","готовая баня","unassigned","commercial","high","signals","landing","","","",""
"каркасная баня в омске","66","Омск","54","top","каркасная баня","assigned","commercial","medium","commercial-head","landing","B03","Квадро или каркасная баня","4","каркасн* бан*"
"каркасная баня пошаговая","11318","Омская область","54","top","каркасная баня","assigned","commercial","medium","commercial-head","landing","B03","Квадро или каркасная баня","4","каркасн* бан*"
"купить готовую баню в омске с доставкой","11318","Омская область","54","top","готовая баня|доставка бани","assigned","commercial","high","signals","landing","B01","Готовая баня как альтернатива долгой стройке","4","готов* бан*"
"доставка бани цена","11318","Омская область","52","top","доставка бани","assigned","commercial","high","signals","landing","B10","Стоимость доставки по Омску и области","4","доставк* бан*"
"каркасная баня своими руками пошаговая","11318","Омская область","52","top","каркасная баня","assigned","informational","high","signals","guide","B03","Квадро или каркасная баня","4","каркасн* бан*"
"бани в омске купить готовую цена омск","11318","Омская область","51","top","готовая баня","unassigned","commercial","high","signals","landing","","","",""
"купить готовую баню с доставкой","66","Омск","51","top","готовая баня|доставка бани","assigned","commercial","high","signals","landing","B10","Стоимость доставки по Омску и области","6","бан* с доставк*"
"баня с доставкой и установкой цена","11318","Омская область","50","top","доставка бани","assigned","commercial","high","signals","landing","B10","Стоимость доставки по Омску и области","6","бан* с доставк*"
"гараж баня на участке","11318","Омская область","50","top","баня на участок","unassigned","commercial","medium","commercial-head","landing","","","",""
"полусухая стяжка в квартире","11318","Омская область","50","top","полусухая стяжка","assigned","commercial","medium","commercial-head","landing","S01","Полусухая или мокрая стяжка","4","полусух* стяжк*"
"купить готовую баню в омске с доставкой","66","Омск","49","top","готовая баня|доставка бани","assigned","commercial","high","signals","landing","B01","Готовая баня как альтернатива долгой стройке","4","готов* бан*"
"полусухая стяжка в квартире","66","Омск","49","top","полусухая стяжка","assigned","commercial","medium","commercial-head","landing","S01","Полусухая или мокрая стяжка","4","полусух* стяжк*"
"бани купить готовые недорогие","11318","Омская область","48","top","готовая баня","unassigned","commercial","high","signals","landing","","","",""
"баня с доставкой и установкой","66","Омск","48","top","доставка бани","assigned","commercial","medium","signals","landing","B10","Стоимость доставки по Омску и области","6","бан* с доставк*"
"готовые бани под ключ недорого","11318","Омская область","48","top","баня под ключ|готовая баня","assigned","commercial","high","signals","landing","B08","Что входит в баню под ключ","12","бан* под ключ|готов* бан* под ключ"
"пол в каркасной бане","66","Омск","48","top","каркасная баня","assigned","commercial","medium","commercial-head","landing","B03","Квадро или каркасная баня","4","каркасн* бан*"
"полусухая стяжка своими руками","11318","Омская область","47","top","полусухая стяжка","assigned","informational","medium","signals","guide","S01","Полусухая или мокрая стяжка","4","полусух* стяжк*"
"строительство бани под ключ","11318","Омская область","47","top","баня под ключ","assigned","commercial","high","signals","landing","B02","Готовая баня или строить на участке","14","строит* бан*|строительств* бан*|бан* под ключ"
"установка бани под ключ цена","11318","Омская область","47","top","баня под ключ","assigned","commercial","high","signals","landing","B01","Готовая баня как альтернатива долгой стройке","6","бан* под ключ"
"бурение скважин под ключ","11318","Омская область","46","top","бурение скважин","unassigned","commercial","high","signals","landing","","","",""
"бурение скважин скважина ключ","11318","Омская область","46","top","бурение скважин","unassigned","commercial","medium","commercial-head","landing","","","",""
"готовая баня на дачу","66","Омск","46","top","готовая баня","assigned","commercial","medium","commercial-head","landing","B01","Готовая баня как альтернатива долгой стройке","4","готов* бан*"
"готовая баня под ключ недорого цена","11318","Омская область","46","top","баня под ключ|готовая баня","assigned","commercial","high","signals","landing","B08","Что входит в баню под ключ","12","бан* под ключ|готов* бан* под ключ"
"готовые бани недорого цены","11318","Омская область","46","top","готовая баня","assigned","commercial","high","signals","landing","B01","Готовая баня как альтернатива долгой стройке","4","готов* бан*"
"бани недорогие готовые под ключ омск","11318","Омская область","45","top","баня под ключ|готовая баня","unassigned","commercial","high","signals","landing","","","",""
"полусухая стяжка цена","11318","Омская область","45","top","полусухая стяжка","assigned","commercial","high","signals","landing","S01","Полусухая или мокрая стяжка","4","полусух* стяжк*"
"скважина после бурения","11318","Омская область","45","top","бурение скважин","unassigned","unmapped","none","none","hold","","","",""
"строительство бани на участке","11318","Омская область","45","top","баня на участок","assigned","commercial","medium","commercial-head","landing","B02","Готовая баня или строить на участке","8","строит* бан*|строительств* бан*"
"строительство бани под ключ","66","Омск","45","top","баня под ключ","assigned","commercial","high","signals","landing","B02","Готовая баня или строить на участке","14","строит* бан*|строительств* бан*|бан* под ключ"
"баня с доставкой под ключ цена","11318","Омская область","44","top","баня под ключ|доставка бани","assigned","commercial","high","signals","landing","B10","Стоимость доставки по Омску и области","6","бан* с доставк*"
"доставка бани на дачу","66","Омск","44","top","доставка бани","assigned","commercial","medium","signals","landing","B10","Стоимость доставки по Омску и области","4","доставк* бан*"
"доставка бани на дачу","11318","Омская область","44","top","доставка бани","assigned","commercial","medium","signals","landing","B10","Стоимость доставки по Омску и области","4","доставк* бан*"
"инструкция каркасной бани","11318","Омская область","44","top","каркасная баня","assigned","commercial","medium","commercial-head","landing","B03","Квадро или каркасная баня","4","каркасн* бан*"
"каркасная баня пошаговая инструкция","11318","Омская область","44","top","каркасная баня","assigned","commercial","medium","commercial-head","landing","B03","Квадро или каркасная баня","4","каркасн* бан*"
"каркасная баня своими руками пошаговая инструкция","11318","Омская область","44","top","каркасная баня","assigned","informational","high","signals","guide","B03","Квадро или каркасная баня","4","каркасн* бан*"
"купить готовую баню на дачу","66","Омск","44","top","готовая баня","assigned","commercial","medium","signals","landing","B01","Готовая баня как альтернатива долгой стройке","4","готов* бан*"
"купить готовую баню на дачу","11318","Омская область","44","top","готовая баня","assigned","commercial","medium","signals","landing","B01","Готовая баня как альтернатива долгой стройке","4","готов* бан*"
"модульная баня под ключ","11318","Омская область","44","top","баня под ключ","assigned","commercial","high","signals","landing","B01","Готовая баня как альтернатива долгой стройке","6","бан* под ключ"
"бани омск купить готовые недорого","11318","Омская область","43","top","готовая баня","unassigned","commercial","high","signals","landing","","","",""
"баня недорого доставка","66","Омск","43","top","доставка бани","unassigned","commercial","high","signals","landing","","","",""
"баня под ключ с доставкой недорого","66","Омск","43","top","баня под ключ|доставка бани","assigned","commercial","high","signals","landing","B01","Готовая баня как альтернатива долгой стройке","6","бан* под ключ"
"баня с доставкой и установкой под ключ","66","Омск","43","top","баня под ключ|доставка бани","assigned","commercial","high","signals","landing","B10","Стоимость доставки по Омску и области","6","бан* с доставк*"
"готовые бани под ключ в омске","66","Омск","43","top","баня под ключ|готовая баня","assigned","commercial","high","signals","landing","B08","Что входит в баню под ключ","12","бан* под ключ|готов* бан* под ключ"
"полусухая стяжка в омске","11318","Омская область","43","top","полусухая стяжка","assigned","commercial","medium","commercial-head","landing","S01","Полусухая или мокрая стяжка","4","полусух* стяжк*"
"полусухая стяжка пола в квартире","11318","Омская область","43","top","полусухая стяжка","assigned","informational","low","intent-default","guide","S01","Полусухая или мокрая стяжка","8","полусух* стяжк*|стяжка пола"
"стены каркасной бани","11318","Омская область","43","top","каркасная баня","assigned","commercial","medium","commercial-head","landing","B03","Квадро или каркасная баня","4","каркасн* бан*"
"установка бани под ключ","66","Омск","43","top","баня под ключ","assigned","commercial","high","signals","landing","B01","Готовая баня как альтернатива долгой стройке","6","бан* под ключ"
"бани под ключ недорого фото","66","Омск","42","top","баня под ключ","assigned","commercial","high","signals","landing","B01","Готовая баня как альтернатива долгой стройке","6","бан* под ключ"
"бани под ключ цена и фото недорого","66","Омск","42","top","баня под ключ","assigned","commercial","high","signals","landing","B01","Готовая баня как альтернатива долгой стройке","6","бан* под ключ"
"баня купить готовую цена","66","Омск","42","top","готовая баня","unassigned","commercial","high","signals","landing","","","",""
"полусухая стяжка пола в квартире","66","Омск","42","top","полусухая стяжка","assigned","informational","low","intent-default","guide","S01","Полусухая или мокрая стяжка","8","полусух* стяжк*|стяжка пола"
"цена готовой бани под ключ","66","Омск","42","top","баня под ключ|готовая баня","assigned","commercial","high","signals","landing","B08","Что входит в баню под ключ","12","бан* под ключ|готов* бан* под ключ"
"баня на участок план","11318","Омская область","41","top","баня на участок","unassigned","unmapped","none","none","hold","","","",""
"бурение под скважины омск","11318","Омская область","41","top","бурение скважин","unassigned","unmapped","none","none","hold","","","",""
"бурение скважин каких","11318","Омская область","41","top","бурение скважин","unassigned","commercial","medium","commercial-head","landing","","","",""
"бурение скважины омск цена","11318","Омская область","41","top","бурение скважин","unassigned","commercial","high","signals","landing","","","",""
"бани в омске купить готовую цена омск","66","Омск","40","top","готовая баня","unassigned","commercial","high","signals","landing","","","",""
"бурение скважин под","66","Омск","40","top","бурение скважин","unassigned","commercial","medium","commercial-head","landing","","","",""
"бурение скважин под воду","11318","Омская область","40","top","бурение скважин","unassigned","commercial","medium","commercial-head","landing","","","",""
"готовая баня недорого","66","Омск","40","top","готовая баня","assigned","commercial","high","signals","landing","B01","Готовая баня как альтернатива долгой стройке","4","готов* бан*"
"готовые бани под ключ фото","11318","Омская область","40","top","баня под ключ|готовая баня","assigned","commercial","high","signals","landing","B08","Что входит в баню под ключ","12","бан* под ключ|готов* бан* под ключ"
"готовые бани под ключ фото цена","11318","Омская область","40","top","баня под ключ|готовая баня","assigned","commercial","high","signals","landing","B08","Что входит в баню под ключ","12","бан* под ключ|готов* бан* под ключ"
"купить баню под ключ недорого фото","11318","Омская область","40","top","баня под ключ","assigned","commercial","high","signals","landing","B01","Готовая баня как альтернатива долгой стройке","6","бан* под ключ"
"купить баню под ключ фото","11318","Омская область","40","top","баня под ключ","assigned","commercial","high","signals","landing","B01","Готовая баня как альтернатива долгой стройке","6","бан* под ключ"
"купить баню под ключ цена фото","11318","Омская область","40","top","баня под ключ","assigned","commercial","high","signals","landing","B01","Готовая баня как альтернатива долгой стройке","6","бан* под ключ"
"купить омске баню под ключ фото","11318","Омская область","40","top","баня под ключ","assigned","commercial","high","signals","landing","B01","Готовая баня как альтернатива долгой стройке","6","бан* под ключ"
"полусухая стяжка цена","66","Омск","40","top","полусухая стяжка","assigned","commercial","high","signals","landing","S01","Полусухая или мокрая стяжка","4","полусух* стяжк*"
"строительство бани на участке","66","Омск","40","top","баня на участок","assigned","commercial","medium","commercial-head","landing","B02","Готовая баня или строить на участке","8","строит* бан*|строительств* бан*"
"фото готовых бань","66","Омск","40","top","готовая баня","assigned","commercial","medium","commercial-head","landing","B01","Готовая баня как альтернатива долгой стройке","4","готов* бан*"
"баня бочка под ключ цена","66","Омск","39","top","баня под ключ","unassigned","commercial","high","signals","landing","","","",""
"бурение скважин в омске под ключ","11318","Омская область","39","top","бурение скважин","unassigned","commercial","high","signals","landing","","","",""
"мобильная баня купить","66","Омск","39","top","мобильная баня","assigned","commercial","high","signals","landing","B01","Готовая баня как альтернатива долгой стройке","4","мобильн* бан*"
"полусухая стяжка в омске","66","Омск","39","top","полусухая стяжка","assigned","commercial","medium","commercial-head","landing","S01","Полусухая или мокрая стяжка","4","полусух* стяжк*"
"полусухая стяжка сколько","11318","Омская область","39","top","полусухая стяжка","assigned","informational","medium","intent-tiebreak","guide","S01","Полусухая или мокрая стяжка","4","полусух* стяжк*"
"готовая баня цена фото","66","Омск","37","top","готовая баня","assigned","commercial","high","signals","landing","B01","Готовая баня как альтернатива долгой стройке","4","готов* бан*"
"бурение скважин на воду цена","11318","Омская область","36","top","бурение скважин","unassigned","commercial","medium","signals","landing","","","",""
"строительство каркасной бани","11318","Омская область","36","association|top","каркасная баня|фундамент под баню","assigned","commercial","medium","commercial-head","landing","B03","Квадро или каркасная баня","4","каркасн* бан*"
"бурение под скважину цена","11318","Омская область","35","top","бурение скважин","unassigned","commercial","medium","signals","landing","","","",""
"заливка полусухой стяжки","11318","Омская область","35","top","полусухая стяжка","assigned","commercial","medium","commercial-head","landing","S01","Полусухая или мокрая стяжка","4","полусух* стяжк*"
"полусухая стяжка теплый","11318","Омская область","35","top","полусухая стяжка","assigned","commercial","medium","commercial-head","landing","S01","Полусухая или мокрая стяжка","4","полусух* стяжк*"
"проект каркасной бани","11318","Омская область","35","top","каркасная баня","assigned","commercial","medium","commercial-head","landing","B03","Квадро или каркасная баня","4","каркасн* бан*"
"скважина бурение под ключ цена","11318","Омская область","35","top","бурение скважин","unassigned","commercial","high","signals","landing","","","",""
"заливка полусухой стяжки","66","Омск","34","top","полусухая стяжка","assigned","commercial","medium","commercial-head","landing","S01","Полусухая или мокрая стяжка","4","полусух* стяжк*"
"купить готовую баню под ключ","11318","Омская область","34","top","баня под ключ|готовая баня","assigned","commercial","high","signals","landing","B08","Что входит в баню под ключ","12","бан* под ключ|готов* бан* под ключ"
"формы бань на участке","11318","Омская область","34","top","баня на участок","unassigned","commercial","medium","commercial-head","landing","","","",""
"бани бочки под ключ омск","66","Омск","33","top","баня под ключ","unassigned","commercial","high","signals","landing","","","",""
"бани под ключ от производителя","11318","Омская область","33","top","баня под ключ","assigned","commercial","high","signals","landing","B01","Готовая баня как альтернатива долгой стройке","6","бан* под ключ"
"баня при въезде на участок","11318","Омская область","33","top","баня на участок","unassigned","unmapped","none","none","hold","","","",""
"баня с доставкой и установкой цена","66","Омск","33","top","доставка бани","assigned","commercial","high","signals","landing","B10","Стоимость доставки по Омску и области","6","бан* с доставк*"
"бурение скважин каких","66","Омск","33","top","бурение скважин","unassigned","commercial","medium","commercial-head","landing","","","",""
"бурение скважин на воду в омске","66","Омск","33","top","бурение скважин","unassigned","unmapped","none","none","hold","","","",""
"доставка бани цена","66","Омск","33","top","доставка бани","assigned","commercial","high","signals","landing","B10","Стоимость доставки по Омску и области","4","доставк* бан*"
"полусухая стяжка купить","11318","Омская область","33","top","полусухая стяжка","assigned","commercial","high","signals","landing","S01","Полусухая или мокрая стяжка","4","полусух* стяжк*"
"сколько стоит баня под ключ","11318","Омская область","33","top","баня под ключ","assigned","commercial","high","signals","landing","B01","Готовая баня как альтернатива долгой стройке","6","бан* под ключ"
"строительство каркасной бани","66","Омск","33","association|top","каркасная баня|фундамент под баню","assigned","commercial","medium","commercial-head","landing","B03","Квадро или каркасная баня","4","каркасн* бан*"
"бани под ключ недорого от производителя","11318","Омская область","32","top","баня под ключ","assigned","commercial","high","signals","landing","B01","Готовая баня как альтернатива долгой стройке","6","бан* под ключ"
"бурение скважин на воду под ключ","11318","Омская область","32","top","бурение скважин","unassigned","commercial","high","signals","landing","","","",""
"бурение скважин под ключ","66","Омск","32","top","бурение скважин","unassigned","commercial","high","signals","landing","","","",""
"бурение скважин скважина ключ","66","Омск","32","top","бурение скважин","unassigned","commercial","medium","commercial-head","landing","","","",""
"бурения скважины воду ключ","11318","Омская область","32","top","бурение скважин","unassigned","commercial","medium","commercial-head","landing","","","",""
"каркасный дом баня","66","Омск","32","top","каркасная баня","unassigned","unmapped","none","none","hold","","","",""
"каркасный дом баня","11318","Омская область","32","top","каркасная баня","unassigned","unmapped","none","none","hold","","","",""
"баня под ключ без посредников","11318","Омская область","31","top","баня под ключ","assigned","commercial","high","signals","landing","B01","Готовая баня как альтернатива долгой стройке","6","бан* под ключ"
"баня под ключ недорого без посредников","11318","Омская область","31","top","баня под ключ","assigned","commercial","high","signals","landing","B01","Готовая баня как альтернатива долгой стройке","6","бан* под ключ"
"бурение скважины на воду под ключ цена","11318","Омская область","31","top","бурение скважин","unassigned","commercial","high","signals","landing","","","",""
"каркасная баня 2 2","11318","Омская область","31","top","каркасная баня","assigned","commercial","medium","commercial-head","landing","B03","Квадро или каркасная баня","4","каркасн* бан*"
"каркасная баня купить","11318","Омская область","31","top","каркасная баня","assigned","commercial","high","signals","landing","B03","Квадро или каркасная баня","4","каркасн* бан*"
"куплю баню под ключ недорого без посредников","11318","Омская область","31","top","баня под ключ","assigned","commercial","high","signals","landing","B01","Готовая баня как альтернатива долгой стройке","6","бан* под ключ"
"лучшая полусухая стяжка","11318","Омская область","31","top","полусухая стяжка","assigned","commercial","medium","commercial-head","landing","S01","Полусухая или мокрая стяжка","4","полусух* стяжк*"
"построить баню на участке","11318","Омская область","31","top","баня на участок","unassigned","commercial","medium","commercial-head","landing","","","",""
"скважина после бурения","66","Омск","31","top","бурение скважин","unassigned","unmapped","none","none","hold","","","",""
"цена на бурение скважины под воду","11318","Омская область","31","top","бурение скважин","unassigned","commercial","medium","signals","landing","","","",""
"бурение под скважины омск","66","Омск","30","top","бурение скважин","unassigned","unmapped","none","none","hold","","","",""
"бурение скважины на воду цена омск","11318","Омская область","30","top","бурение скважин","unassigned","commercial","medium","signals","landing","","","",""
"каркасная баня пошаговая","66","Омск","30","top","каркасная баня","assigned","commercial","medium","commercial-head","landing","B03","Квадро или каркасная баня","4","каркасн* бан*"
"каркасная баня своими руками пошаговая","66","Омск","30","top","каркасная баня","assigned","informational","high","signals","guide","B03","Квадро или каркасная баня","4","каркасн* бан*"
"кедровая баня омск демьяна","11318","Омская область","30","top","кедровая баня","assigned","commercial","medium","commercial-head","landing","B20","Кедр против сосны и ели","4","кедров* бан*"
"купить мобильную баню в омске","66","Омск","30","top","мобильная баня","assigned","commercial","medium","signals","landing","B01","Готовая баня как альтернатива долгой стройке","4","мобильн* бан*"
"модульная баня под ключ","66","Омск","30","top","баня под ключ","assigned","commercial","high","signals","landing","B01","Готовая баня как альтернатива долгой стройке","6","бан* под ключ"
"омск бурение скважин под ключ цена","11318","Омская область","30","top","бурение скважин","unassigned","commercial","high","signals","landing","","","",""
"полусухая цементная стяжка","66","Омск","30","top","полусухая стяжка","unassigned","unmapped","none","none","hold","","","",""
"полусухая цементная стяжка","11318","Омская область","30","top","полусухая стяжка","unassigned","unmapped","none","none","hold","","","",""
"расстояние бани на участке","11318","Омская область","30","top","баня на участок","unassigned","commercial","medium","commercial-head","landing","","","",""
"баня готовая под ключ с доставкой","11318","Омская область","29","top","баня под ключ|готовая баня|доставка бани","unassigned","commercial","high","signals","landing","","","",""
"бурение скважин в омске под ключ","66","Омск","29","top","бурение скважин","unassigned","commercial","high","signals","landing","","","",""
"готовый баня сколько","11318","Омская область","29","top","готовая баня","assigned","commercial","medium","intent-tiebreak","landing","B01","Готовая баня как альтернатива долгой стройке","4","готов* бан*"
"каркасная баня купить омск","11318","Омская область","29","top","каркасная баня","assigned","commercial","high","signals","landing","B03","Квадро или каркасная баня","4","каркасн* бан*"
"каркасная баня на сваях","11318","Омская область","29","top","каркасная баня","assigned","commercial","medium","commercial-head","landing","B14","Фундамент для мобильной или готовой бани","6","бан* на сва*"
"кедровая баня омск демьяна","66","Омск","29","top","кедровая баня","assigned","commercial","medium","commercial-head","landing","B20","Кедр против сосны и ели","4","кедров* бан*"
"бани купить готовые недорогие","66","Омск","28","top","готовая баня","unassigned","commercial","high","signals","landing","","","",""
"баня из бруса под ключ","11318","Омская область","28","top","баня под ключ","unassigned","commercial","high","signals","landing","","","",""
"баня с доставкой под ключ цена","66","Омск","28","top","баня под ключ|доставка бани","assigned","commercial","high","signals","landing","B10","Стоимость доставки по Омску и области","6","бан* с доставк*"
"готовые бани с доставкой и установкой","11318","Омская область","28","top","готовая баня|доставка бани","assigned","commercial","medium","signals","landing","B10","Стоимость доставки по Омску и области","6","бан* с доставк*"
"готовые бани установкой","11318","Омская область","28","top","готовая баня","assigned","commercial","medium","commercial-head","landing","B01","Готовая баня как альтернатива долгой стройке","4","готов* бан*"
"заливка пола полусухой стяжкой","66","Омск","28","top","полусухая стяжка","assigned","commercial","medium","commercial-head","landing","S01","Полусухая или мокрая стяжка","4","полусух* стяжк*"
"заливка пола полусухой стяжкой","11318","Омская область","28","top","полусухая стяжка","assigned","commercial","medium","commercial-head","landing","S01","Полусухая или мокрая стяжка","4","полусух* стяжк*"
"каркасная баня 3 3","11318","Омская область","28","top","каркасная баня","assigned","commercial","medium","commercial-head","landing","B03","Квадро или каркасная баня","4","каркасн* бан*"
"каркасная баня купить","66","Омск","28","top","каркасная баня","assigned","commercial","high","signals","landing","B03","Квадро или каркасная баня","4","каркасн* бан*"
"лучшая полусухая стяжка","66","Омск","28","top","полусухая стяжка","assigned","commercial","medium","commercial-head","landing","S01","Полусухая или мокрая стяжка","4","полусух* стяжк*"
"модульная баня под ключ цена","11318","Омская область","28","top","баня под ключ","assigned","commercial","high","signals","landing","B01","Готовая баня как альтернатива долгой стройке","6","бан* под ключ"
"полусухая стяжка пола цена","11318","Омская область","28","top","полусухая стяжка","assigned","commercial","high","signals","landing","S01","Полусухая или мокрая стяжка","8","полусух* стяжк*|стяжка пола"
"полусухая стяжка теплый","66","Омск","28","top","полусухая стяжка","assigned","commercial","medium","commercial-head","landing","S01","Полусухая или мокрая стяжка","4","полусух* стяжк*"
"теплая каркасная баня","11318","Омская область","28","top","каркасная баня","assigned","commercial","medium","commercial-head","landing","B03","Квадро или каркасная баня","4","каркасн* бан*"
"установка бани под ключ цена","66","Омск","28","top","баня под ключ","assigned","commercial","high","signals","landing","B01","Готовая баня как альтернатива долгой стройке","6","бан* под ключ"
"аппарат полусухой стяжки","66","Омск","27","top","полусухая стяжка","assigned","commercial","medium","commercial-head","landing","S01","Полусухая или мокрая стяжка","4","полусух* стяжк*"
"аппарат полусухой стяжки","11318","Омская область","27","top","полусухая стяжка","assigned","commercial","medium","commercial-head","landing","S01","Полусухая или мокрая стяжка","4","полусух* стяжк*"
"бани под ключ от производителя цена","11318","Омская область","27","top","баня под ключ","assigned","commercial","high","signals","landing","B01","Готовая баня как альтернатива долгой стройке","6","бан* под ключ"
"бурение скважин цена","66","Омск","27","top","бурение скважин","assigned","commercial","high","signals","landing","D04","Глубина скважины и итоговая стоимость","6","бурен* скважин* цен*"
"готовые бани в омске цены и фото","66","Омск","27","top","готовая баня","assigned","commercial","medium","signals","landing","B01","Готовая баня как альтернатива долгой стройке","4","готов* бан*"
"полусухая стяжка пола своими руками","11318","Омская область","27","top","полусухая стяжка","assigned","informational","high","signals","guide","S01","Полусухая или мокрая стяжка","8","полусух* стяжк*|стяжка пола"
"полусухая стяжка после заливки","66","Омск","27","top","полусухая стяжка","assigned","commercial","medium","commercial-head","landing","S01","Полусухая или мокрая стяжка","4","полусух* стяжк*"
"полусухая стяжка после заливки","11318","Омская область","27","top","полусухая стяжка","assigned","commercial","medium","commercial-head","landing","S01","Полусухая или мокрая стяжка","4","полусух* стяжк*"
"стены каркасной бани","66","Омск","27","top","каркасная баня","assigned","commercial","medium","commercial-head","landing","B03","Квадро или каркасная баня","4","каркасн* бан*"
"бурение абиссинской скважины","66","Омск","26","top","бурение скважин","unassigned","unmapped","none","none","hold","","","",""
"бурение абиссинской скважины","11318","Омская область","26","top","бурение скважин","unassigned","unmapped","none","none","hold","","","",""
"каркасная баня купить омск","66","Омск","26","top","каркасная баня","assigned","commercial","high","signals","landing","B03","Квадро или каркасная баня","4","каркасн* бан*"
"каркасная модульная баня","66","Омск","26","top","каркасная баня","unassigned","unmapped","none","none","hold","","","",""
"каркасная модульная баня","11318","Омская область","26","top","каркасная баня","unassigned","unmapped","none","none","hold","","","",""
"омск строительство бань под ключ","66","Омск","26","top","баня под ключ","assigned","commercial","high","signals","landing","B02","Готовая баня или строить на участке","14","строит* бан*|строительств* бан*|бан* под ключ"
"омск строительство бань под ключ","11318","Омская область","26","top","баня под ключ","assigned","commercial","high","signals","landing","B02","Готовая баня или строить на участке","14","строит* бан*|строительств* бан*|бан* под ключ"
"полусухая стяжка купить","66","Омск","26","top","полусухая стяжка","assigned","commercial","high","signals","landing","S01","Полусухая или мокрая стяжка","4","полусух* стяжк*"
"полусухая стяжка своими руками","66","Омск","26","top","полусухая стяжка","assigned","informational","medium","signals","guide","S01","Полусухая или мокрая стяжка","4","полусух* стяжк*"
"полусухая стяжка сколько","66","Омск","26","top","полусухая стяжка","assigned","informational","medium","intent-tiebreak","guide","S01","Полусухая или мокрая стяжка","4","полусух* стяжк*"
"пролив полусухой стяжки","11318","Омская область","26","top","полусухая стяжка","assigned","commercial","medium","commercial-head","landing","S01","Полусухая или мокрая стяжка","4","полусух* стяжк*"
"сколько бурение скважин","11318","Омская область","26","top","бурение скважин","unassigned","commercial","low","signals-tie","landing","","","",""
"инструкция каркасной бани","66","Омск","25","top","каркасная баня","assigned","commercial","medium","commercial-head","landing","B03","Квадро или каркасная баня","4","каркасн* бан*"
"как сделать полусухую стяжку","11318","Омская область","25","top","полусухая стяжка","assigned","informational","medium","intent-tiebreak","guide","S01","Полусухая или мокрая стяжка","4","полусух* стяжк*"
"каркасная баня пошаговая инструкция","66","Омск","25","top","каркасная баня","assigned","commercial","medium","commercial-head","landing","B03","Квадро или каркасная баня","4","каркасн* бан*"
"каркасная баня своими руками пошаговая инструкция","66","Омск","25","top","каркасная баня","assigned","informational","high","signals","guide","B03","Квадро или каркасная баня","4","каркасн* бан*"
"купить готовую баню под ключ в омске","11318","Омская область","25","top","баня под ключ|готовая баня","assigned","commercial","high","signals","landing","B08","Что входит в баню под ключ","12","бан* под ключ|готов* бан* под ключ"
"полусухая стяжка пола цена","66","Омск","25","top","полусухая стяжка","assigned","commercial","high","signals","landing","S01","Полусухая или мокрая стяжка","8","полусух* стяжк*|стяжка пола"
"пролив полусухой стяжки","66","Омск","25","top","полусухая стяжка","assigned","commercial","medium","commercial-head","landing","S01","Полусухая или мокрая стяжка","4","полусух* стяжк*"
"стоим каркасную баню","11318","Омская область","25","top","каркасная баня","assigned","commercial","medium","commercial-head","landing","B03","Квадро или каркасная баня","4","каркасн* бан*"
"строительство бани под ключ цена","11318","Омская область","25","top","баня под ключ","assigned","commercial","high","signals","landing","B02","Готовая баня или строить на участке","14","строит* бан*|строительств* бан*|бан* под ключ"
"баня бочка под ключ цена в омске","66","Омск","24","top","баня под ключ","unassigned","commercial","high","signals","landing","","","",""
"баня на земельном участке","11318","Омская область","24","top","баня на участок","unassigned","unmapped","none","none","hold","","","",""
"готовая баня под ключ недорого цена","66","Омск","24","top","баня под ключ|готовая баня","assigned","commercial","high","signals","landing","B08","Что входит в баню под ключ","12","бан* под ключ|готов* бан* под ключ"
"готовые бани недорого цены","66","Омск","24","top","готовая баня","assigned","commercial","high","signals","landing","B01","Готовая баня как альтернатива долгой стройке","4","готов* бан*"
"готовые бани под ключ недорого","66","Омск","24","top","баня под ключ|готовая баня","assigned","commercial","high","signals","landing","B08","Что входит в баню под ключ","12","бан* под ключ|готов* бан* под ключ"
"каркасный модульный дом баня","66","Омск","24","top","каркасная баня","unassigned","unmapped","none","none","hold","","","",""
"каркасный модульный дом баня","11318","Омская область","24","top","каркасная баня","unassigned","unmapped","none","none","hold","","","",""
"купить дом баня каркасная","66","Омск","24","top","каркасная баня","unassigned","commercial","medium","signals","landing","","","",""
"купить дом баня каркасная","11318","Омская область","24","top","каркасная баня","unassigned","commercial","medium","signals","landing","","","",""
"модульные бани под ключ омск","11318","Омская область","24","top","баня под ключ","assigned","commercial","high","signals","landing","B01","Готовая баня как альтернатива долгой стройке","6","бан* под ключ"
"модульные каркасные бани купить","66","Омск","24","top","каркасная баня","assigned","commercial","high","signals","landing","B03","Квадро или каркасная баня","4","каркасн* бан*"
"модульные каркасные бани купить","11318","Омская область","24","top","каркасная баня","assigned","commercial","high","signals","landing","B03","Квадро или каркасная баня","4","каркасн* бан*"
"модульный каркасный дом баню купить в омске","66","Омск","24","top","каркасная баня","unassigned","commercial","medium","signals","landing","","","",""
"модульный каркасный дом баню купить в омске","11318","Омская область","24","top","каркасная баня","unassigned","commercial","medium","signals","landing","","","",""
"парилка в каркасной бане","66","Омск","24","top","каркасная баня","assigned","commercial","medium","commercial-head","landing","B03","Квадро или каркасная баня","4","каркасн* бан*"
"парилка в каркасной бане","11318","Омская область","24","top","каркасная баня","assigned","commercial","medium","commercial-head","landing","B03","Квадро или каркасная баня","4","каркасн* бан*"
"пол после полусухой стяжки","11318","Омская область","24","top","полусухая стяжка","assigned","commercial","medium","commercial-head","landing","S01","Полусухая или мокрая стяжка","4","полусух* стяжк*"
"постройка бани на участке","11318","Омская область","24","top","баня на участок","unassigned","commercial","medium","commercial-head","landing","","","",""
"проект каркасной бани","66","Омск","24","top","каркасная баня","assigned","commercial","medium","commercial-head","landing","B03","Квадро или каркасная баня","4","каркасн* бан*"
"адрес мобильные бани","66","Омск","23","top","мобильная баня","assigned","commercial","medium","commercial-head","landing","B01","Готовая баня как альтернатива долгой стройке","4","мобильн* бан*"
"адрес мобильные бани","11318","Омская область","23","top","мобильная баня","assigned","commercial","medium","commercial-head","landing","B01","Готовая баня как альтернатива долгой стройке","4","мобильн* бан*"
"бани омск купить готовые недорого","66","Омск","23","top","готовая баня","unassigned","commercial","high","signals","landing","","","",""
"бурение скважины омск цена","66","Омск","23","top","бурение скважин","unassigned","commercial","high","signals","landing","","","",""
"готовые бани 3 3","11318","Омская область","23","top","готовая баня","assigned","commercial","medium","commercial-head","landing","B01","Готовая баня как альтернатива долгой стройке","4","готов* бан*"
"готовые бани под установку","11318","Омская область","23","top","готовая баня","assigned","commercial","medium","commercial-head","landing","B01","Готовая баня как альтернатива долгой стройке","4","готов* бан*"
"дом гараж баня на участке","11318","Омская область","23","top","баня на участок","unassigned","unmapped","none","none","hold","","","",""
"каркасная баня отзывы","11318","Омская область","23","top","каркасная баня","assigned","commercial","medium","commercial-head","landing","B03","Квадро или каркасная баня","4","каркасн* бан*"
"мобильные бани цена","11318","Омская область","23","top","мобильная баня","assigned","commercial","high","signals","landing","B01","Готовая баня как альтернатива долгой стройке","4","мобильн* бан*"
"модульная баня под ключ цена омск","11318","Омская область","23","top","баня под ключ","assigned","commercial","high","signals","landing","B01","Готовая баня как альтернатива долгой стройке","6","бан* под ключ"
"строим баню на участке","11318","Омская область","23","top","баня на участок","unassigned","commercial","medium","commercial-head","landing","","","",""
"баня готовая под ключ с доставкой","66","Омск","22","top","баня под ключ|готовая баня|доставка бани","unassigned","commercial","high","signals","landing","","","",""
"баня под ключ область","11318","Омская область","22","top","баня под ключ","assigned","commercial","high","signals","landing","B01","Готовая баня как альтернатива долгой стройке","6","бан* под ключ"
"бурение скважин под воду","66","Омск","22","top","бурение скважин","unassigned","commercial","medium","commercial-head","landing","","","",""
"бурение скважины своими руками","11318","Омская область","22","top","бурение скважин","unassigned","informational","medium","signals","guide","","","",""
"гараж баня на участке","66","Омск","22","top","баня на участок","unassigned","commercial","medium","commercial-head","landing","","","",""
"глубина бурения скважин","11318","Омская область","22","top","бурение скважин","unassigned","commercial","medium","commercial-head","landing","","","",""
"готовые бани с доставкой и установкой","66","Омск","22","top","готовая баня|доставка бани","assigned","commercial","medium","signals","landing","B10","Стоимость доставки по Омску и области","6","бан* с доставк*"
"готовые бани установкой","66","Омск","22","top","готовая баня","assigned","commercial","medium","commercial-head","landing","B01","Готовая баня как альтернатива долгой стройке","4","готов* бан*"
"каркасная баня 3 3","66","Омск","22","top","каркасная баня","assigned","commercial","medium","commercial-head","landing","B03","Квадро или каркасная баня","4","каркасн* бан*"
"каркасные перегородки в бане","11318","Омская область","22","top","каркасная баня","unassigned","unmapped","none","none","hold","","","",""
"купить готовую баню под ключ","66","Омск","22","top","баня под ключ|готовая баня","assigned","commercial","high","signals","landing","B08","Что входит в баню под ключ","12","бан* под ключ|готов* бан* под ключ"
"лучшая каркасная баня","11318","Омская область","22","top","каркасная баня","assigned","commercial","medium","commercial-head","landing","B03","Квадро или каркасная баня","4","каркасн* бан*"
"пол после полусухой стяжки","66","Омск","22","top","полусухая стяжка","assigned","commercial","medium","commercial-head","landing","S01","Полусухая или мокрая стяжка","4","полусух* стяжк*"
"полусухая стяжка крыши","66","Омск","22","top","полусухая стяжка","assigned","commercial","medium","commercial-head","landing","S01","Полусухая или мокрая стяжка","4","полусух* стяжк*"
"полусухая стяжка крыши","11318","Омская область","22","top","полусухая стяжка","assigned","commercial","medium","commercial-head","landing","S01","Полусухая или мокрая стяжка","4","полусух* стяжк*"
"полусухая стяжка на плоской крыше","66","Омск","22","top","полусухая стяжка","assigned","informational","low","intent-default","guide","S01","Полусухая или мокрая стяжка","4","полусух* стяжк*"
"полусухая стяжка на плоской крыше","11318","Омская область","22","top","полусухая стяжка","assigned","informational","low","intent-default","guide","S01","Полусухая или мокрая стяжка","4","полусух* стяжк*"
"строительство бани под ключ цена","66","Омск","22","top","баня под ключ","assigned","commercial","high","signals","landing","B02","Готовая баня или строить на участке","14","строит* бан*|строительств* бан*|бан* под ключ"
"бани недорогие готовые под ключ омск","66","Омск","21","top","баня под ключ|готовая баня","unassigned","commercial","high","signals","landing","","","",""
"баня из бруса под ключ","66","Омск","21","top","баня под ключ","unassigned","commercial","high","signals","landing","","","",""
"баня под ключ в тюмени","11318","Омская область","21","top","баня под ключ","assigned","commercial","high","signals","landing","B01","Готовая баня как альтернатива долгой стройке","6","бан* под ключ"
"бурение под скважину цена","66","Омск","21","top","бурение скважин","unassigned","commercial","medium","signals","landing","","","",""
"бурение скважин на воду цена","66","Омск","21","top","бурение скважин","unassigned","commercial","medium","signals","landing","","","",""
"дешевые готовые бани","11318","Омская область","21","top","готовая баня","assigned","commercial","medium","commercial-head","landing","B01","Готовая баня как альтернатива долгой стройке","4","готов* бан*"
"какой фундамент под баню","11318","Омская область","21","top","фундамент под баню","assigned","informational","high","signals","guide","B14","Фундамент для мобильной или готовой бани","6","фундамент под бан*"
"каркасная баня стоит ли","11318","Омская область","21","top","каркасная баня","assigned","commercial","high","signals","landing","B03","Квадро или каркасная баня","4","каркасн* бан*"
"кедровая баня на демьяна бедного","66","Омск","21","top","кедровая баня","assigned","informational","low","intent-default","guide","B20","Кедр против сосны и ели","4","кедров* бан*"
"кедровая баня на демьяна бедного","11318","Омская область","21","top","кедровая баня","assigned","informational","low","intent-default","guide","B20","Кедр против сосны и ели","4","кедров* бан*"
"кедровый парк бани","66","Омск","21","top","кедровая баня","unassigned","unmapped","none","none","hold","","","",""
"кедровый парк бани","11318","Омская область","21","top","кедровая баня","unassigned","unmapped","none","none","hold","","","",""
"ленточный фундамент под баню","11318","Омская область","21","top","фундамент под баню","assigned","informational","low","intent-default","guide","B14","Фундамент для мобильной или готовой бани","6","фундамент под бан*"
"полусухая стяжка пола на керамзит","66","Омск","21","top","полусухая стяжка","assigned","informational","low","intent-default","guide","S01","Полусухая или мокрая стяжка","8","полусух* стяжк*|стяжка пола"
"полусухая стяжка пола после заливки","66","Омск","21","top","полусухая стяжка","assigned","informational","low","intent-default","guide","S01","Полусухая или мокрая стяжка","8","полусух* стяжк*|стяжка пола"
"полусухая стяжка пола после заливки","11318","Омская область","21","top","полусухая стяжка","assigned","informational","low","intent-default","guide","S01","Полусухая или мокрая стяжка","8","полусух* стяжк*|стяжка пола"
"полусухая стяжка пола своими руками","66","Омск","21","top","полусухая стяжка","assigned","informational","high","signals","guide","S01","Полусухая или мокрая стяжка","8","полусух* стяжк*|стяжка пола"
"полусухая стяжка швы","11318","Омская область","21","top","полусухая стяжка","assigned","commercial","medium","commercial-head","landing","S01","Полусухая или мокрая стяжка","4","полусух* стяжк*"
"построить баню на участке","66","Омск","21","top","баня на участок","unassigned","commercial","medium","commercial-head","landing","","","",""
"скважина бурение под ключ цена","66","Омск","21","top","бурение скважин","unassigned","commercial","high","signals","landing","","","",""
"сколько стоит готовая баня","11318","Омская область","21","top","готовая баня","assigned","commercial","high","signals","landing","B01","Готовая баня как альтернатива долгой стройке","4","готов* бан*"
"станция для полусухой стяжки","11318","Омская область","21","top","полусухая стяжка","assigned","commercial","medium","commercial-head","landing","S01","Полусухая или мокрая стяжка","4","полусух* стяжк*"
"строительство бани на дачном участке","11318","Омская область","21","top","баня на участок","assigned","informational","low","intent-default","guide","B02","Готовая баня или строить на участке","8","строит* бан*|строительств* бан*"
"теплый пол в каркасной бане","11318","Омская область","21","top","каркасная баня","assigned","informational","low","intent-default","guide","B03","Квадро или каркасная баня","4","каркасн* бан*"
"установка бань под ключ фото","11318","Омская область","21","top","баня под ключ","assigned","commercial","high","signals","landing","B01","Готовая баня как альтернатива долгой стройке","6","бан* под ключ"
"бани под ключ баничева","66","Омск","20","top","баня под ключ","assigned","commercial","high","signals","landing","B01","Готовая баня как альтернатива долгой стройке","6","бан* под ключ"
"бани под ключ баничева","11318","Омская область","20","top","баня под ключ","assigned","commercial","high","signals","landing","B01","Готовая баня как альтернатива долгой стройке","6","бан* под ключ"
"бурение скважин на воду под ключ","66","Омск","20","top","бурение скважин","unassigned","commercial","high","signals","landing","","","",""
"бурение скважины на воду под ключ цена","66","Омск","20","top","бурение скважин","unassigned","commercial","high","signals","landing","","","",""
"бурение скважины на воду цена омск","66","Омск","20","top","бурение скважин","unassigned","commercial","medium","signals","landing","","","",""
"бурения скважины воду ключ","66","Омск","20","top","бурение скважин","unassigned","commercial","medium","commercial-head","landing","","","",""
"готовая баня 3 3 цена омск","11318","Омская область","20","top","готовая баня","assigned","commercial","medium","signals","landing","B01","Готовая баня как альтернатива долгой стройке","4","готов* бан*"
"делают ли каркасные бани","11318","Омская область","20","top","каркасная баня","assigned","commercial","medium","commercial-head","landing","B03","Квадро или каркасная баня","4","каркасн* бан*"
"диаметр бурения скважин","66","Омск","20","top","бурение скважин","unassigned","commercial","medium","commercial-head","landing","","","",""
"диаметр бурения скважин","11318","Омская область","20","top","бурение скважин","unassigned","commercial","medium","commercial-head","landing","","","",""
"каркасная баня отзывы","66","Омск","20","top","каркасная баня","assigned","commercial","medium","commercial-head","landing","B03","Квадро или каркасная баня","4","каркасн* бан*"
"каркасная баня фото","11318","Омская область","20","top","каркасная баня","assigned","commercial","medium","commercial-head","landing","B03","Квадро или каркасная баня","4","каркасн* бан*"
"кедровая баня на демьяна бедного омск","66","Омск","20","top","кедровая баня","assigned","informational","low","intent-default","guide","B20","Кедр против сосны и ели","4","кедров* бан*"
"кедровая баня на демьяна бедного омск","11318","Омская область","20","top","кедровая баня","assigned","informational","low","intent-default","guide","B20","Кедр против сосны и ели","4","кедров* бан*"
"мобильные бани адреса омск","66","Омск","20","top","мобильная баня","assigned","commercial","medium","commercial-head","landing","B01","Готовая баня как альтернатива долгой стройке","4","мобильн* бан*"
"мобильные бани адреса омск","11318","Омская область","20","top","мобильная баня","assigned","commercial","medium","commercial-head","landing","B01","Готовая баня как альтернатива долгой стройке","4","мобильн* бан*"
"омск бурение скважин под ключ цена","66","Омск","20","top","бурение скважин","unassigned","commercial","high","signals","landing","","","",""
"полусухая стяжка пола омск цена","11318","Омская область","20","top","полусухая стяжка","assigned","commercial","medium","signals","landing","S01","Полусухая или мокрая стяжка","8","полусух* стяжк*|стяжка пола"
"скважины бурение область","11318","Омская область","20","top","бурение скважин","unassigned","unmapped","none","none","hold","","","",""
"стоит ли делать каркасную баню","11318","Омская область","20","top","каркасная баня","assigned","commercial","high","signals","landing","B03","Квадро или каркасная баня","4","каркасн* бан*"
"строительство бань в омске под ключ цены","66","Омск","20","top","баня под ключ","assigned","commercial","high","signals","landing","B02","Готовая баня или строить на участке","8","строит* бан*|строительств* бан*"
"строительство бань в омске под ключ цены","11318","Омская область","20","top","баня под ключ","assigned","commercial","high","signals","landing","B02","Готовая баня или строить на участке","8","строит* бан*|строительств* бан*"
"цена на бурение скважины под воду","66","Омск","20","top","бурение скважин","unassigned","commercial","medium","signals","landing","","","",""
"авито готовые бани","11318","Омская область","19","top","готовая баня","assigned","commercial","medium","commercial-head","landing","B01","Готовая баня как альтернатива долгой стройке","4","готов* бан*"
"баня бочка под ключ фото","11318","Омская область","19","top","баня под ключ","unassigned","commercial","high","signals","landing","","","",""
"баня бочка под ключ цена фото","11318","Омская область","19","top","баня под ключ","unassigned","commercial","high","signals","landing","","","",""
"баня на дачу под ключ","66","Омск","19","top","баня под ключ","unassigned","commercial","high","signals","landing","","","",""
"баня на дачу под ключ","11318","Омская область","19","top","баня под ключ","unassigned","commercial","high","signals","landing","","","",""
"глубина бурения скважин","66","Омск","19","top","бурение скважин","unassigned","commercial","medium","commercial-head","landing","","","",""
"долото для бурения скважин","66","Омск","19","top","бурение скважин","unassigned","commercial","medium","commercial-head","landing","","","",""
"долото для бурения скважин","11318","Омская область","19","top","бурение скважин","unassigned","commercial","medium","commercial-head","landing","","","",""
"дом с баней на участке","11318","Омская область","19","top","баня на участок","unassigned","unmapped","none","none","hold","","","",""
"каркасная баня 2 2","66","Омск","19","top","каркасная баня","assigned","commercial","medium","commercial-head","landing","B03","Квадро или каркасная баня","4","каркасн* бан*"
"каркасные бани под","11318","Омская область","19","top","каркасная баня","assigned","commercial","medium","commercial-head","landing","B03","Квадро или каркасная баня","4","каркасн* бан*"
"купить готовые бани под ключ цена","11318","Омская область","19","top","баня под ключ|готовая баня","assigned","commercial","high","signals","landing","B08","Что входит в баню под ключ","12","бан* под ключ|готов* бан* под ключ"
"мобильные бани цена","66","Омск","19","top","мобильная баня","assigned","commercial","high","signals","landing","B01","Готовая баня как альтернатива долгой стройке","4","мобильн* бан*"
"строительство бани на дачном участке","66","Омск","19","top","баня на участок","assigned","informational","low","intent-default","guide","B02","Готовая баня или строить на участке","8","строит* бан*|строительств* бан*"
"бани под ключ от производителя","66","Омск","18","top","баня под ключ","assigned","commercial","high","signals","landing","B01","Готовая баня как альтернатива долгой стройке","6","бан* под ключ"
"баня на участке снт","11318","Омская область","18","top","баня на участок","unassigned","commercial","medium","commercial-head","landing","","","",""
"баня под ключ в тюмени","66","Омск","18","top","баня под ключ","assigned","commercial","high","signals","landing","B01","Готовая баня как альтернатива долгой стройке","6","бан* под ключ"
"бурение скважин купить","66","Омск","18","top","бурение скважин","unassigned","commercial","high","signals","landing","","","",""
"бурение скважин купить","11318","Омская область","18","top","бурение скважин","unassigned","commercial","high","signals","landing","","","",""
"залив фундамента под баню","66","Омск","18","top","фундамент под баню","unassigned","unmapped","none","none","hold","","","",""
"залив фундамента под баню","11318","Омская область","18","top","фундамент под баню","unassigned","unmapped","none","none","hold","","","",""
"заливка пола в квартире полусухой стяжкой","66","Омск","18","top","полусухая стяжка","assigned","informational","low","intent-default","guide","S01","Полусухая или мокрая стяжка","4","полусух* стяжк*"
"заливка пола в квартире полусухой стяжкой","11318","Омская область","18","top","полусухая стяжка","assigned","informational","low","intent-default","guide","S01","Полусухая или мокрая стяжка","4","полусух* стяжк*"
"заливка полусухой стяжки в квартире","66","Омск","18","top","полусухая стяжка","assigned","informational","low","intent-default","guide","S01","Полусухая или мокрая стяжка","4","полусух* стяжк*"
"заливка полусухой стяжки в квартире","11318","Омская область","18","top","полусухая стяжка","assigned","informational","low","intent-default","guide","S01","Полусухая или мокрая стяжка","4","полусух* стяжк*"
"как построить каркасную баню","11318","Омская область","18","top","каркасная баня","assigned","informational","medium","intent-tiebreak","guide","B03","Квадро или каркасная баня","4","каркасн* бан*"
"как сделать полусухую стяжку","66","Омск","18","top","полусухая стяжка","assigned","informational","medium","intent-tiebreak","guide","S01","Полусухая или мокрая стяжка","4","полусух* стяжк*"
"каркасная баня 2.5 на 2.5","11318","Омская область","18","top","каркасная баня","assigned","informational","low","intent-default","guide","B03","Квадро или каркасная баня","4","каркасн* бан*"
"каркасная баня отзывы владельцев","11318","Омская область","18","top","каркасная баня","assigned","commercial","medium","commercial-head","landing","B03","Квадро или каркасная баня","4","каркасн* бан*"
"каркасная баня своими руками пошаговые фото","11318","Омская область","18","top","каркасная баня","assigned","informational","high","signals","guide","B03","Квадро или каркасная баня","4","каркасн* бан*"
"каркасная баня своими руками фото","11318","Омская область","18","top","каркасная баня","assigned","informational","high","signals","guide","B03","Квадро или каркасная баня","4","каркасн* бан*"
"каркасная баня фото пошаговое","11318","Омская область","18","top","каркасная баня","assigned","commercial","medium","commercial-head","landing","B03","Квадро или каркасная баня","4","каркасн* бан*"
"купить баню под ключ недорого фото","66","Омск","18","top","баня под ключ","assigned","commercial","high","signals","landing","B01","Готовая баня как альтернатива долгой стройке","6","бан* под ключ"
"купить баню под ключ фото","66","Омск","18","top","баня под ключ","assigned","commercial","high","signals","landing","B01","Готовая баня как альтернатива долгой стройке","6","бан* под ключ"
"купить баню под ключ цена фото","66","Омск","18","top","баня под ключ","assigned","commercial","high","signals","landing","B01","Готовая баня как альтернатива долгой стройке","6","бан* под ключ"
"купить омске баню под ключ фото","66","Омск","18","top","баня под ключ","assigned","commercial","high","signals","landing","B01","Готовая баня как альтернатива долгой стройке","6","бан* под ключ"
"расстояние бани на участке","66","Омск","18","top","баня на участок","unassigned","commercial","medium","commercial-head","landing","","","",""
"схема каркасной бани","11318","Омская область","18","top","каркасная баня","assigned","commercial","medium","commercial-head","landing","B03","Квадро или каркасная баня","4","каркасн* бан*"
"утеплитель для каркасной бани","11318","Омская область","18","top","каркасная баня","assigned","commercial","medium","commercial-head","landing","B03","Квадро или каркасная баня","4","каркасн* бан*"
"бани 2 3 каркасные","11318","Омская область","17","top","каркасная баня","unassigned","unmapped","none","none","hold","","","",""
"бани под ключ недорого от производителя","66","Омск","17","top","баня под ключ","assigned","commercial","high","signals","landing","B01","Готовая баня как альтернатива долгой стройке","6","бан* под ключ"
"баня на земельном участке","66","Омск","17","top","баня на участок","unassigned","unmapped","none","none","hold","","","",""
"баня под ключ от производителей купить","11318","Омская область","17","top","баня под ключ","assigned","commercial","high","signals","landing","B01","Готовая баня как альтернатива долгой стройке","6","бан* под ключ"
"бурение скважин видео","11318","Омская область","17","top","бурение скважин","unassigned","commercial","medium","commercial-head","landing","","","",""
"бурение скважин омская область","11318","Омская область","17","top","бурение скважин","unassigned","commercial","medium","commercial-head","landing","","","",""
"готовые бани от производителя","11318","Омская область","17","top","готовая баня","assigned","commercial","high","signals","landing","B01","Готовая баня как альтернатива долгой стройке","4","готов* бан*"
"готовые бани от производителя и цены","11318","Омская область","17","top","готовая баня","assigned","commercial","high","signals","landing","B01","Готовая баня как альтернатива долгой стройке","4","готов* бан*"
"готовые бани под ключ от производителя","11318","Омская область","17","top","баня под ключ|готовая баня","assigned","commercial","high","signals","landing","B08","Что входит в баню под ключ","12","бан* под ключ|готов* бан* под ключ"
"готовые бани под ключ фото","66","Омск","17","top","баня под ключ|готовая баня","assigned","commercial","high","signals","landing","B08","Что входит в баню под ключ","12","бан* под ключ|готов* бан* под ключ"
"готовые бани под ключ фото цена","66","Омск","17","top","баня под ключ|готовая баня","assigned","commercial","high","signals","landing","B08","Что входит в баню под ключ","12","бан* под ключ|готов* бан* под ключ"
"каркасная баня материал","11318","Омская область","17","top","каркасная баня","assigned","commercial","medium","commercial-head","landing","B03","Квадро или каркасная баня","4","каркасн* бан*"
"каркасная баня отзывы владельцев","66","Омск","17","top","каркасная баня","assigned","commercial","medium","commercial-head","landing","B03","Квадро или каркасная баня","4","каркасн* бан*"
"каркасная баня толщина","11318","Омская область","17","top","каркасная баня","assigned","commercial","medium","commercial-head","landing","B03","Квадро или каркасная баня","4","каркасн* бан*"
"купить готовую баню под ключ недорого","11318","Омская область","17","top","баня под ключ|готовая баня","assigned","commercial","high","signals","landing","B08","Что входит в баню под ключ","12","бан* под ключ|готов* бан* под ключ"
"модульная баня под ключ цена","66","Омск","17","top","баня под ключ","assigned","commercial","high","signals","landing","B01","Готовая баня как альтернатива долгой стройке","6","бан* под ключ"
"ооо бурение скважин","11318","Омская область","17","top","бурение скважин","unassigned","commercial","medium","commercial-head","landing","","","",""
"полусухая стяжка пола омск цена","66","Омск","17","top","полусухая стяжка","assigned","commercial","medium","signals","landing","S01","Полусухая или мокрая стяжка","8","полусух* стяжк*|стяжка пола"
"полы под полусухую стяжку","11318","Омская область","17","top","полусухая стяжка","assigned","commercial","medium","commercial-head","landing","S01","Полусухая или мокрая стяжка","4","полусух* стяжк*"
"сколько бурение скважин","66","Омск","17","top","бурение скважин","unassigned","commercial","low","signals-tie","landing","","","",""
"строительство бань в тюмени под ключ","66","Омск","17","top","баня под ключ","assigned","commercial","high","signals","landing","B02","Готовая баня или строить на участке","8","строит* бан*|строительств* бан*"
"строительство бань в тюмени под ключ","11318","Омская область","17","top","баня под ключ","assigned","commercial","high","signals","landing","B02","Готовая баня или строить на участке","8","строит* бан*|строительств* бан*"
"баня на участок план","66","Омск","16","top","баня на участок","unassigned","unmapped","none","none","hold","","","",""
"бурение скважины своими руками","66","Омск","16","top","бурение скважин","unassigned","informational","medium","signals","guide","","","",""
"вода после бурения скважины","11318","Омская область","16","top","бурение скважин","unassigned","commercial","medium","commercial-head","landing","","","",""
"готовая баня с доставкой цена","11318","Омская область","16","top","готовая баня|доставка бани","assigned","commercial","high","signals","landing","B10","Стоимость доставки по Омску и области","6","бан* с доставк*"
"готовые бани под установку","66","Омск","16","top","готовая баня","assigned","commercial","medium","commercial-head","landing","B01","Готовая баня как альтернатива долгой стройке","4","готов* бан*"
"готовые бани с доставкой и установкой цена","11318","Омская область","16","top","готовая баня|доставка бани","assigned","commercial","high","signals","landing","B10","Стоимость доставки по Омску и области","6","бан* с доставк*"
"как построить каркасную баню","66","Омск","16","top","каркасная баня","assigned","informational","medium","intent-tiebreak","guide","B03","Квадро или каркасная баня","4","каркасн* бан*"
"как сделать полусухую стяжку пола","11318","Омская область","16","top","полусухая стяжка","assigned","informational","high","signals","guide","S01","Полусухая или мокрая стяжка","4","полусух* стяжк*"
"механизированная штукатурка стен","66","Омск","16","top","механизированная штукатурка","assigned","commercial","medium","commercial-head","landing","P01","Механизированная или ручная штукатурка","4","механизированн* штукатурк*"
"механизированная штукатурка стен","11318","Омская область","16","top","механизированная штукатурка","assigned","commercial","medium","commercial-head","landing","P01","Механизированная или ручная штукатурка","4","механизированн* штукатурк*"
"механизируемая штукатурка стен","66","Омск","16","top","механизированная штукатурка","unassigned","commercial","medium","commercial-head","landing","","","",""
"механизируемая штукатурка стен","11318","Омская область","16","top","механизированная штукатурка","unassigned","commercial","medium","commercial-head","landing","","","",""
"полусухая или мокрая стяжка","66","Омск","16","top","полусухая стяжка","assigned","informational","high","signals","guide","S01","Полусухая или мокрая стяжка","4","мокр* стяжк*"
"полусухая или мокрая стяжка","11318","Омская область","16","top","полусухая стяжка","assigned","informational","high","signals","guide","S01","Полусухая или мокрая стяжка","4","мокр* стяжк*"
"полусухая стяжка материал","11318","Омская область","16","top","полусухая стяжка","assigned","commercial","medium","commercial-head","landing","S01","Полусухая или мокрая стяжка","4","полусух* стяжк*"
"полусухая стяжка отзывы","66","Омск","16","top","полусухая стяжка","assigned","commercial","medium","commercial-head","landing","S01","Полусухая или мокрая стяжка","4","полусух* стяжк*"
"полусухая стяжка отзывы","11318","Омская область","16","top","полусухая стяжка","assigned","commercial","medium","commercial-head","landing","S01","Полусухая или мокрая стяжка","4","полусух* стяжк*"
"полы под полусухую стяжку","66","Омск","16","top","полусухая стяжка","assigned","commercial","medium","commercial-head","landing","S01","Полусухая или мокрая стяжка","4","полусух* стяжк*"
"проект бани под ключ","66","Омск","16","top","баня под ключ","assigned","commercial","high","signals","landing","B01","Готовая баня как альтернатива долгой стройке","6","бан* под ключ"
"проект бани под ключ","11318","Омская область","16","top","баня под ключ","assigned","commercial","high","signals","landing","B01","Готовая баня как альтернатива долгой стройке","6","бан* под ключ"
"проливной пол в каркасной бане","11318","Омская область","16","top","каркасная баня","assigned","informational","low","intent-default","guide","B03","Квадро или каркасная баня","4","каркасн* бан*"
"ручное бурение скважин","11318","Омская область","16","top","бурение скважин","unassigned","commercial","medium","commercial-head","landing","","","",""
"бани 2 3 каркасные","66","Омск","15","top","каркасная баня","unassigned","unmapped","none","none","hold","","","",""
"баня купить готовую недорого цена","11318","Омская область","15","top","готовая баня","unassigned","commercial","high","signals","landing","","","",""
"баня под ключ без посредников","66","Омск","15","top","баня под ключ","assigned","commercial","high","signals","landing","B01","Готовая баня как альтернатива долгой стройке","6","бан* под ключ"
"баня под ключ недорого без посредников","66","Омск","15","top","баня под ключ","assigned","commercial","high","signals","landing","B01","Готовая баня как альтернатива долгой стройке","6","бан* под ключ"
"бурение скважин диаметр 600","66","Омск","15","top","бурение скважин","unassigned","commercial","medium","commercial-head","landing","","","",""
"бурение скважин диаметр 600","11318","Омская область","15","top","бурение скважин","unassigned","commercial","medium","commercial-head","landing","","","",""
"бурение скважины шнеком","66","Омск","15","top","бурение скважин","unassigned","commercial","medium","commercial-head","landing","","","",""
"бурение скважины шнеком","11318","Омская область","15","top","бурение скважин","unassigned","commercial","medium","commercial-head","landing","","","",""
"буровой бурение скважин","11318","Омская область","15","top","бурение скважин","unassigned","commercial","medium","commercial-head","landing","","","",""
"готовая баня г омск","11318","Омская область","15","top","готовая баня","assigned","commercial","medium","commercial-head","landing","B01","Готовая баня как альтернатива долгой стройке","4","готов* бан*"
"готовые бани в области","11318","Омская область","15","top","готовая баня","assigned","commercial","medium","commercial-head","landing","B01","Готовая баня как альтернатива долгой стройке","4","готов* бан*"
"какой утеплитель для каркасной бани","11318","Омская область","15","top","каркасная баня","assigned","informational","high","signals","guide","B03","Квадро или каркасная баня","4","каркасн* бан*"
"каркасная баня толщина","66","Омск","15","top","каркасная баня","assigned","commercial","medium","commercial-head","landing","B03","Квадро или каркасная баня","4","каркасн* бан*"
"каркасные бани под","66","Омск","15","top","каркасная баня","assigned","commercial","medium","commercial-head","landing","B03","Квадро или каркасная баня","4","каркасн* бан*"
"каркасные перегородки в бане","66","Омск","15","top","каркасная баня","unassigned","unmapped","none","none","hold","","","",""
"куплю баню под ключ недорого без посредников","66","Омск","15","top","баня под ключ","assigned","commercial","high","signals","landing","B01","Готовая баня как альтернатива долгой стройке","6","бан* под ключ"
"ленточный фундамент под баню","66","Омск","15","top","фундамент под баню","assigned","informational","low","intent-default","guide","B14","Фундамент для мобильной или готовой бани","6","фундамент под бан*"
"мобильная баня в омске цена","11318","Омская область","15","top","мобильная баня","assigned","commercial","medium","signals","landing","B01","Готовая баня как альтернатива долгой стройке","4","мобильн* бан*"
"нужна ли баня на участке","11318","Омская область","15","top","баня на участок","unassigned","informational","high","signals","guide","","","",""
"план дома и бани на участке","11318","Омская область","15","top","баня на участок","unassigned","unmapped","none","none","hold","","","",""
"полусухая стяжка инструкция","11318","Омская область","15","top","полусухая стяжка","assigned","commercial","medium","commercial-head","landing","S01","Полусухая или мокрая стяжка","4","полусух* стяжк*"
"полусухая стяжка пошаговая инструкция","11318","Омская область","15","top","полусухая стяжка","assigned","commercial","medium","commercial-head","landing","S01","Полусухая или мокрая стяжка","4","полусух* стяжк*"
"полусухая стяжка своими руками пошаговая","11318","Омская область","15","top","полусухая стяжка","assigned","informational","high","signals","guide","S01","Полусухая или мокрая стяжка","4","полусух* стяжк*"
"полусухая стяжка своими руками пошаговая инструкция","11318","Омская область","15","top","полусухая стяжка","assigned","informational","high","signals","guide","S01","Полусухая или мокрая стяжка","4","полусух* стяжк*"
"постройка бани на участке","66","Омск","15","top","баня на участок","unassigned","commercial","medium","commercial-head","landing","","","",""
"станция для полусухой стяжки","66","Омск","15","top","полусухая стяжка","assigned","commercial","medium","commercial-head","landing","S01","Полусухая или мокрая стяжка","4","полусух* стяжк*"
"строим баню на участке","66","Омск","15","top","баня на участок","unassigned","commercial","medium","commercial-head","landing","","","",""
"утепление каркасной бани","11318","Омская область","15","top","каркасная баня","assigned","commercial","medium","commercial-head","landing","B03","Квадро или каркасная баня","4","каркасн* бан*"
"фундамент под баню 5 5","11318","Омская область","15","top","фундамент под баню","assigned","informational","low","intent-default","guide","B14","Фундамент для мобильной или готовой бани","6","фундамент под бан*"
"фундамент под баню своими руками","11318","Омская область","15","top","фундамент под баню","assigned","informational","high","signals","guide","B14","Фундамент для мобильной или готовой бани","6","фундамент под бан*"
"шнек для бурения скважин","66","Омск","15","top","бурение скважин","unassigned","commercial","medium","commercial-head","landing","","","",""
"шнек для бурения скважин","11318","Омская область","15","top","бурение скважин","unassigned","commercial","medium","commercial-head","landing","","","",""
"бани 4 4 под ключ","11318","Омская область","14","top","баня под ключ","unassigned","commercial","high","signals","landing","","","",""
"баня бочка под ключ фото","66","Омск","14","top","баня под ключ","unassigned","commercial","high","signals","landing","","","",""
"баня бочка под ключ цена фото","66","Омск","14","top","баня под ключ","unassigned","commercial","high","signals","landing","","","",""
"баня в рассрочку под ключ","11318","Омская область","14","top","баня под ключ","unassigned","commercial","high","signals","landing","","","",""
"баня из бревна под ключ","11318","Омская область","14","top","баня под ключ","unassigned","commercial","high","signals","landing","","","",""
"баня на участке снт","66","Омск","14","top","баня на участок","unassigned","commercial","medium","commercial-head","landing","","","",""
"готовая баня с доставкой цена","66","Омск","14","top","готовая баня|доставка бани","assigned","commercial","high","signals","landing","B10","Стоимость доставки по Омску и области","6","бан* с доставк*"
"готовые бани с доставкой и установкой цена","66","Омск","14","top","готовая баня|доставка бани","assigned","commercial","high","signals","landing","B10","Стоимость доставки по Омску и области","6","бан* с доставк*"
"готовый баня сколько","66","Омск","14","top","готовая баня","assigned","commercial","medium","intent-tiebreak","landing","B01","Готовая баня как альтернатива долгой стройке","4","готов* бан*"
"дешевые готовые бани","66","Омск","14","top","готовая баня","assigned","commercial","medium","commercial-head","landing","B01","Готовая баня как альтернатива долгой стройке","4","готов* бан*"
"зима время бани","66","Омск","14","top","баня зимой","unassigned","unmapped","none","none","hold","","","",""
"зима время бани","11318","Омская область","14","top","баня зимой","unassigned","unmapped","none","none","hold","","","",""
"каркасная баня 2.5 на 2.5","66","Омск","14","top","каркасная баня","assigned","informational","low","intent-default","guide","B03","Квадро или каркасная баня","4","каркасн* бан*"
"каркасная баня 4 на 4","11318","Омская область","14","top","каркасная баня","assigned","informational","low","intent-default","guide","B03","Квадро или каркасная баня","4","каркасн* бан*"
"каркасная баня 6 на 6","66","Омск","14","top","каркасная баня","assigned","informational","low","intent-default","guide","B03","Квадро или каркасная баня","4","каркасн* бан*"
"каркасная баня 6 на 6","11318","Омская область","14","top","каркасная баня","assigned","informational","low","intent-default","guide","B03","Квадро или каркасная баня","4","каркасн* бан*"
"каркасная баня материал","66","Омск","14","top","каркасная баня","assigned","commercial","medium","commercial-head","landing","B03","Квадро или каркасная баня","4","каркасн* бан*"
"каркасная баня на сваях","66","Омск","14","top","каркасная баня","assigned","commercial","medium","commercial-head","landing","B14","Фундамент для мобильной или готовой бани","6","бан* на сва*"
"каркасная баня цена","66","Омск","14","top","каркасная баня","assigned","commercial","high","signals","landing","B03","Квадро или каркасная баня","4","каркасн* бан*"
"каркасная баня цена","11318","Омская область","14","top","каркасная баня","assigned","commercial","high","signals","landing","B03","Квадро или каркасная баня","4","каркасн* бан*"
"каркасную мобильную баню","66","Омск","14","top","каркасная баня|мобильная баня","assigned","commercial","medium","commercial-head","landing","B01","Готовая баня как альтернатива долгой стройке","4","мобильн* бан*"
"каркасную мобильную баню","11318","Омская область","14","top","каркасная баня|мобильная баня","assigned","commercial","medium","commercial-head","landing","B01","Готовая баня как альтернатива долгой стройке","4","мобильн* бан*"
"купить готовую баню под ключ в омске","66","Омск","14","top","баня под ключ|готовая баня","assigned","commercial","high","signals","landing","B08","Что входит в баню под ключ","12","бан* под ключ|готов* бан* под ключ"
"купить готовые бани под ключ цена","66","Омск","14","top","баня под ключ|готовая баня","assigned","commercial","high","signals","landing","B08","Что входит в баню под ключ","12","бан* под ключ|готов* бан* под ключ"
"купить дешевые готовые бани","66","Омск","14","top","готовая баня","assigned","commercial","high","signals","landing","B01","Готовая баня как альтернатива долгой стройке","4","готов* бан*"
"купить дешевые готовые бани","11318","Омская область","14","top","готовая баня","assigned","commercial","high","signals","landing","B01","Готовая баня как альтернатива долгой стройке","4","готов* бан*"
"мобильная баня в омске цена","66","Омск","14","top","мобильная баня","assigned","commercial","medium","signals","landing","B01","Готовая баня как альтернатива долгой стройке","4","мобильн* бан*"
"модульная баня под ключ цена омск","66","Омск","14","top","баня под ключ","assigned","commercial","high","signals","landing","B01","Готовая баня как альтернатива долгой стройке","6","бан* под ключ"
"модульные бани под ключ омск","66","Омск","14","top","баня под ключ","assigned","commercial","high","signals","landing","B01","Готовая баня как альтернатива долгой стройке","6","бан* под ключ"
"пирог каркасной бани","11318","Омская область","14","top","каркасная баня","assigned","commercial","medium","commercial-head","landing","B03","Квадро или каркасная баня","4","каркасн* бан*"
"полуручка для полусухой стяжки","66","Омск","14","top","полусухая стяжка","assigned","commercial","medium","commercial-head","landing","S01","Полусухая или мокрая стяжка","4","полусух* стяжк*"
"полуручка для полусухой стяжки","11318","Омская область","14","top","полусухая стяжка","assigned","commercial","medium","commercial-head","landing","S01","Полусухая или мокрая стяжка","4","полусух* стяжк*"
"полусухая стяжка пола швы","11318","Омская область","14","top","полусухая стяжка","assigned","commercial","medium","commercial-head","landing","S01","Полусухая или мокрая стяжка","8","полусух* стяжк*|стяжка пола"
"правило для полусухой стяжки","11318","Омская область","14","top","полусухая стяжка","assigned","commercial","medium","commercial-head","landing","S01","Полусухая или мокрая стяжка","4","полусух* стяжк*"
"ручное бурение скважин","66","Омск","14","top","бурение скважин","unassigned","commercial","medium","commercial-head","landing","","","",""
"стоимость бани под ключ","11318","Омская область","14","top","баня под ключ","assigned","commercial","high","signals","landing","B01","Готовая баня как альтернатива долгой стройке","6","бан* под ключ"
"угловая каркасная баня","11318","Омская область","14","top","каркасная баня","assigned","commercial","medium","commercial-head","landing","B03","Квадро или каркасная баня","4","каркасн* бан*"
"баня в рассрочку под ключ","66","Омск","13","top","баня под ключ","unassigned","commercial","high","signals","landing","","","",""
"баня на дачу недорого под ключ","66","Омск","13","top","баня под ключ","unassigned","commercial","high","signals","landing","","","",""
"баня на дачу недорого под ключ","11318","Омская область","13","top","баня под ключ","unassigned","commercial","high","signals","landing","","","",""
"баня на участке нормы","11318","Омская область","13","top","баня на участок","unassigned","commercial","medium","commercial-head","landing","","","",""
"баня под ключ от производителей купить","66","Омск","13","top","баня под ключ","assigned","commercial","high","signals","landing","B01","Готовая баня как альтернатива долгой стройке","6","бан* под ключ"
"баня под ключ отзывы","66","Омск","13","top","баня под ключ","assigned","commercial","high","signals","landing","B01","Готовая баня как альтернатива долгой стройке","6","бан* под ключ"
"баня под ключ отзывы","11318","Омская область","13","top","баня под ключ","assigned","commercial","high","signals","landing","B01","Готовая баня как альтернатива долгой стройке","6","бан* под ключ"
"бурение лидерных скважин","66","Омск","13","top","бурение скважин","unassigned","unmapped","none","none","hold","","","",""
"бурение лидерных скважин","11318","Омская область","13","top","бурение скважин","unassigned","unmapped","none","none","hold","","","",""
"бурение скважин видео","66","Омск","13","top","бурение скважин","unassigned","commercial","medium","commercial-head","landing","","","",""
"бурение скважин курган","66","Омск","13","top","бурение скважин","unassigned","commercial","medium","commercial-head","landing","","","",""
"бурение скважин курган","11318","Омская область","13","top","бурение скважин","unassigned","commercial","medium","commercial-head","landing","","","",""
"бурение скважин нефти","11318","Омская область","13","top","бурение скважин","unassigned","commercial","medium","commercial-head","landing","","","",""
"бурение скважин отзывы","11318","Омская область","13","top","бурение скважин","unassigned","commercial","medium","commercial-head","landing","","","",""
"дом гараж баня на участке","66","Омск","13","top","баня на участок","unassigned","unmapped","none","none","hold","","","",""
"каркасная баня 2 4","11318","Омская область","13","top","каркасная баня","assigned","commercial","medium","commercial-head","landing","B03","Квадро или каркасная баня","4","каркасн* бан*"
"каркасная баня фото","66","Омск","13","top","каркасная баня","assigned","commercial","medium","commercial-head","landing","B03","Квадро или каркасная баня","4","каркасн* бан*"
"квадратный метр полусухой стяжки","11318","Омская область","13","top","полусухая стяжка","assigned","commercial","medium","commercial-head","landing","S01","Полусухая или мокрая стяжка","4","полусух* стяжк*"
"кедровый парк омск баня","66","Омск","13","top","кедровая баня","unassigned","unmapped","none","none","hold","","","",""
"кедровый парк омск баня","11318","Омская область","13","top","кедровая баня","unassigned","unmapped","none","none","hold","","","",""
"минимальная полусухая стяжка","11318","Омская область","13","top","полусухая стяжка","assigned","commercial","medium","commercial-head","landing","S01","Полусухая или мокрая стяжка","4","полусух* стяжк*"
"минусы каркасной бани","11318","Омская область","13","top","каркасная баня","assigned","commercial","medium","commercial-head","landing","B03","Квадро или каркасная баня","4","каркасн* бан*"
"мобильная баня палатка","11318","Омская область","13","top","мобильная баня","assigned","commercial","medium","commercial-head","landing","B01","Готовая баня как альтернатива долгой стройке","4","мобильн* бан*"
"перед полусухой стяжкой","11318","Омская область","13","top","полусухая стяжка","assigned","commercial","medium","commercial-head","landing","S01","Полусухая или мокрая стяжка","4","полусух* стяжк*"
"план дома бани гаража на участке","11318","Омская область","13","top","баня на участок","unassigned","unmapped","none","none","hold","","","",""
"полусухая стяжка на керамзит можно ли","66","Омск","13","top","полусухая стяжка","assigned","informational","high","signals","guide","S01","Полусухая или мокрая стяжка","4","полусух* стяжк*"
"полусухая стяжка на керамзит можно ли","11318","Омская область","13","top","полусухая стяжка","assigned","informational","high","signals","guide","S01","Полусухая или мокрая стяжка","4","полусух* стяжк*"
"пошаговая инструкция с фото каркасной бани","11318","Омская область","13","top","каркасная баня","assigned","informational","low","intent-default","guide","B03","Квадро или каркасная баня","4","каркасн* бан*"
"проливной пол в каркасной бане","66","Омск","13","top","каркасная баня","assigned","informational","low","intent-default","guide","B03","Квадро или каркасная баня","4","каркасн* бан*"
"строительство каркасной бани своими руками","66","Омск","13","top","каркасная баня","assigned","informational","high","signals","guide","B03","Квадро или каркасная баня","4","каркасн* бан*"
"строительство каркасной бани своими руками","11318","Омская область","13","top","каркасная баня","assigned","informational","high","signals","guide","B03","Квадро или каркасная баня","4","каркасн* бан*"
"толщина полусухой стяжки","11318","Омская область","13","top","полусухая стяжка","assigned","commercial","medium","commercial-head","landing","S01","Полусухая или мокрая стяжка","4","полусух* стяжк*"
"чертеж каркасной бани","11318","Омская область","13","top","каркасная баня","assigned","commercial","medium","commercial-head","landing","B03","Квадро или каркасная баня","4","каркасн* бан*"
"авито бурение скважин","11318","Омская область","12","top","бурение скважин","unassigned","commercial","medium","commercial-head","landing","","","",""
"бани под ключ от производителя цена","66","Омск","12","top","баня под ключ","assigned","commercial","high","signals","landing","B01","Готовая баня как альтернатива долгой стройке","6","бан* под ключ"
"баня 4 4 фундамент под баню","11318","Омская область","12","top","фундамент под баню","assigned","informational","low","intent-default","guide","B14","Фундамент для мобильной или готовой бани","6","фундамент под бан*"
"баня на участке нормы","66","Омск","12","top","баня на участок","unassigned","commercial","medium","commercial-head","landing","","","",""
"баня область цена под ключ","11318","Омская область","12","top","баня под ключ","unassigned","commercial","high","signals","landing","","","",""
"бурение нефтяных скважин","11318","Омская область","12","top","бурение скважин","unassigned","unmapped","none","none","hold","","","",""
"вода после бурения скважины","66","Омск","12","top","бурение скважин","unassigned","commercial","medium","commercial-head","landing","","","",""
"готовая баня г омск","66","Омск","12","top","готовая баня","assigned","commercial","medium","commercial-head","landing","B01","Готовая баня как альтернатива долгой стройке","4","готов* бан*"
"готовые бани 3 3","66","Омск","12","top","готовая баня","assigned","commercial","medium","commercial-head","landing","B01","Готовая баня как альтернатива долгой стройке","4","готов* бан*"
"диаметр шнека для бурения скважин","66","Омск","12","top","бурение скважин","unassigned","unmapped","none","none","hold","","","",""
"диаметр шнека для бурения скважин","11318","Омская область","12","top","бурение скважин","unassigned","unmapped","none","none","hold","","","",""
"диаметры шнеков для бурения скважин","66","Омск","12","top","бурение скважин","unassigned","unmapped","none","none","hold","","","",""
"диаметры шнеков для бурения скважин","11318","Омская область","12","top","бурение скважин","unassigned","unmapped","none","none","hold","","","",""
"как залить фундамент под баню","66","Омск","12","top","фундамент под баню","assigned","informational","high","signals","guide","B14","Фундамент для мобильной или готовой бани","6","фундамент под бан*"
"как залить фундамент под баню","11318","Омская область","12","top","фундамент под баню","assigned","informational","high","signals","guide","B14","Фундамент для мобильной или готовой бани","6","фундамент под бан*"
"как ухаживать за полусухой стяжкой","66","Омск","12","top","полусухая стяжка","assigned","informational","high","signals","guide","S01","Полусухая или мокрая стяжка","4","полусух* стяжк*"
"как ухаживать за полусухой стяжкой","11318","Омская область","12","top","полусухая стяжка","assigned","informational","high","signals","guide","S01","Полусухая или мокрая стяжка","4","полусух* стяжк*"
"минимальная полусухая стяжка","66","Омск","12","top","полусухая стяжка","assigned","commercial","medium","commercial-head","landing","S01","Полусухая или мокрая стяжка","4","полусух* стяжк*"
"нужна ли баня на участке","66","Омск","12","top","баня на участок","unassigned","informational","high","signals","guide","","","",""
"пленка полусухой стяжки пола","11318","Омская область","12","top","полусухая стяжка","assigned","commercial","medium","commercial-head","landing","S01","Полусухая или мокрая стяжка","4","полусух* стяжк*"
"полусухая стяжка бетона","11318","Омская область","12","top","полусухая стяжка","assigned","commercial","medium","commercial-head","landing","S01","Полусухая или мокрая стяжка","4","полусух* стяжк*"
"полусухая стяжка пола какая хорошая","11318","Омская область","12","top","полусухая стяжка","assigned","informational","high","signals","guide","S01","Полусухая или мокрая стяжка","8","полусух* стяжк*|стяжка пола"
"полусухая стяжка швы","66","Омск","12","top","полусухая стяжка","assigned","commercial","medium","commercial-head","landing","S01","Полусухая или мокрая стяжка","4","полусух* стяжк*"
"полусухой стяжки пола квадратный","11318","Омская область","12","top","полусухая стяжка","assigned","commercial","medium","commercial-head","landing","S01","Полусухая или мокрая стяжка","4","полусух* стяжк*"
"полусухой стяжки пола квадратный метр","11318","Омская область","12","top","полусухая стяжка","assigned","informational","low","intent-default","guide","S01","Полусухая или мокрая стяжка","4","полусух* стяжк*"
"поставить баню на участке","11318","Омская область","12","top","баня на участок","unassigned","commercial","medium","commercial-head","landing","","","",""
"построить баню под ключ","66","Омск","12","top","баня под ключ","assigned","commercial","high","signals","landing","B01","Готовая баня как альтернатива долгой стройке","6","бан* под ключ"
"построить баню под ключ","11318","Омская область","12","top","баня под ключ","assigned","commercial","high","signals","landing","B01","Готовая баня как альтернатива долгой стройке","6","бан* под ключ"
"постройка каркасной бани","11318","Омская область","12","top","каркасная баня","assigned","commercial","medium","commercial-head","landing","B03","Квадро или каркасная баня","4","каркасн* бан*"
"промыть скважину бурения","11318","Омская область","12","top","бурение скважин","unassigned","unmapped","none","none","hold","","","",""
"расположен бани на участке","11318","Омская область","12","top","баня на участок","unassigned","commercial","medium","commercial-head","landing","","","",""
"стяжка пола полусухая мокрая","66","Омск","12","top","полусухая стяжка","assigned","informational","low","intent-default","guide","S01","Полусухая или мокрая стяжка","4","стяжка пола"
"стяжка пола полусухая мокрая","11318","Омская область","12","top","полусухая стяжка","assigned","informational","low","intent-default","guide","S01","Полусухая или мокрая стяжка","4","стяжка пола"
"толщина полусухой стяжки","66","Омск","12","top","полусухая стяжка","assigned","commercial","medium","commercial-head","landing","S01","Полусухая или мокрая стяжка","4","полусух* стяжк*"
"укладка полусухой стяжки","11318","Омская область","12","top","полусухая стяжка","assigned","commercial","medium","commercial-head","landing","S01","Полусухая или мокрая стяжка","4","полусух* стяжк*"
"установка для бурения скважин","11318","Омская область","12","top","бурение скважин","unassigned","commercial","medium","commercial-head","landing","","","",""
"устройство полусухой стяжки","11318","Омская область","12","top","полусухая стяжка","assigned","commercial","medium","commercial-head","landing","S01","Полусухая или мокрая стяжка","4","полусух* стяжк*"
"утепление каркасной бани","66","Омск","12","top","каркасная баня","assigned","commercial","medium","commercial-head","landing","B03","Квадро или каркасная баня","4","каркасн* бан*"
"формы бань на участке","66","Омск","12","top","баня на участок","unassigned","commercial","medium","commercial-head","landing","","","",""
"шнековое бурение скважин","66","Омск","12","top","бурение скважин","unassigned","commercial","medium","commercial-head","landing","","","",""
"шнековое бурение скважин","11318","Омская область","12","top","бурение скважин","unassigned","commercial","medium","commercial-head","landing","","","",""
"аппарат полусухая стяжка москва брикман","66","Омск","11","top","полусухая стяжка","assigned","informational","low","intent-default","guide","S01","Полусухая или мокрая стяжка","4","полусух* стяжк*"
"аппарат полусухая стяжка москва брикман","11318","Омская область","11","top","полусухая стяжка","assigned","informational","low","intent-default","guide","S01","Полусухая или мокрая стяжка","4","полусух* стяжк*"
"бани под ключ в новосибирске","11318","Омская область","11","top","баня под ключ","assigned","commercial","high","signals","landing","B01","Готовая баня как альтернатива долгой стройке","6","бан* под ключ"
"баня брус ключ под цена","11318","Омская область","11","top","баня под ключ","unassigned","commercial","medium","signals","landing","","","",""
"баня готовая под ключ с доставкой цена","11318","Омская область","11","top","баня под ключ|готовая баня|доставка бани","unassigned","commercial","high","signals","landing","","","",""
"баня из сруба под ключ","11318","Омская область","11","top","баня под ключ","unassigned","commercial","high","signals","landing","","","",""
"баня каркасная из бруса","11318","Омская область","11","top","каркасная баня","unassigned","unmapped","none","none","hold","","","",""
"баня купить готовую недорого цена","66","Омск","11","top","готовая баня","unassigned","commercial","high","signals","landing","","","",""
"баня на участке сколько стоит","11318","Омская область","11","top","баня на участок","unassigned","commercial","low","signals-tie","landing","","","",""
"баня под ключ 3 3","11318","Омская область","11","top","баня под ключ","assigned","commercial","high","signals","landing","B01","Готовая баня как альтернатива долгой стройке","6","бан* под ключ"
"баня при въезде на участок","66","Омск","11","top","баня на участок","unassigned","unmapped","none","none","hold","","","",""
"бурение прокачать скважину","66","Омск","11","top","бурение скважин","unassigned","unmapped","none","none","hold","","","",""
"бурение прокачать скважину","11318","Омская область","11","top","бурение скважин","unassigned","unmapped","none","none","hold","","","",""
"бурение скважин можно","11318","Омская область","11","top","бурение скважин","unassigned","commercial","medium","commercial-head","landing","","","",""
"готовые бани в калачинске","11318","Омская область","11","top","готовая баня","assigned","commercial","medium","commercial-head","landing","B01","Готовая баня как альтернатива долгой стройке","4","готов* бан*"
"как приготовить полусухую стяжку","66","Омск","11","top","полусухая стяжка","assigned","informational","medium","intent-tiebreak","guide","S01","Полусухая или мокрая стяжка","4","полусух* стяжк*"
"как приготовить полусухую стяжку","11318","Омская область","11","top","полусухая стяжка","assigned","informational","medium","intent-tiebreak","guide","S01","Полусухая или мокрая стяжка","4","полусух* стяжк*"
"как приготовить полусухую стяжку для пола","66","Омск","11","top","полусухая стяжка","assigned","informational","high","signals","guide","S01","Полусухая или мокрая стяжка","4","полусух* стяжк*"
"как приготовить полусухую стяжку для пола","11318","Омская область","11","top","полусухая стяжка","assigned","informational","high","signals","guide","S01","Полусухая или мокрая стяжка","4","полусух* стяжк*"
"как утеплить каркасную баню","11318","Омская область","11","top","каркасная баня","assigned","informational","medium","intent-tiebreak","guide","B03","Квадро или каркасная баня","4","каркасн* бан*"
"как ухаживать после полусухой стяжкой пола","66","Омск","11","top","полусухая стяжка","assigned","informational","high","signals","guide","S01","Полусухая или мокрая стяжка","4","полусух* стяжк*"
"как ухаживать после полусухой стяжкой пола","11318","Омская область","11","top","полусухая стяжка","assigned","informational","high","signals","guide","S01","Полусухая или мокрая стяжка","4","полусух* стяжк*"
"каркасная баня мойка","66","Омск","11","top","каркасная баня","assigned","commercial","medium","commercial-head","landing","B03","Квадро или каркасная баня","4","каркасн* бан*"
"каркасная баня мойка","11318","Омская область","11","top","каркасная баня","assigned","commercial","medium","commercial-head","landing","B03","Квадро или каркасная баня","4","каркасн* бан*"
"каркасная баня плюсы и минусы","11318","Омская область","11","top","каркасная баня","assigned","informational","low","intent-default","guide","B03","Квадро или каркасная баня","4","каркасн* бан*"
"квадратный метр полусухой стяжки","66","Омск","11","top","полусухая стяжка","assigned","commercial","medium","commercial-head","landing","S01","Полусухая или мокрая стяжка","4","полусух* стяжк*"
"купить баню бочку под ключ","11318","Омская область","11","top","баня под ключ","unassigned","commercial","high","signals","landing","","","",""
"купить готовую баню из сруба","11318","Омская область","11","top","готовая баня","assigned","commercial","medium","signals","landing","B01","Готовая баня как альтернатива долгой стройке","4","готов* бан*"
"купить готовую баню под ключ недорого","66","Омск","11","top","баня под ключ|готовая баня","assigned","commercial","high","signals","landing","B08","Что входит в баню под ключ","12","бан* под ключ|готов* бан* под ключ"
"оборудование для бурения скважин","11318","Омская область","11","top","бурение скважин","unassigned","commercial","medium","commercial-head","landing","","","",""
"перед полусухой стяжкой","66","Омск","11","top","полусухая стяжка","assigned","commercial","medium","commercial-head","landing","S01","Полусухая или мокрая стяжка","4","полусух* стяжк*"
"плюсы каркасных бань","11318","Омская область","11","top","каркасная баня","assigned","commercial","medium","commercial-head","landing","B03","Квадро или каркасная баня","4","каркасн* бан*"
"полив полусухой стяжки","11318","Омская область","11","top","полусухая стяжка","assigned","commercial","medium","commercial-head","landing","S01","Полусухая или мокрая стяжка","4","полусух* стяжк*"
"полусухая стяжка бетона","66","Омск","11","top","полусухая стяжка","assigned","commercial","medium","commercial-head","landing","S01","Полусухая или мокрая стяжка","4","полусух* стяжк*"
"полусухая стяжка инструкция","66","Омск","11","top","полусухая стяжка","assigned","commercial","medium","commercial-head","landing","S01","Полусухая или мокрая стяжка","4","полусух* стяжк*"
"полусухая стяжка как ухаживать после заливки","66","Омск","11","top","полусухая стяжка","assigned","informational","high","signals","guide","S01","Полусухая или мокрая стяжка","4","полусух* стяжк*"
"полусухая стяжка как ухаживать после заливки","11318","Омская область","11","top","полусухая стяжка","assigned","informational","high","signals","guide","S01","Полусухая или мокрая стяжка","4","полусух* стяжк*"
"полусухая стяжка как ухаживать после заливки пола","66","Омск","11","top","полусухая стяжка","assigned","informational","high","signals","guide","S01","Полусухая или мокрая стяжка","4","полусух* стяжк*"
"полусухая стяжка как ухаживать после заливки пола","11318","Омская область","11","top","полусухая стяжка","assigned","informational","high","signals","guide","S01","Полусухая или мокрая стяжка","4","полусух* стяжк*"
"полусухая стяжка москва","66","Омск","11","top","полусухая стяжка","assigned","commercial","medium","commercial-head","landing","S01","Полусухая или мокрая стяжка","4","полусух* стяжк*"
"полусухая стяжка москва","11318","Омская область","11","top","полусухая стяжка","assigned","commercial","medium","commercial-head","landing","S01","Полусухая или мокрая стяжка","4","полусух* стяжк*"
"полусухая стяжка пола инструкция","11318","Омская область","11","top","полусухая стяжка","assigned","commercial","medium","commercial-head","landing","S01","Полусухая или мокрая стяжка","8","полусух* стяжк*|стяжка пола"
"полусухая стяжка пола как ухаживать","66","Омск","11","top","полусухая стяжка","assigned","informational","high","signals","guide","S01","Полусухая или мокрая стяжка","8","полусух* стяжк*|стяжка пола"
"полусухая стяжка пола как ухаживать","11318","Омская область","11","top","полусухая стяжка","assigned","informational","high","signals","guide","S01","Полусухая или мокрая стяжка","8","полусух* стяжк*|стяжка пола"
"полусухая стяжка пола какая хорошая","66","Омск","11","top","полусухая стяжка","assigned","informational","high","signals","guide","S01","Полусухая или мокрая стяжка","8","полусух* стяжк*|стяжка пола"
"полусухая стяжка пола пошаговая инструкция","11318","Омская область","11","top","полусухая стяжка","assigned","informational","low","intent-default","guide","S01","Полусухая или мокрая стяжка","8","полусух* стяжк*|стяжка пола"
"полусухая стяжка пола своими руками пошаговая","11318","Омская область","11","top","полусухая стяжка","assigned","informational","high","signals","guide","S01","Полусухая или мокрая стяжка","8","полусух* стяжк*|стяжка пола"
"полусухая стяжка пола своими руками пошаговая инструкция","11318","Омская область","11","top","полусухая стяжка","assigned","informational","high","signals","guide","S01","Полусухая или мокрая стяжка","8","полусух* стяжк*|стяжка пола"
"полусухая стяжка пошаговая инструкция","66","Омск","11","top","полусухая стяжка","assigned","commercial","medium","commercial-head","landing","S01","Полусухая или мокрая стяжка","4","полусух* стяжк*"
"полусухая стяжка своими руками пошаговая","66","Омск","11","top","полусухая стяжка","assigned","informational","high","signals","guide","S01","Полусухая или мокрая стяжка","4","полусух* стяжк*"
"полусухая стяжка своими руками пошаговая инструкция","66","Омск","11","top","полусухая стяжка","assigned","informational","high","signals","guide","S01","Полусухая или мокрая стяжка","4","полусух* стяжк*"
"помидоры на зиму на водяной бане","11318","Омская область","11","top","баня зимой","unassigned","unmapped","none","none","hold","","","",""
"правильное бурение скважины","11318","Омская область","11","top","бурение скважин","unassigned","commercial","medium","commercial-head","landing","","","",""
"расположен бани на участке","66","Омск","11","top","баня на участок","unassigned","commercial","medium","commercial-head","landing","","","",""
"скважины вода бурение область","11318","Омская область","11","top","бурение скважин","unassigned","unmapped","none","none","hold","","","",""
"стоимость баня под ключ цена","11318","Омская область","11","top","баня под ключ","assigned","commercial","high","signals","landing","B09","Итоговая цена и доплаты","10","стоимост* бан*|бан* под ключ цен*"
"трещины в полусухой стяжке","66","Омск","11","top","полусухая стяжка","assigned","commercial","medium","commercial-head","landing","S01","Полусухая или мокрая стяжка","4","полусух* стяжк*"
"трещины в полусухой стяжке","11318","Омская область","11","top","полусухая стяжка","assigned","commercial","medium","commercial-head","landing","S01","Полусухая или мокрая стяжка","4","полусух* стяжк*"
"установка бань под ключ фото","66","Омск","11","top","баня под ключ","assigned","commercial","high","signals","landing","B01","Готовая баня как альтернатива долгой стройке","6","бан* под ключ"
"устройство каркасной бани","66","Омск","11","top","каркасная баня","assigned","commercial","medium","commercial-head","landing","B03","Квадро или каркасная баня","4","каркасн* бан*"
"устройство каркасной бани","11318","Омская область","11","top","каркасная баня","assigned","commercial","medium","commercial-head","landing","B03","Квадро или каркасная баня","4","каркасн* бан*"
"фундамент под баню своими руками","66","Омск","11","top","фундамент под баню","assigned","informational","high","signals","guide","B14","Фундамент для мобильной или готовой бани","6","фундамент под бан*"
"фундамент под печь в бане","11318","Омская область","11","top","фундамент под баню","unassigned","unmapped","none","none","hold","","","",""
"б у аппарат полусухой стяжки","66","Омск","10","top","полусухая стяжка","assigned","informational","low","intent-default","guide","S01","Полусухая или мокрая стяжка","4","полусух* стяжк*"
"б у аппарат полусухой стяжки","11318","Омская область","10","top","полусухая стяжка","assigned","informational","low","intent-default","guide","S01","Полусухая или мокрая стяжка","4","полусух* стяжк*"
"бани из бруса под ключ омск","11318","Омская область","10","top","баня под ключ","unassigned","commercial","high","signals","landing","","","",""
"баню под ключ с печкой","11318","Омская область","10","top","баня под ключ","assigned","commercial","high","signals","landing","B01","Готовая баня как альтернатива долгой стройке","6","бан* под ключ"
"баня готовая построить","11318","Омская область","10","top","готовая баня","unassigned","unmapped","none","none","hold","","","",""
"баня дача каркасные","66","Омск","10","top","каркасная баня","unassigned","unmapped","none","none","hold","","","",""
"баня дача каркасные","11318","Омская область","10","top","каркасная баня","unassigned","unmapped","none","none","hold","","","",""
"баня каркасная из бруса","66","Омск","10","top","каркасная баня","unassigned","unmapped","none","none","hold","","","",""
"баня под ключ проекты и цены","66","Омск","10","top","баня под ключ","assigned","commercial","high","signals","landing","B01","Готовая баня как альтернатива долгой стройке","6","бан* под ключ"
"баня под ключ проекты и цены","11318","Омская область","10","top","баня под ключ","assigned","commercial","high","signals","landing","B01","Готовая баня как альтернатива долгой стройке","6","бан* под ключ"
"бурение разведочных скважин","11318","Омская область","10","top","бурение скважин","unassigned","unmapped","none","none","hold","","","",""
"бурение скважин расценка","11318","Омская область","10","top","бурение скважин","unassigned","commercial","medium","commercial-head","landing","","","",""
"бурение скважин фото","11318","Омская область","10","top","бурение скважин","unassigned","commercial","medium","commercial-head","landing","","","",""
"гипсовый механизировать штукатурка","66","Омск","10","top","механизированная штукатурка","unassigned","commercial","medium","commercial-head","landing","","","",""
"гипсовый механизировать штукатурка","11318","Омская область","10","top","механизированная штукатурка","unassigned","commercial","medium","commercial-head","landing","","","",""
"готовая баня 3 3 цена омск","66","Омск","10","top","готовая баня","assigned","commercial","medium","signals","landing","B01","Готовая баня как альтернатива долгой стройке","4","готов* бан*"
"готовая баня в рассрочку","66","Омск","10","top","готовая баня","assigned","commercial","medium","commercial-head","landing","B01","Готовая баня как альтернатива долгой стройке","4","готов* бан*"
"готовая баня в рассрочку","11318","Омская область","10","top","готовая баня","assigned","commercial","medium","commercial-head","landing","B01","Готовая баня как альтернатива долгой стройке","4","готов* бан*"
"готовая баня омск 2на 3 цена","66","Омск","10","top","готовая баня","assigned","commercial","medium","signals","landing","B01","Готовая баня как альтернатива долгой стройке","4","готов* бан*"
"готовая баня омск 2на 3 цена","11318","Омская область","10","top","готовая баня","assigned","commercial","medium","signals","landing","B01","Готовая баня как альтернатива долгой стройке","4","готов* бан*"
"готовые срубы бань цена","66","Омск","10","top","готовая баня","unassigned","commercial","medium","signals","landing","","","",""
"готовые срубы бань цена","11318","Омская область","10","top","готовая баня","unassigned","commercial","medium","signals","landing","","","",""
"готовые срубы для бани","66","Омск","10","top","готовая баня","unassigned","unmapped","none","none","hold","","","",""
"готовые срубы для бани","11318","Омская область","10","top","готовая баня","unassigned","unmapped","none","none","hold","","","",""
"готовые срубы для бани цены и фото","66","Омск","10","top","готовая баня","unassigned","commercial","medium","signals","landing","","","",""
"готовые срубы для бани цены и фото","11318","Омская область","10","top","готовая баня","unassigned","commercial","medium","signals","landing","","","",""
"долото для бурения скважин скальной породы курган","66","Омск","10","top","бурение скважин","unassigned","unmapped","none","none","hold","","","",""
"долото для бурения скважин скальной породы курган","11318","Омская область","10","top","бурение скважин","unassigned","unmapped","none","none","hold","","","",""
"как делается полусухая стяжка","11318","Омская область","10","top","полусухая стяжка","assigned","informational","medium","intent-tiebreak","guide","S01","Полусухая или мокрая стяжка","4","полусух* стяжк*"
"какой фундамент под баню","66","Омск","10","top","фундамент под баню","assigned","informational","high","signals","guide","B14","Фундамент для мобильной или готовой бани","6","фундамент под бан*"
"каркасная баня 6 на 2.5","66","Омск","10","top","каркасная баня","assigned","informational","low","intent-default","guide","B03","Квадро или каркасная баня","4","каркасн* бан*"
"каркасная баня 6 на 2.5","11318","Омская область","10","top","каркасная баня","assigned","informational","low","intent-default","guide","B03","Квадро или каркасная баня","4","каркасн* бан*"
"каркасная баня своими руками пошаговые фото","66","Омск","10","top","каркасная баня","assigned","informational","high","signals","guide","B03","Квадро или каркасная баня","4","каркасн* бан*"
"каркасная баня своими руками фото","66","Омск","10","top","каркасная баня","assigned","informational","high","signals","guide","B03","Квадро или каркасная баня","4","каркасн* бан*"
"каркасная баня фото пошаговое","66","Омск","10","top","каркасная баня","assigned","commercial","medium","commercial-head","landing","B03","Квадро или каркасная баня","4","каркасн* бан*"
"лучшая готовая баня","11318","Омская область","10","top","готовая баня","assigned","commercial","medium","commercial-head","landing","B01","Готовая баня как альтернатива долгой стройке","4","готов* бан*"
"лучшая каркасная баня","66","Омск","10","top","каркасная баня","assigned","commercial","medium","commercial-head","landing","B03","Квадро или каркасная баня","4","каркасн* бан*"
"механизированная гипсовая штукатурка","66","Омск","10","top","механизированная штукатурка","assigned","informational","low","intent-default","guide","P02","Гипсовая или цементная штукатурка","4","гипсов* штукатурк*"
"механизированная гипсовая штукатурка","11318","Омская область","10","top","механизированная штукатурка","assigned","informational","low","intent-default","guide","P02","Гипсовая или цементная штукатурка","4","гипсов* штукатурк*"
"мобильная баня палатка","66","Омск","10","top","мобильная баня","assigned","commercial","medium","commercial-head","landing","B01","Готовая баня как альтернатива долгой стройке","4","мобильн* бан*"
"огурцы на зиму на водяной бане","11318","Омская область","10","top","баня зимой","unassigned","unmapped","none","none","hold","","","",""
"отделка бани под ключ","11318","Омская область","10","top","баня под ключ","assigned","commercial","high","signals","landing","B01","Готовая баня как альтернатива долгой стройке","6","бан* под ключ"
"пирог каркасной бани","66","Омск","10","top","каркасная баня","assigned","commercial","medium","commercial-head","landing","B03","Квадро или каркасная баня","4","каркасн* бан*"
"пленка полусухой стяжки пола","66","Омск","10","top","полусухая стяжка","assigned","commercial","medium","commercial-head","landing","S01","Полусухая или мокрая стяжка","4","полусух* стяжк*"
"полив полусухой стяжки","66","Омск","10","top","полусухая стяжка","assigned","commercial","medium","commercial-head","landing","S01","Полусухая или мокрая стяжка","4","полусух* стяжк*"
"полусухая стяжка материал","66","Омск","10","top","полусухая стяжка","assigned","commercial","medium","commercial-head","landing","S01","Полусухая или мокрая стяжка","4","полусух* стяжк*"
"полусухая стяжка пола за метр","11318","Омская область","10","top","полусухая стяжка","assigned","informational","low","intent-default","guide","S01","Полусухая или мокрая стяжка","8","полусух* стяжк*|стяжка пола"
"полусухая стяжка пола инструкция","66","Омск","10","top","полусухая стяжка","assigned","commercial","medium","commercial-head","landing","S01","Полусухая или мокрая стяжка","8","полусух* стяжк*|стяжка пола"
"полусухая стяжка пола квадратный метр материалами","11318","Омская область","10","top","полусухая стяжка","assigned","informational","low","intent-default","guide","S01","Полусухая или мокрая стяжка","8","полусух* стяжк*|стяжка пола"
"полусухая стяжка пола пошаговая инструкция","66","Омск","10","top","полусухая стяжка","assigned","informational","low","intent-default","guide","S01","Полусухая или мокрая стяжка","8","полусух* стяжк*|стяжка пола"
"полусухая стяжка пола своими руками пошаговая","66","Омск","10","top","полусухая стяжка","assigned","informational","high","signals","guide","S01","Полусухая или мокрая стяжка","8","полусух* стяжк*|стяжка пола"
"полусухая стяжка пола своими руками пошаговая инструкция","66","Омск","10","top","полусухая стяжка","assigned","informational","high","signals","guide","S01","Полусухая или мокрая стяжка","8","полусух* стяжк*|стяжка пола"
"полусухая стяжка с материалом за метр","11318","Омская область","10","top","полусухая стяжка","assigned","informational","low","intent-default","guide","S01","Полусухая или мокрая стяжка","4","полусух* стяжк*"
"полусухой стяжки пола квадратный","66","Омск","10","top","полусухая стяжка","assigned","commercial","medium","commercial-head","landing","S01","Полусухая или мокрая стяжка","4","полусух* стяжк*"
"полусухой стяжки пола квадратный метр","66","Омск","10","top","полусухая стяжка","assigned","informational","low","intent-default","guide","S01","Полусухая или мокрая стяжка","4","полусух* стяжк*"
"правильные каркасные бани","11318","Омская область","10","top","каркасная баня","assigned","commercial","medium","commercial-head","landing","B03","Квадро или каркасная баня","4","каркасн* бан*"
"расположение бани на участке","66","Омск","10","top","баня на участок","unassigned","commercial","medium","commercial-head","landing","","","",""
"расположение бани на участке","11318","Омская область","10","top","баня на участок","unassigned","commercial","medium","commercial-head","landing","","","",""
"сколько стоит баня под ключ цена","11318","Омская область","10","top","баня под ключ","assigned","commercial","high","signals","landing","B01","Готовая баня как альтернатива долгой стройке","6","бан* под ключ"
"телескопическое бурение скважин","66","Омск","10","top","бурение скважин","unassigned","commercial","medium","commercial-head","landing","","","",""
"телескопическое бурение скважин","11318","Омская область","10","top","бурение скважин","unassigned","commercial","medium","commercial-head","landing","","","",""
"теплая баня зимой","11318","Омская область","10","top","баня зимой","assigned","informational","low","intent-default","guide","B17","Использование бани зимой в Омске","4","бан* зимой"
"устройство полусухой стяжки","66","Омск","10","top","полусухая стяжка","assigned","commercial","medium","commercial-head","landing","S01","Полусухая или мокрая стяжка","4","полусух* стяжк*"
"устройство полусухой стяжки пола","11318","Омская область","10","top","полусухая стяжка","assigned","commercial","medium","commercial-head","landing","S01","Полусухая или мокрая стяжка","4","полусух* стяжк*"
"шнек телескопический для бурения скважин","66","Омск","10","top","бурение скважин","unassigned","unmapped","none","none","hold","","","",""
"шнек телескопический для бурения скважин","11318","Омская область","10","top","бурение скважин","unassigned","unmapped","none","none","hold","","","",""
"авито баня под ключ","11318","Омская область","9","top","баня под ключ","assigned","commercial","high","signals","landing","B01","Готовая баня как альтернатива долгой стройке","6","бан* под ключ"
"авито бурение скважин","66","Омск","9","top","бурение скважин","unassigned","commercial","medium","commercial-head","landing","","","",""
"авито омск бани под ключ","11318","Омская область","9","top","баня под ключ","assigned","commercial","high","signals","landing","B01","Готовая баня как альтернатива долгой стройке","6","бан* под ключ"
"бани из бруса под ключ омск","66","Омск","9","top","баня под ключ","unassigned","commercial","high","signals","landing","","","",""
"бани каркасные 5","11318","Омская область","9","top","каркасная баня","unassigned","unmapped","none","none","hold","","","",""
"баня готовая под ключ с доставкой цена","66","Омск","9","top","баня под ключ|готовая баня|доставка бани","unassigned","commercial","high","signals","landing","","","",""
"баня дом на дачном участке","66","Омск","9","top","баня на участок","unassigned","unmapped","none","none","hold","","","",""
"баня дом на дачном участке","11318","Омская область","9","top","баня на участок","unassigned","unmapped","none","none","hold","","","",""
"баня из бревна под ключ","66","Омск","9","top","баня под ключ","unassigned","commercial","high","signals","landing","","","",""
"баня из сруба под ключ","66","Омск","9","top","баня под ключ","unassigned","commercial","high","signals","landing","","","",""
"баня на соседнем участке","66","Омск","9","top","баня на участок","unassigned","unmapped","none","none","hold","","","",""
"баня на соседнем участке","11318","Омская область","9","top","баня на участок","unassigned","unmapped","none","none","hold","","","",""
"баня на участке ижс","11318","Омская область","9","top","баня на участок","unassigned","commercial","medium","commercial-head","landing","","","",""
"баня на участке от забора","66","Омск","9","top","баня на участок","unassigned","unmapped","none","none","hold","","","",""
"баня на участке от забора","11318","Омская область","9","top","баня на участок","unassigned","unmapped","none","none","hold","","","",""
"бурение и ремонт скважин","11318","Омская область","9","top","бурение скважин","unassigned","unmapped","none","none","hold","","","",""
"бурение скважин фото","66","Омск","9","top","бурение скважин","unassigned","commercial","medium","commercial-head","landing","","","",""
"бурение скважины 3","66","Омск","9","top","бурение скважин","unassigned","commercial","medium","commercial-head","landing","","","",""
"бурение скважины 3","11318","Омская область","9","top","бурение скважин","unassigned","commercial","medium","commercial-head","landing","","","",""
"буровой бурение скважин","66","Омск","9","top","бурение скважин","unassigned","commercial","medium","commercial-head","landing","","","",""
"готовые полки для бани","11318","Омская область","9","top","готовая баня","unassigned","unmapped","none","none","hold","","","",""
"готовые полки для бани купить","11318","Омская область","9","top","готовая баня","unassigned","commercial","medium","signals","landing","","","",""
"журнал бурения скважин","66","Омск","9","top","бурение скважин","unassigned","commercial","medium","commercial-head","landing","","","",""
"журнал бурения скважин","11318","Омская область","9","top","бурение скважин","unassigned","commercial","medium","commercial-head","landing","","","",""
"заливка фундамента под баню","11318","Омская область","9","top","фундамент под баню","unassigned","unmapped","none","none","hold","","","",""
"как делается полусухая стяжка","66","Омск","9","top","полусухая стяжка","assigned","informational","medium","intent-tiebreak","guide","S01","Полусухая или мокрая стяжка","4","полусух* стяжк*"
"как прокачать скважину после бурения","66","Омск","9","top","бурение скважин","unassigned","informational","high","signals","guide","","","",""
"как прокачать скважину после бурения","11318","Омская область","9","top","бурение скважин","unassigned","informational","high","signals","guide","","","",""
"как сделать полусухую стяжку своими руками","11318","Омская область","9","top","полусухая стяжка","assigned","informational","high","signals","guide","S01","Полусухая или мокрая стяжка","4","полусух* стяжк*"
"какая должна быть полусухая стяжка","11318","Омская область","9","top","полусухая стяжка","assigned","informational","high","signals","guide","S01","Полусухая или мокрая стяжка","4","полусух* стяжк*"
"какие диаметры бурения скважин","66","Омск","9","top","бурение скважин","unassigned","commercial","low","signals-tie","landing","","","",""
"какие диаметры бурения скважин","11318","Омская область","9","top","бурение скважин","unassigned","commercial","low","signals-tie","landing","","","",""
"каркасная баня плюсы и минусы","66","Омск","9","top","каркасная баня","assigned","informational","low","intent-default","guide","B03","Квадро или каркасная баня","4","каркасн* бан*"
"каркасная перегородка в бане между парилкой","66","Омск","9","top","каркасная баня","unassigned","unmapped","none","none","hold","","","",""
"каркасная перегородка в бане между парилкой","11318","Омская область","9","top","каркасная баня","unassigned","unmapped","none","none","hold","","","",""
"комплект полусухая стяжка","11318","Омская область","9","top","полусухая стяжка","assigned","commercial","medium","commercial-head","landing","S01","Полусухая или мокрая стяжка","4","полусух* стяжк*"
"купить баню бочку под ключ","66","Омск","9","top","баня под ключ","unassigned","commercial","high","signals","landing","","","",""
"машина для полусухой стяжки","66","Омск","9","top","полусухая стяжка","assigned","commercial","medium","commercial-head","landing","S01","Полусухая или мокрая стяжка","4","полусух* стяжк*"
"машина для полусухой стяжки","11318","Омская область","9","top","полусухая стяжка","assigned","commercial","medium","commercial-head","landing","S01","Полусухая или мокрая стяжка","4","полусух* стяжк*"
"минусы каркасной бани","66","Омск","9","top","каркасная баня","assigned","commercial","medium","commercial-head","landing","B03","Квадро или каркасная баня","4","каркасн* бан*"
"нужна полусухая стяжка пола","11318","Омская область","9","top","полусухая стяжка","assigned","informational","medium","intent-tiebreak","guide","S01","Полусухая или мокрая стяжка","8","полусух* стяжк*|стяжка пола"
"односкатные бани каркасные","66","Омск","9","top","каркасная баня","unassigned","unmapped","none","none","hold","","","",""
"односкатные бани каркасные","11318","Омская область","9","top","каркасная баня","unassigned","unmapped","none","none","hold","","","",""
"отделка бани под ключ","66","Омск","9","top","баня под ключ","assigned","commercial","high","signals","landing","B01","Готовая баня как альтернатива долгой стройке","6","бан* под ключ"
"плюсы каркасных бань","66","Омск","9","top","каркасная баня","assigned","commercial","medium","commercial-head","landing","B03","Квадро или каркасная баня","4","каркасн* бан*"
"пневмонагнетатель для полусухой стяжки","66","Омск","9","top","полусухая стяжка","assigned","commercial","medium","commercial-head","landing","S01","Полусухая или мокрая стяжка","4","полусух* стяжк*"
"пневмонагнетатель для полусухой стяжки","11318","Омская область","9","top","полусухая стяжка","assigned","commercial","medium","commercial-head","landing","S01","Полусухая или мокрая стяжка","4","полусух* стяжк*"
"пол в каркасной бане на сваях","11318","Омская область","9","top","каркасная баня","assigned","informational","low","intent-default","guide","B14","Фундамент для мобильной или готовой бани","6","бан* на сва*"
"полусухая стяжка вода","66","Омск","9","top","полусухая стяжка","assigned","commercial","medium","commercial-head","landing","S01","Полусухая или мокрая стяжка","4","полусух* стяжк*"
"полусухая стяжка вода","11318","Омская область","9","top","полусухая стяжка","assigned","commercial","medium","commercial-head","landing","S01","Полусухая или мокрая стяжка","4","полусух* стяжк*"
"полусухая стяжка для теплого пола","11318","Омская область","9","top","полусухая стяжка","assigned","informational","low","intent-default","guide","S01","Полусухая или мокрая стяжка","4","полусух* стяжк*"
"полусухая стяжка пола отзывы","66","Омск","9","top","полусухая стяжка","assigned","commercial","medium","commercial-head","landing","S01","Полусухая или мокрая стяжка","8","полусух* стяжк*|стяжка пола"
"полусухая стяжка пола отзывы","11318","Омская область","9","top","полусухая стяжка","assigned","commercial","medium","commercial-head","landing","S01","Полусухая или мокрая стяжка","8","полусух* стяжк*|стяжка пола"
"полусухая стяжка слой","11318","Омская область","9","top","полусухая стяжка","assigned","commercial","medium","commercial-head","landing","S01","Полусухая или мокрая стяжка","4","полусух* стяжк*"
"портал под печь в бане готовый","66","Омск","9","top","готовая баня","unassigned","unmapped","none","none","hold","","","",""
"портал под печь в бане готовый","11318","Омская область","9","top","готовая баня","unassigned","unmapped","none","none","hold","","","",""
"постройка каркасной бани","66","Омск","9","top","каркасная баня","assigned","commercial","medium","commercial-head","landing","B03","Квадро или каркасная баня","4","каркасн* бан*"
"правило для полусухой стяжки комплект","11318","Омская область","9","top","полусухая стяжка","assigned","informational","low","intent-default","guide","S01","Полусухая или мокрая стяжка","4","полусух* стяжк*"
"правильное бурение скважины","66","Омск","9","top","бурение скважин","unassigned","commercial","medium","commercial-head","landing","","","",""
"рассчитать каркасную баню","66","Омск","9","top","каркасная баня","assigned","commercial","medium","commercial-head","landing","B03","Квадро или каркасная баня","4","каркасн* бан*"
"рассчитать каркасную баню","11318","Омская область","9","top","каркасная баня","assigned","commercial","medium","commercial-head","landing","B03","Квадро или каркасная баня","4","каркасн* бан*"
"сделай бурение скважин","11318","Омская область","9","top","бурение скважин","unassigned","commercial","medium","commercial-head","landing","","","",""
"скважина метров бурение","11318","Омская область","9","top","бурение скважин","unassigned","unmapped","none","none","hold","","","",""
"сколько стоит баня под ключ","66","Омск","9","top","баня под ключ","assigned","commercial","high","signals","landing","B01","Готовая баня как альтернатива долгой стройке","6","бан* под ключ"
"теплая баня зимой","66","Омск","9","top","баня зимой","assigned","informational","low","intent-default","guide","B17","Использование бани зимой в Омске","4","бан* зимой"
"толщина полусухой стяжки пола","11318","Омская область","9","top","полусухая стяжка","assigned","commercial","medium","commercial-head","landing","S01","Полусухая или мокрая стяжка","4","полусух* стяжк*"
"укладка полусухой стяжки","66","Омск","9","top","полусухая стяжка","assigned","commercial","medium","commercial-head","landing","S01","Полусухая или мокрая стяжка","4","полусух* стяжк*"
"установка каркасных бань","11318","Омская область","9","top","каркасная баня","assigned","commercial","medium","commercial-head","landing","B03","Квадро или каркасная баня","4","каркасн* бан*"
"устройство для бурения скважин","66","Омск","9","top","бурение скважин","unassigned","commercial","medium","commercial-head","landing","","","",""
"устройство для бурения скважин","11318","Омская область","9","top","бурение скважин","unassigned","commercial","medium","commercial-head","landing","","","",""
"устройство полусухой стяжки пола","66","Омск","9","top","полусухая стяжка","assigned","commercial","medium","commercial-head","landing","S01","Полусухая или мокрая стяжка","4","полусух* стяжк*"
"уход за полусухой стяжкой","66","Омск","9","top","полусухая стяжка","assigned","commercial","medium","commercial-head","landing","S01","Полусухая или мокрая стяжка","4","полусух* стяжк*"
"уход за полусухой стяжкой","11318","Омская область","9","top","полусухая стяжка","assigned","commercial","medium","commercial-head","landing","S01","Полусухая или мокрая стяжка","4","полусух* стяжк*"
"фундамент под баню 3 на 3","11318","Омская область","9","top","фундамент под баню","assigned","informational","low","intent-default","guide","B14","Фундамент для мобильной или готовой бани","6","фундамент под бан*"
"фундамент под баню 5 5","66","Омск","9","top","фундамент под баню","assigned","informational","low","intent-default","guide","B14","Фундамент для мобильной или готовой бани","6","фундамент под бан*"
"эксплуатационное бурения скважин","11318","Омская область","9","top","бурение скважин","unassigned","commercial","medium","commercial-head","landing","","","",""
"адреса готовых бань","11318","Омская область","8","top","готовая баня","assigned","commercial","medium","commercial-head","landing","B01","Готовая баня как альтернатива долгой стройке","4","готов* бан*"
"аренда полусухой стяжки","66","Омск","8","top","полусухая стяжка","assigned","commercial","medium","commercial-head","landing","S01","Полусухая или мокрая стяжка","4","полусух* стяжк*"
"аренда полусухой стяжки","11318","Омская область","8","top","полусухая стяжка","assigned","commercial","medium","commercial-head","landing","S01","Полусухая или мокрая стяжка","4","полусух* стяжк*"
"бани каркасные 5","66","Омск","8","top","каркасная баня","unassigned","unmapped","none","none","hold","","","",""
"бани на дачном участке планы","66","Омск","8","top","баня на участок","unassigned","unmapped","none","none","hold","","","",""
"бани на дачном участке планы","11318","Омская область","8","top","баня на участок","unassigned","unmapped","none","none","hold","","","",""
"бани под ключ омская область","11318","Омская область","8","top","баня под ключ","assigned","commercial","high","signals","landing","B01","Готовая баня как альтернатива долгой стройке","6","бан* под ключ"
"баня 4 4 фундамент под баню","66","Омск","8","top","фундамент под баню","assigned","informational","low","intent-default","guide","B14","Фундамент для мобильной или готовой бани","6","фундамент под бан*"
"баня внутри под ключ","11318","Омская область","8","top","баня под ключ","unassigned","commercial","high","signals","landing","","","",""
"баня готовая в омской области купить","11318","Омская область","8","top","готовая баня","unassigned","commercial","medium","signals","landing","","","",""
"баня готовая построить","66","Омск","8","top","готовая баня","unassigned","unmapped","none","none","hold","","","",""
"баня купить под ключ в рассрочку","11318","Омская область","8","top","баня под ключ","unassigned","commercial","high","signals","landing","","","",""
"баня на участке закон","11318","Омская область","8","top","баня на участок","unassigned","commercial","medium","commercial-head","landing","","","",""
"баня на участке ижс","66","Омск","8","top","баня на участок","unassigned","commercial","medium","commercial-head","landing","","","",""
"бур для бурения скважин","11318","Омская область","8","top","бурение скважин","unassigned","commercial","medium","commercial-head","landing","","","",""
"бурение водоносных скважин","11318","Омская область","8","top","бурение скважин","unassigned","unmapped","none","none","hold","","","",""
"бурение газовый скважина","11318","Омская область","8","top","бурение скважин","unassigned","unmapped","none","none","hold","","","",""
"бурение нефтяных и газовых скважин","11318","Омская область","8","top","бурение скважин","unassigned","unmapped","none","none","hold","","","",""
"бурение разведочно эксплуатационной скважины","11318","Омская область","8","top","бурение скважин","unassigned","unmapped","none","none","hold","","","",""
"бурение скважины буром","11318","Омская область","8","top","бурение скважин","unassigned","commercial","medium","commercial-head","landing","","","",""
"буры бурения скважин","11318","Омская область","8","top","бурение скважин","unassigned","commercial","medium","commercial-head","landing","","","",""
"вес полусухой стяжки","66","Омск","8","top","полусухая стяжка","assigned","commercial","medium","commercial-head","landing","S01","Полусухая или мокрая стяжка","4","полусух* стяжк*"
"вес полусухой стяжки","11318","Омская область","8","top","полусухая стяжка","assigned","commercial","medium","commercial-head","landing","S01","Полусухая или мокрая стяжка","4","полусух* стяжк*"
"вода в бане зимой","11318","Омская область","8","top","баня зимой","assigned","informational","low","intent-default","guide","B17","Использование бани зимой в Омске","4","бан* зимой"
"водоносные слои при бурении скважин","11318","Омская область","8","top","бурение скважин","unassigned","unmapped","none","none","hold","","","",""
"водяной пол полусухой стяжки","11318","Омская область","8","top","полусухая стяжка","assigned","commercial","medium","commercial-head","landing","S01","Полусухая или мокрая стяжка","4","полусух* стяжк*"
"водяной полусухая стяжка","11318","Омская область","8","top","полусухая стяжка","assigned","commercial","medium","commercial-head","landing","S01","Полусухая или мокрая стяжка","4","полусух* стяжк*"
"где готовые бани","66","Омск","8","top","готовая баня","assigned","commercial","medium","intent-tiebreak","landing","B01","Готовая баня как альтернатива долгой стройке","4","готов* бан*"
"где готовые бани","11318","Омская область","8","top","готовая баня","assigned","commercial","medium","intent-tiebreak","landing","B01","Готовая баня как альтернатива долгой стройке","4","готов* бан*"
"готовая полусухая стяжка","11318","Омская область","8","top","полусухая стяжка","assigned","commercial","medium","commercial-head","landing","S01","Полусухая или мокрая стяжка","4","полусух* стяжк*"
"дешевые бани под ключ","11318","Омская область","8","top","баня под ключ","assigned","commercial","high","signals","landing","B01","Готовая баня как альтернатива долгой стройке","6","бан* под ключ"
"как делается полусухая стяжка пола","11318","Омская область","8","top","полусухая стяжка","assigned","informational","high","signals","guide","S01","Полусухая или мокрая стяжка","8","полусух* стяжк*|стяжка пола"
"как делают каркасные бани","11318","Омская область","8","top","каркасная баня","assigned","informational","medium","intent-tiebreak","guide","B03","Квадро или каркасная баня","4","каркасн* бан*"
"как правильно прокачать скважину после бурения","66","Омск","8","top","бурение скважин","unassigned","informational","high","signals","guide","","","",""
"как правильно прокачать скважину после бурения","11318","Омская область","8","top","бурение скважин","unassigned","informational","high","signals","guide","","","",""
"как расположить баню на участке","11318","Омская область","8","top","баня на участок","unassigned","informational","high","signals","guide","","","",""
"как сделать полусухую стяжку пола","66","Омск","8","top","полусухая стяжка","assigned","informational","high","signals","guide","S01","Полусухая или мокрая стяжка","4","полусух* стяжк*"
"как сделать полусухую стяжку пола своими руками","11318","Омская область","8","top","полусухая стяжка","assigned","informational","high","signals","guide","S01","Полусухая или мокрая стяжка","4","полусух* стяжк*"
"как установить каркасную баню","11318","Омская область","8","top","каркасная баня","assigned","informational","medium","intent-tiebreak","guide","B03","Квадро или каркасная баня","4","каркасн* бан*"
"как утеплить баню зимой","11318","Омская область","8","top","баня зимой","assigned","informational","high","signals","guide","B17","Использование бани зимой в Омске","4","бан* зимой"
"какая баня лучше каркасная или","11318","Омская область","8","top","каркасная баня","unassigned","informational","high","signals","guide","","","",""
"какая должна быть полусухая стяжка пола","11318","Омская область","8","top","полусухая стяжка","assigned","informational","high","signals","guide","S01","Полусухая или мокрая стяжка","8","полусух* стяжк*|стяжка пола"
"какая стяжка лучше полусухая или мокрая","66","Омск","8","top","полусухая стяжка","unassigned","informational","high","signals","guide","","","",""
"какая стяжка лучше полусухая или мокрая","11318","Омская область","8","top","полусухая стяжка","unassigned","informational","high","signals","guide","","","",""
"каркасная баня на винтовых","11318","Омская область","8","top","каркасная баня","assigned","commercial","medium","commercial-head","landing","B03","Квадро или каркасная баня","4","каркасн* бан*"
"каркасная баня на винтовых сваях","11318","Омская область","8","top","каркасная баня","assigned","informational","low","intent-default","guide","B03","Квадро или каркасная баня","4","каркасн* бан*"
"компании по бурению скважин","66","Омск","8","top","бурение скважин","unassigned","commercial","medium","commercial-head","landing","","","",""
"компании по бурению скважин","11318","Омская область","8","top","бурение скважин","unassigned","commercial","medium","commercial-head","landing","","","",""
"марка полусухой стяжки","11318","Омская область","8","top","полусухая стяжка","assigned","commercial","medium","commercial-head","landing","S01","Полусухая или мокрая стяжка","4","полусух* стяжк*"
"методы бурения скважин","11318","Омская область","8","top","бурение скважин","unassigned","commercial","medium","commercial-head","landing","","","",""
"механизированная штукатурка омск","11318","Омская область","8","top","механизированная штукатурка","assigned","commercial","medium","commercial-head","landing","P01","Механизированная или ручная штукатурка","4","механизированн* штукатурк*"
"минимальная толщина полусухой стяжки","66","Омск","8","top","полусухая стяжка","assigned","commercial","medium","commercial-head","landing","S01","Полусухая или мокрая стяжка","4","полусух* стяжк*"
"минимальная толщина полусухой стяжки","11318","Омская область","8","top","полусухая стяжка","assigned","commercial","medium","commercial-head","landing","S01","Полусухая или мокрая стяжка","4","полусух* стяжк*"
"минимальный слой полусухой стяжки","11318","Омская область","8","top","полусухая стяжка","assigned","commercial","medium","commercial-head","landing","S01","Полусухая или мокрая стяжка","4","полусух* стяжк*"
"мобильная баня купить недорого","11318","Омская область","8","top","мобильная баня","assigned","commercial","high","signals","landing","B01","Готовая баня как альтернатива долгой стройке","4","мобильн* бан*"
"мобильная баня недорого","11318","Омская область","8","top","мобильная баня","assigned","commercial","high","signals","landing","B01","Готовая баня как альтернатива долгой стройке","4","мобильн* бан*"
"мобильные бани в омске купить недорого","11318","Омская область","8","top","мобильная баня","assigned","commercial","high","signals","landing","B01","Готовая баня как альтернатива долгой стройке","4","мобильн* бан*"
"монтаж каркасных бань","66","Омск","8","top","каркасная баня","assigned","commercial","medium","commercial-head","landing","B03","Квадро или каркасная баня","4","каркасн* бан*"
"монтаж каркасных бань","11318","Омская область","8","top","каркасная баня","assigned","commercial","medium","commercial-head","landing","B03","Квадро или каркасная баня","4","каркасн* бан*"
"наливной или полусухая стяжка","66","Омск","8","top","полусухая стяжка","assigned","informational","medium","intent-tiebreak","guide","S01","Полусухая или мокрая стяжка","4","полусух* стяжк*"
"наливной или полусухая стяжка","11318","Омская область","8","top","полусухая стяжка","assigned","informational","medium","intent-tiebreak","guide","S01","Полусухая или мокрая стяжка","4","полусух* стяжк*"
"нужна полусухая стяжка пола","66","Омск","8","top","полусухая стяжка","assigned","informational","medium","intent-tiebreak","guide","S01","Полусухая или мокрая стяжка","8","полусух* стяжк*|стяжка пола"
"обсадное бурение скважин","66","Омск","8","top","бурение скважин","unassigned","commercial","medium","commercial-head","landing","","","",""
"обсадное бурение скважин","11318","Омская область","8","top","бурение скважин","unassigned","commercial","medium","commercial-head","landing","","","",""
"окно в каркасной бане","66","Омск","8","top","каркасная баня","assigned","commercial","medium","commercial-head","landing","B03","Квадро или каркасная баня","4","каркасн* бан*"
"окно в каркасной бане","11318","Омская область","8","top","каркасная баня","assigned","commercial","medium","commercial-head","landing","B03","Квадро или каркасная баня","4","каркасн* бан*"
"ооо бурение скважин","66","Омск","8","top","бурение скважин","unassigned","commercial","medium","commercial-head","landing","","","",""
"отделка бань под ключ цены","11318","Омская область","8","top","баня под ключ","assigned","commercial","high","signals","landing","B01","Готовая баня как альтернатива долгой стройке","6","бан* под ключ"
"песок для полусухой стяжки","11318","Омская область","8","top","полусухая стяжка","assigned","commercial","medium","commercial-head","landing","S01","Полусухая или мокрая стяжка","4","полусух* стяжк*"
"план дома и бани на участке","66","Омск","8","top","баня на участок","unassigned","unmapped","none","none","hold","","","",""
"полусухая стяжка пола цена материала","11318","Омская область","8","top","полусухая стяжка","assigned","commercial","medium","signals","landing","S01","Полусухая или мокрая стяжка","8","полусух* стяжк*|стяжка пола"
"полусухая стяжка пола цена метр","11318","Омская область","8","top","полусухая стяжка","assigned","commercial","medium","signals","landing","S01","Полусухая или мокрая стяжка","8","полусух* стяжк*|стяжка пола"
"полусухая стяжка пола швы","66","Омск","8","top","полусухая стяжка","assigned","commercial","medium","commercial-head","landing","S01","Полусухая или мокрая стяжка","8","полусух* стяжк*|стяжка пола"
"полусухая стяжка стен","66","Омск","8","top","полусухая стяжка","assigned","commercial","medium","commercial-head","landing","S01","Полусухая или мокрая стяжка","4","полусух* стяжк*"
"полусухая стяжка стен","11318","Омская область","8","top","полусухая стяжка","assigned","commercial","medium","commercial-head","landing","S01","Полусухая или мокрая стяжка","4","полусух* стяжк*"
"полусухая стяжка технология","11318","Омская область","8","top","полусухая стяжка","assigned","commercial","medium","commercial-head","landing","S01","Полусухая или мокрая стяжка","4","полусух* стяжк*"
"полусухая стяжка уход после заливки","66","Омск","8","top","полусухая стяжка","assigned","informational","low","intent-default","guide","S01","Полусухая или мокрая стяжка","4","полусух* стяжк*"
"полусухая стяжка уход после заливки","11318","Омская область","8","top","полусухая стяжка","assigned","informational","low","intent-default","guide","S01","Полусухая или мокрая стяжка","4","полусух* стяжк*"
"полусухая стяжка цена за квадратный метр","11318","Омская область","8","top","полусухая стяжка","assigned","commercial","medium","signals","landing","S01","Полусухая или мокрая стяжка","4","полусух* стяжк*"
"полусухая стяжка цена за метр","11318","Омская область","8","top","полусухая стяжка","assigned","commercial","medium","signals","landing","S01","Полусухая или мокрая стяжка","4","полусух* стяжк*"
"полусухая стяжка цена материала","11318","Омская область","8","top","полусухая стяжка","assigned","commercial","high","signals","landing","S01","Полусухая или мокрая стяжка","4","полусух* стяжк*"
"полусухая цементная стяжка пола","66","Омск","8","top","полусухая стяжка","assigned","informational","low","intent-default","guide","S01","Полусухая или мокрая стяжка","4","стяжка пола"
"полусухая цементная стяжка пола","11318","Омская область","8","top","полусухая стяжка","assigned","informational","low","intent-default","guide","S01","Полусухая или мокрая стяжка","4","стяжка пола"
"посмотреть готовые бани","66","Омск","8","top","готовая баня","assigned","commercial","medium","commercial-head","landing","B01","Готовая баня как альтернатива долгой стройке","4","готов* бан*"
"посмотреть готовые бани","11318","Омская область","8","top","готовая баня","assigned","commercial","medium","commercial-head","landing","B01","Готовая баня как альтернатива долгой стройке","4","готов* бан*"
"построить баню на дачном участке","11318","Омская область","8","top","баня на участок","unassigned","unmapped","none","none","hold","","","",""
"продажа готовых бань","11318","Омская область","8","top","готовая баня","assigned","commercial","high","signals","landing","B01","Готовая баня как альтернатива долгой стройке","4","готов* бан*"
"размеры бани на участке","11318","Омская область","8","top","баня на участок","unassigned","commercial","medium","commercial-head","landing","","","",""
"расстояние дома от бани на участке","11318","Омская область","8","top","баня на участок","unassigned","unmapped","none","none","hold","","","",""
"расходы полусухой стяжки","11318","Омская область","8","top","полусухая стяжка","assigned","commercial","medium","commercial-head","landing","S01","Полусухая или мокрая стяжка","4","полусух* стяжк*"
"салат на зиму на водяной бане","11318","Омская область","8","top","баня зимой","unassigned","unmapped","none","none","hold","","","",""
"сколько стоит готовая баня","66","Омск","8","top","готовая баня","assigned","commercial","high","signals","landing","B01","Готовая баня как альтернатива долгой стройке","4","готов* бан*"
"слои бурения скважины","11318","Омская область","8","top","бурение скважин","unassigned","commercial","medium","commercial-head","landing","","","",""
"строительство бани на земельном участке","11318","Омская область","8","top","баня на участок","assigned","informational","low","intent-default","guide","B02","Готовая баня или строить на участке","8","строит* бан*|строительств* бан*"
"стяжка пола полусухая или мокрая какая лучше","66","Омск","8","top","полусухая стяжка","assigned","informational","high","signals","guide","S01","Полусухая или мокрая стяжка","4","стяжка пола"
"стяжка пола полусухая или мокрая какая лучше","11318","Омская область","8","top","полусухая стяжка","assigned","informational","high","signals","guide","S01","Полусухая или мокрая стяжка","4","стяжка пола"
"схема каркасной бани","66","Омск","8","top","каркасная баня","assigned","commercial","medium","commercial-head","landing","B03","Квадро или каркасная баня","4","каркасн* бан*"
"толщина полусухой стяжки пола","66","Омск","8","top","полусухая стяжка","assigned","commercial","medium","commercial-head","landing","S01","Полусухая или мокрая стяжка","4","полусух* стяжк*"
"установка для бурения скважин","66","Омск","8","top","бурение скважин","unassigned","commercial","medium","commercial-head","landing","","","",""
"устройство пола в каркасной бане","66","Омск","8","top","каркасная баня","assigned","informational","low","intent-default","guide","B03","Квадро или каркасная баня","4","каркасн* бан*"
"устройство пола в каркасной бане","11318","Омская область","8","top","каркасная баня","assigned","informational","low","intent-default","guide","B03","Квадро или каркасная баня","4","каркасн* бан*"
"утеплитель для каркасной бани","66","Омск","8","top","каркасная баня","assigned","commercial","medium","commercial-head","landing","B03","Квадро или каркасная баня","4","каркасн* бан*"
"уход за полом после полусухой стяжки","66","Омск","8","top","полусухая стяжка","assigned","informational","low","intent-default","guide","S01","Полусухая или мокрая стяжка","4","полусух* стяжк*"
"уход за полом после полусухой стяжки","11318","Омская область","8","top","полусухая стяжка","assigned","informational","low","intent-default","guide","S01","Полусухая или мокрая стяжка","4","полусух* стяжк*"
"уход за полусухой стяжкой в квартире","66","Омск","8","top","полусухая стяжка","assigned","informational","low","intent-default","guide","S01","Полусухая или мокрая стяжка","4","полусух* стяжк*"
"уход за полусухой стяжкой в квартире","11318","Омская область","8","top","полусухая стяжка","assigned","informational","low","intent-default","guide","S01","Полусухая или мокрая стяжка","4","полусух* стяжк*"
"уход за полусухой стяжкой пола","66","Омск","8","top","полусухая стяжка","assigned","informational","low","intent-default","guide","S01","Полусухая или мокрая стяжка","4","полусух* стяжк*"
"уход за полусухой стяжкой пола","11318","Омская область","8","top","полусухая стяжка","assigned","informational","low","intent-default","guide","S01","Полусухая или мокрая стяжка","4","полусух* стяжк*"
"уход за полусухой стяжкой пола после заливки","66","Омск","8","top","полусухая стяжка","assigned","informational","low","intent-default","guide","S01","Полусухая или мокрая стяжка","4","полусух* стяжк*"
"уход за полусухой стяжкой пола после заливки","11318","Омская область","8","top","полусухая стяжка","assigned","informational","low","intent-default","guide","S01","Полусухая или мокрая стяжка","4","полусух* стяжк*"
"фундамент под печь в бане","66","Омск","8","top","фундамент под баню","unassigned","unmapped","none","none","hold","","","",""
"цена полусухой стяжки пола за квадратный","11318","Омская область","8","top","полусухая стяжка","assigned","commercial","medium","signals","landing","S01","Полусухая или мокрая стяжка","4","полусух* стяжк*"
"цена полусухой стяжки пола за квадратный метр","11318","Омская область","8","top","полусухая стяжка","assigned","commercial","medium","signals","landing","S01","Полусухая или мокрая стяжка","4","полусух* стяжк*"
"чертеж каркасной бани","66","Омск","8","top","каркасная баня","assigned","commercial","medium","commercial-head","landing","B03","Квадро или каркасная баня","4","каркасн* бан*"
"александр бурение скважин","11318","Омская область","7","top","бурение скважин","unassigned","commercial","medium","commercial-head","landing","","","",""
"бани бочки под ключ с печкой","11318","Омская область","7","top","баня под ключ","unassigned","commercial","high","signals","landing","","","",""
"бани под ключ в новосибирске","66","Омск","7","top","баня под ключ","assigned","commercial","high","signals","landing","B01","Готовая баня как альтернатива долгой стройке","6","бан* под ключ"
"бани под ключ в рассрочку недорого","11318","Омская область","7","top","баня под ключ","assigned","commercial","high","signals","landing","B01","Готовая баня как альтернатива долгой стройке","6","бан* под ключ"
"бани под ключ с печкой цены","11318","Омская область","7","top","баня под ключ","assigned","commercial","high","signals","landing","B01","Готовая баня как альтернатива долгой стройке","6","бан* под ключ"
"баня 2 2 под ключ","11318","Омская область","7","top","баня под ключ","unassigned","commercial","high","signals","landing","","","",""
"баня брус ключ под цена","66","Омск","7","top","баня под ключ","unassigned","commercial","medium","signals","landing","","","",""
"баня внутри под ключ","66","Омск","7","top","баня под ключ","unassigned","commercial","high","signals","landing","","","",""
"баня для дачи под ключ цены","11318","Омская область","7","top","баня под ключ","unassigned","commercial","high","signals","landing","","","",""
"баня домик готовая","11318","Омская область","7","top","готовая баня","unassigned","unmapped","none","none","hold","","","",""
"баня купить под ключ в рассрочку","66","Омск","7","top","баня под ключ","unassigned","commercial","high","signals","landing","","","",""
"баня на дачу купить под ключ","66","Омск","7","top","баня под ключ","unassigned","commercial","high","signals","landing","","","",""
"баня на дачу купить под ключ","11318","Омская область","7","top","баня под ключ","unassigned","commercial","high","signals","landing","","","",""
"баня на садовом участке","66","Омск","7","top","баня на участок","unassigned","unmapped","none","none","hold","","","",""
"баня на садовом участке","11318","Омская область","7","top","баня на участок","unassigned","unmapped","none","none","hold","","","",""
"баня на участке закон","66","Омск","7","top","баня на участок","unassigned","commercial","medium","commercial-head","landing","","","",""
"баня под ключ баня строй","11318","Омская область","7","top","баня под ключ","assigned","commercial","high","signals","landing","B01","Готовая баня как альтернатива долгой стройке","6","бан* под ключ"
"баня под ключ цена внутри","66","Омск","7","top","баня под ключ","assigned","commercial","high","signals","landing","B01","Готовая баня как альтернатива долгой стройке","6","бан* под ключ"
"баня под ключ цена внутри","11318","Омская область","7","top","баня под ключ","assigned","commercial","high","signals","landing","B01","Готовая баня как альтернатива долгой стройке","6","бан* под ключ"
"баня под ключ цена работы","11318","Омская область","7","top","баня под ключ","assigned","commercial","high","signals","landing","B01","Готовая баня как альтернатива долгой стройке","6","бан* под ключ"
"бочка баня для дачи под ключ","11318","Омская область","7","top","баня под ключ","unassigned","commercial","high","signals","landing","","","",""
"бур для бурения скважин","66","Омск","7","top","бурение скважин","unassigned","commercial","medium","commercial-head","landing","","","",""
"бурение разведочных скважин нефть","11318","Омская область","7","top","бурение скважин","unassigned","unmapped","none","none","hold","","","",""
"бурение скважин александров","11318","Омская область","7","top","бурение скважин","unassigned","commercial","medium","commercial-head","landing","","","",""
"бурение скважин бурят","11318","Омская область","7","top","бурение скважин","negative","noise","high","negative-rule","hold","","","",""
"бурение скважин на воду александров","11318","Омская область","7","top","бурение скважин","unassigned","unmapped","none","none","hold","","","",""
"бурение скважин на нефть и газ","11318","Омская область","7","top","бурение скважин","unassigned","unmapped","none","none","hold","","","",""
"бурение скважин омская область","66","Омск","7","top","бурение скважин","unassigned","commercial","medium","commercial-head","landing","","","",""
"бурение скважины буром","66","Омск","7","top","бурение скважин","unassigned","commercial","medium","commercial-head","landing","","","",""
"бурение эксплуатационных разведочных скважин нефть","11318","Омская область","7","top","бурение скважин","unassigned","unmapped","none","none","hold","","","",""
"бурение эксплуатационных скважин на нефть","11318","Омская область","7","top","бурение скважин","unassigned","unmapped","none","none","hold","","","",""
"бурения скважин газом","11318","Омская область","7","top","бурение скважин","unassigned","commercial","medium","commercial-head","landing","","","",""
"бурильщика эксплуатационного и разведочного бурения скважин","11318","Омская область","7","top","бурение скважин","unassigned","unmapped","none","none","hold","","","",""
"буры бурения скважин","66","Омск","7","top","бурение скважин","unassigned","commercial","medium","commercial-head","landing","","","",""
"готовая баня 5 5","11318","Омская область","7","top","готовая баня","assigned","commercial","medium","commercial-head","landing","B01","Готовая баня как альтернатива долгой стройке","4","готов* бан*"
"готовая баня бочка","11318","Омская область","7","top","готовая баня","assigned","commercial","medium","commercial-head","landing","B01","Готовая баня как альтернатива долгой стройке","4","готов* бан*"
"готовые бани домики омск","11318","Омская область","7","top","готовая баня","assigned","commercial","medium","commercial-head","landing","B01","Готовая баня как альтернатива долгой стройке","4","готов* бан*"
"готовые бани от производителя","66","Омск","7","top","готовая баня","assigned","commercial","high","signals","landing","B01","Готовая баня как альтернатива долгой стройке","4","готов* бан*"
"готовые бани от производителя и цены","66","Омск","7","top","готовая баня","assigned","commercial","high","signals","landing","B01","Готовая баня как альтернатива долгой стройке","4","готов* бан*"
"готовые бани под ключ от производителя","66","Омск","7","top","баня под ключ|готовая баня","assigned","commercial","high","signals","landing","B08","Что входит в баню под ключ","12","бан* под ключ|готов* бан* под ключ"
"дом баня под ключ","66","Омск","7","top","баня под ключ","assigned","commercial","high","signals","landing","B01","Готовая баня как альтернатива долгой стройке","6","бан* под ключ"
"дом баня под ключ","11318","Омская область","7","top","баня под ключ","assigned","commercial","high","signals","landing","B01","Готовая баня как альтернатива долгой стройке","6","бан* под ключ"
"забивка свай бурение скважин","66","Омск","7","top","бурение скважин","unassigned","commercial","medium","commercial-head","landing","","","",""
"забивка свай бурение скважин","11318","Омская область","7","top","бурение скважин","unassigned","commercial","medium","commercial-head","landing","","","",""
"из чего лучше купить готовую баню","66","Омск","7","top","готовая баня","assigned","commercial","medium","signals","landing","B01","Готовая баня как альтернатива долгой стройке","4","готов* бан*"
"из чего лучше купить готовую баню","11318","Омская область","7","top","готовая баня","assigned","commercial","medium","signals","landing","B01","Готовая баня как альтернатива долгой стройке","4","готов* бан*"
"инструмент для полусухой стяжки","11318","Омская область","7","top","полусухая стяжка","assigned","commercial","medium","commercial-head","landing","S01","Полусухая или мокрая стяжка","4","полусух* стяжк*"
"как завести водопровод под баню через фундамент","11318","Омская область","7","top","фундамент под баню","unassigned","informational","high","signals","guide","","","",""
"как считается глубина скважины при бурении","66","Омск","7","top","бурение скважин","assigned","informational","high","signals","guide","D04","Глубина скважины и итоговая стоимость","4","глубин* скважин*"
"как считается глубина скважины при бурении","11318","Омская область","7","top","бурение скважин","assigned","informational","high","signals","guide","D04","Глубина скважины и итоговая стоимость","4","глубин* скважин*"
"как установить каркасную баню","66","Омск","7","top","каркасная баня","assigned","informational","medium","intent-tiebreak","guide","B03","Квадро или каркасная баня","4","каркасн* бан*"
"как установить металлическую печь в каркасной бане","66","Омск","7","top","каркасная баня","assigned","informational","high","signals","guide","B03","Квадро или каркасная баня","4","каркасн* бан*"
"как установить металлическую печь в каркасной бане","11318","Омская область","7","top","каркасная баня","assigned","informational","high","signals","guide","B03","Квадро или каркасная баня","4","каркасн* бан*"
"как установить печь в каркасной бане","66","Омск","7","top","каркасная баня","assigned","informational","high","signals","guide","B03","Квадро или каркасная баня","4","каркасн* бан*"
"как установить печь в каркасной бане","11318","Омская область","7","top","каркасная баня","assigned","informational","high","signals","guide","B03","Квадро или каркасная баня","4","каркасн* бан*"
"какой утеплитель лучше для каркасной бани","11318","Омская область","7","top","каркасная баня","assigned","informational","high","signals","guide","B03","Квадро или каркасная баня","4","каркасн* бан*"
"каркасная баня видео","11318","Омская область","7","top","каркасная баня","assigned","commercial","medium","commercial-head","landing","B03","Квадро или каркасная баня","4","каркасн* бан*"
"каркасная баня самому","11318","Омская область","7","top","каркасная баня","assigned","commercial","medium","commercial-head","landing","B03","Квадро или каркасная баня","4","каркасн* бан*"
"каркасная баня своими руками пошагово","66","Омск","7","top","каркасная баня","assigned","informational","high","signals","guide","B03","Квадро или каркасная баня","4","каркасн* бан*"
"каркасная баня своими руками пошагово","11318","Омская область","7","top","каркасная баня","assigned","informational","high","signals","guide","B03","Квадро или каркасная баня","4","каркасн* бан*"
"каркасная баня скачать","11318","Омская область","7","top","каркасная баня","assigned","commercial","medium","commercial-head","landing","B03","Квадро или каркасная баня","4","каркасн* бан*"
"каркасная мобильная баня в омске цена","66","Омск","7","top","каркасная баня|мобильная баня","assigned","commercial","medium","signals","landing","B01","Готовая баня как альтернатива долгой стройке","4","мобильн* бан*"
"каркасная мобильная баня в омске цена","11318","Омская область","7","top","каркасная баня|мобильная баня","assigned","commercial","medium","signals","landing","B01","Готовая баня как альтернатива долгой стройке","4","мобильн* бан*"
"каркасные бани изнутри","11318","Омская область","7","top","каркасная баня","assigned","commercial","medium","commercial-head","landing","B03","Квадро или каркасная баня","4","каркасн* бан*"
"купить баню в рассрочку под ключ недорого","11318","Омская область","7","top","баня под ключ","unassigned","commercial","high","signals","landing","","","",""
"купить готовую баню на авито","11318","Омская область","7","top","готовая баня","assigned","commercial","medium","signals","landing","B01","Готовая баня как альтернатива долгой стройке","4","готов* бан*"
"купить готовую дешевую баню в омске","66","Омск","7","top","готовая баня","unassigned","commercial","medium","signals","landing","","","",""
"купить готовую дешевую баню в омске","11318","Омская область","7","top","готовая баня","unassigned","commercial","medium","signals","landing","","","",""
"лидерное бурение скважин сваи","66","Омск","7","top","бурение скважин","unassigned","commercial","medium","commercial-head","landing","","","",""
"лидерное бурение скважин сваи","11318","Омская область","7","top","бурение скважин","unassigned","commercial","medium","commercial-head","landing","","","",""
"лучшая готовая баня","66","Омск","7","top","готовая баня","assigned","commercial","medium","commercial-head","landing","B01","Готовая баня как альтернатива долгой стройке","4","готов* бан*"
"лучший утеплитель для каркасной бани","11318","Омская область","7","top","каркасная баня","assigned","informational","low","intent-default","guide","B03","Квадро или каркасная баня","4","каркасн* бан*"
"металлическая каркасная баня","66","Омск","7","top","каркасная баня","assigned","commercial","medium","commercial-head","landing","B03","Квадро или каркасная баня","4","каркасн* бан*"
"металлическая каркасная баня","11318","Омская область","7","top","каркасная баня","assigned","commercial","medium","commercial-head","landing","B03","Квадро или каркасная баня","4","каркасн* бан*"
"минимальный слой полусухой стяжки","66","Омск","7","top","полусухая стяжка","assigned","commercial","medium","commercial-head","landing","S01","Полусухая или мокрая стяжка","4","полусух* стяжк*"
"мобильные бани викинг","11318","Омская область","7","top","мобильная баня","assigned","commercial","medium","commercial-head","landing","B01","Готовая баня как альтернатива долгой стройке","4","мобильн* бан*"
"на каком участке можно строить баню","11318","Омская область","7","top","баня на участок","assigned","informational","low","intent-default","guide","B02","Готовая баня или строить на участке","4","строит* бан*"
"найти готовые бани","66","Омск","7","top","готовая баня","assigned","commercial","medium","commercial-head","landing","B01","Готовая баня как альтернатива долгой стройке","4","готов* бан*"
"найти готовые бани","11318","Омская область","7","top","готовая баня","assigned","commercial","medium","commercial-head","landing","B01","Готовая баня как альтернатива долгой стройке","4","готов* бан*"
"нужен фундамент под баню","66","Омск","7","top","фундамент под баню","assigned","informational","high","signals","guide","B14","Фундамент для мобильной или готовой бани","6","фундамент под бан*"
"нужен фундамент под баню","11318","Омская область","7","top","фундамент под баню","assigned","informational","high","signals","guide","B14","Фундамент для мобильной или готовой бани","6","фундамент под бан*"
"нужно регистрировать баню на участке","11318","Омская область","7","top","баня на участок","unassigned","informational","high","signals","guide","","","",""
"обвязка каркасной бани","66","Омск","7","top","каркасная баня","assigned","commercial","medium","commercial-head","landing","B03","Квадро или каркасная баня","4","каркасн* бан*"
"обвязка каркасной бани","11318","Омская область","7","top","каркасная баня","assigned","commercial","medium","commercial-head","landing","B03","Квадро или каркасная баня","4","каркасн* бан*"
"оборудование для полусухой стяжки","11318","Омская область","7","top","полусухая стяжка","assigned","commercial","medium","commercial-head","landing","S01","Полусухая или мокрая стяжка","4","полусух* стяжк*"
"объем скважины бурение","66","Омск","7","top","бурение скважин","unassigned","unmapped","none","none","hold","","","",""
"объем скважины бурение","11318","Омская область","7","top","бурение скважин","unassigned","unmapped","none","none","hold","","","",""
"отделка бани внутри под ключ","66","Омск","7","top","баня под ключ","unassigned","commercial","high","signals","landing","","","",""
"отделка бани внутри под ключ","11318","Омская область","7","top","баня под ключ","unassigned","commercial","high","signals","landing","","","",""
"отделка бани внутри цена под ключ","66","Омск","7","top","баня под ключ","unassigned","commercial","high","signals","landing","","","",""
"отделка бани внутри цена под ключ","11318","Омская область","7","top","баня под ключ","unassigned","commercial","high","signals","landing","","","",""
"отделка бань под ключ цены","66","Омск","7","top","баня под ключ","assigned","commercial","high","signals","landing","B01","Готовая баня как альтернатива долгой стройке","6","бан* под ключ"
"пеноплекс под полусухую стяжку","66","Омск","7","top","полусухая стяжка","assigned","commercial","medium","commercial-head","landing","S01","Полусухая или мокрая стяжка","4","полусух* стяжк*"
"пеноплекс под полусухую стяжку","11318","Омская область","7","top","полусухая стяжка","assigned","commercial","medium","commercial-head","landing","S01","Полусухая или мокрая стяжка","4","полусух* стяжк*"
"плитка в каркасной бане","66","Омск","7","top","каркасная баня","assigned","commercial","medium","commercial-head","landing","B03","Квадро или каркасная баня","4","каркасн* бан*"
"плитка в каркасной бане","11318","Омская область","7","top","каркасная баня","assigned","commercial","medium","commercial-head","landing","B03","Квадро или каркасная баня","4","каркасн* бан*"
"покрытие полусухой стяжки","66","Омск","7","top","полусухая стяжка","assigned","commercial","medium","commercial-head","landing","S01","Полусухая или мокрая стяжка","4","полусух* стяжк*"
"покрытие полусухой стяжки","11318","Омская область","7","top","полусухая стяжка","assigned","commercial","medium","commercial-head","landing","S01","Полусухая или мокрая стяжка","4","полусух* стяжк*"
"пол в каркасной бане на сваях","66","Омск","7","top","каркасная баня","assigned","informational","low","intent-default","guide","B14","Фундамент для мобильной или готовой бани","6","бан* на сва*"
"полусухая стяжка в доме","66","Омск","7","top","полусухая стяжка","assigned","commercial","medium","commercial-head","landing","S01","Полусухая или мокрая стяжка","4","полусух* стяжк*"
"полусухая стяжка в доме","11318","Омская область","7","top","полусухая стяжка","assigned","commercial","medium","commercial-head","landing","S01","Полусухая или мокрая стяжка","4","полусух* стяжк*"
"полусухая стяжка для теплого пола","66","Омск","7","top","полусухая стяжка","assigned","informational","low","intent-default","guide","S01","Полусухая или мокрая стяжка","4","полусух* стяжк*"
"полусухая стяжка пола за метр","66","Омск","7","top","полусухая стяжка","assigned","informational","low","intent-default","guide","S01","Полусухая или мокрая стяжка","8","полусух* стяжк*|стяжка пола"
"полусухая стяжка пола квадратный метр материалами","66","Омск","7","top","полусухая стяжка","assigned","informational","low","intent-default","guide","S01","Полусухая или мокрая стяжка","8","полусух* стяжк*|стяжка пола"
"полусухая стяжка пола купить","11318","Омская область","7","top","полусухая стяжка","assigned","commercial","high","signals","landing","S01","Полусухая или мокрая стяжка","8","полусух* стяжк*|стяжка пола"
"полусухая стяжка с материалом за метр","66","Омск","7","top","полусухая стяжка","assigned","informational","low","intent-default","guide","S01","Полусухая или мокрая стяжка","4","полусух* стяжк*"
"полусухая стяжка сколько цемента","11318","Омская область","7","top","полусухая стяжка","assigned","informational","medium","intent-tiebreak","guide","S01","Полусухая или мокрая стяжка","4","полусух* стяжк*"
"полусухая стяжка слой","66","Омск","7","top","полусухая стяжка","assigned","commercial","medium","commercial-head","landing","S01","Полусухая или мокрая стяжка","4","полусух* стяжк*"
"полусухая стяжка сохнет","11318","Омская область","7","top","полусухая стяжка","assigned","commercial","medium","commercial-head","landing","S01","Полусухая или мокрая стяжка","4","полусух* стяжк*"
"полусухая стяжка форумы","66","Омск","7","top","полусухая стяжка","assigned","commercial","medium","commercial-head","landing","S01","Полусухая или мокрая стяжка","4","полусух* стяжк*"
"полусухая стяжка форумы","11318","Омская область","7","top","полусухая стяжка","assigned","commercial","medium","commercial-head","landing","S01","Полусухая или мокрая стяжка","4","полусух* стяжк*"
"пошагово каркасная баня","66","Омск","7","top","каркасная баня","assigned","commercial","medium","commercial-head","landing","B03","Квадро или каркасная баня","4","каркасн* бан*"
"пошагово каркасная баня","11318","Омская область","7","top","каркасная баня","assigned","commercial","medium","commercial-head","landing","B03","Квадро или каркасная баня","4","каркасн* бан*"
"правильные каркасные бани","66","Омск","7","top","каркасная баня","assigned","commercial","medium","commercial-head","landing","B03","Квадро или каркасная баня","4","каркасн* бан*"
"правильный пирог каркасной бани","11318","Омская область","7","top","каркасная баня","assigned","commercial","medium","commercial-head","landing","B03","Квадро или каркасная баня","4","каркасн* бан*"
"продажа бани на участке","11318","Омская область","7","top","баня на участок","unassigned","commercial","high","signals","landing","","","",""
"прочность полусухой стяжки","66","Омск","7","top","полусухая стяжка","assigned","commercial","medium","commercial-head","landing","S01","Полусухая или мокрая стяжка","4","полусух* стяжк*"
"прочность полусухой стяжки","11318","Омская область","7","top","полусухая стяжка","assigned","commercial","medium","commercial-head","landing","S01","Полусухая или мокрая стяжка","4","полусух* стяжк*"
"расстояние бани от забора на участке","66","Омск","7","top","баня на участок","unassigned","unmapped","none","none","hold","","","",""
"расстояние бани от забора на участке","11318","Омская область","7","top","баня на участок","unassigned","unmapped","none","none","hold","","","",""
"расстояние между банями на участке","11318","Омская область","7","top","баня на участок","unassigned","unmapped","none","none","hold","","","",""
"скачать проект каркасной бани","11318","Омская область","7","top","каркасная баня","assigned","commercial","medium","commercial-head","landing","B03","Квадро или каркасная баня","4","каркасн* бан*"
"скважина бурение 5","66","Омск","7","top","бурение скважин","unassigned","unmapped","none","none","hold","","","",""
"скважина бурение 5","11318","Омская область","7","top","бурение скважин","unassigned","unmapped","none","none","hold","","","",""
"скважины бурение область","66","Омск","7","top","бурение скважин","unassigned","unmapped","none","none","hold","","","",""
"сколько стоит баня бочка под ключ","11318","Омская область","7","top","баня под ключ","unassigned","commercial","high","signals","landing","","","",""
"собираем каркасную баню","66","Омск","7","top","каркасная баня","assigned","commercial","medium","commercial-head","landing","B03","Квадро или каркасная баня","4","каркасн* бан*"
"собираем каркасную баню","11318","Омская область","7","top","каркасная баня","assigned","commercial","medium","commercial-head","landing","B03","Квадро или каркасная баня","4","каркасн* бан*"
"стоимость бани бочки под ключ","11318","Омская область","7","top","баня под ключ","assigned","commercial","high","signals","landing","B09","Итоговая цена и доплаты","4","стоимост* бан*"
"стоимость бани бочки под ключ цена","11318","Омская область","7","top","баня под ключ","assigned","commercial","high","signals","landing","B09","Итоговая цена и доплаты","4","стоимост* бан*"
"стоимость бурения скважины","11318","Омская область","7","top","бурение скважин","unassigned","commercial","high","signals","landing","","","",""
"строительство бани на земельном участке","66","Омск","7","top","баня на участок","assigned","informational","low","intent-default","guide","B02","Готовая баня или строить на участке","8","строит* бан*|строительств* бан*"
"толщина цсп на пол в каркасную баню","66","Омск","7","top","каркасная баня","assigned","informational","low","intent-default","guide","B03","Квадро или каркасная баня","4","каркасн* бан*"
"толщина цсп на пол в каркасную баню","11318","Омская область","7","top","каркасная баня","assigned","informational","low","intent-default","guide","B03","Квадро или каркасная баня","4","каркасн* бан*"
"установка печи в каркасной бане","11318","Омская область","7","top","каркасная баня","assigned","informational","low","intent-default","guide","B03","Квадро или каркасная баня","4","каркасн* бан*"
"утеплитель для стен каркасной бани","11318","Омская область","7","top","каркасная баня","assigned","informational","low","intent-default","guide","B03","Квадро или каркасная баня","4","каркасн* бан*"
"утеплитель для стен каркасной бани какой","11318","Омская область","7","top","каркасная баня","assigned","informational","high","signals","guide","B03","Квадро или каркасная баня","4","каркасн* бан*"
"фундамент под баню из газоблока","11318","Омская область","7","top","фундамент под баню","assigned","informational","low","intent-default","guide","B14","Фундамент для мобильной или готовой бани","6","фундамент под бан*"
"фундамент под пол бани","11318","Омская область","7","top","фундамент под баню","unassigned","unmapped","none","none","hold","","","",""
"ходить по полусухой стяжке","66","Омск","7","top","полусухая стяжка","assigned","commercial","medium","commercial-head","landing","S01","Полусухая или мокрая стяжка","4","полусух* стяжк*"
"ходить по полусухой стяжке","11318","Омская область","7","top","полусухая стяжка","assigned","commercial","medium","commercial-head","landing","S01","Полусухая или мокрая стяжка","4","полусух* стяжк*"
"цсп в каркасной бане","66","Омск","7","top","каркасная баня","assigned","commercial","medium","commercial-head","landing","B03","Квадро или каркасная баня","4","каркасн* бан*"
"цсп в каркасной бане","11318","Омская область","7","top","каркасная баня","assigned","commercial","medium","commercial-head","landing","B03","Квадро или каркасная баня","4","каркасн* бан*"
"авито готовые бани","66","Омск","6","top","готовая баня","assigned","commercial","medium","commercial-head","landing","B01","Готовая баня как альтернатива долгой стройке","4","готов* бан*"
"авито мобильная баня","11318","Омская область","6","top","мобильная баня","assigned","commercial","medium","commercial-head","landing","B01","Готовая баня как альтернатива долгой стройке","4","мобильн* бан*"
"адреса готовых бань","66","Омск","6","top","готовая баня","assigned","commercial","medium","commercial-head","landing","B01","Готовая баня как альтернатива долгой стройке","4","готов* бан*"
"александр демешин бурения скважин на воду отзывы","11318","Омская область","6","top","бурение скважин","unassigned","unmapped","none","none","hold","","","",""
"бани 7 7 под ключ","11318","Омская область","6","top","баня под ключ","unassigned","commercial","high","signals","landing","","","",""
"бани под ключ 5 5","11318","Омская область","6","top","баня под ключ","assigned","commercial","high","signals","landing","B01","Готовая баня как альтернатива долгой стройке","6","бан* под ключ"
"бани под ключ в рассрочку недорого","66","Омск","6","top","баня под ключ","assigned","commercial","high","signals","landing","B01","Готовая баня как альтернатива долгой стройке","6","бан* под ключ"
"баня 2 2 под ключ","66","Омск","6","top","баня под ключ","unassigned","commercial","high","signals","landing","","","",""
"баня бревно под ключ цена","66","Омск","6","top","баня под ключ","unassigned","commercial","high","signals","landing","","","",""
"баня бревно под ключ цена","11318","Омская область","6","top","баня под ключ","unassigned","commercial","high","signals","landing","","","",""
"баня готовая 4 4","11318","Омская область","6","top","готовая баня","unassigned","unmapped","none","none","hold","","","",""
"баня каркасная 2 на 3 какая цена","66","Омск","6","top","каркасная баня","unassigned","informational","medium","signals","guide","","","",""
"баня каркасная 2 на 3 какая цена","11318","Омская область","6","top","каркасная баня","unassigned","informational","medium","signals","guide","","","",""
"баня мобильная баня готовая","66","Омск","6","top","готовая баня|мобильная баня","assigned","commercial","medium","commercial-head","landing","B01","Готовая баня как альтернатива долгой стройке","4","мобильн* бан*"
"баня мобильная баня готовая","11318","Омская область","6","top","готовая баня|мобильная баня","assigned","commercial","medium","commercial-head","landing","B01","Готовая баня как альтернатива долгой стройке","4","мобильн* бан*"
"баня на дачном участке какие","66","Омск","6","top","баня на участок","unassigned","informational","high","signals","guide","","","",""
"баня на дачном участке какие","11318","Омская область","6","top","баня на участок","unassigned","informational","high","signals","guide","","","",""
"баня на участке 3 на 5","11318","Омская область","6","top","баня на участок","unassigned","unmapped","none","none","hold","","","",""
"баня на участок 4 на 3","11318","Омская область","6","top","баня на участок","unassigned","unmapped","none","none","hold","","","",""
"баня под ключ баня строй","66","Омск","6","top","баня под ключ","assigned","commercial","high","signals","landing","B01","Готовая баня как альтернатива долгой стройке","6","бан* под ключ"
"баня под ключ область","66","Омск","6","top","баня под ключ","assigned","commercial","high","signals","landing","B01","Готовая баня как альтернатива долгой стройке","6","бан* под ключ"
"баня под ключ цена за м2","66","Омск","6","top","баня под ключ","assigned","commercial","high","signals","landing","B01","Готовая баня как альтернатива долгой стройке","6","бан* под ключ"
"баня под ключ цена за м2","11318","Омская область","6","top","баня под ключ","assigned","commercial","high","signals","landing","B01","Готовая баня как альтернатива долгой стройке","6","бан* под ключ"
"баня под ключ цена работы","66","Омск","6","top","баня под ключ","assigned","commercial","high","signals","landing","B01","Готовая баня как альтернатива долгой стройке","6","бан* под ключ"
"большая баня под ключ","11318","Омская область","6","top","баня под ключ","assigned","commercial","high","signals","landing","B01","Готовая баня как альтернатива долгой стройке","6","бан* под ключ"
"бурение абиссинских скважин на воду","66","Омск","6","top","бурение скважин","unassigned","unmapped","none","none","hold","","","",""
"бурение абиссинских скважин на воду","11318","Омская область","6","top","бурение скважин","unassigned","unmapped","none","none","hold","","","",""
"бурение скважин на воду отзывы","11318","Омская область","6","top","бурение скважин","unassigned","unmapped","none","none","hold","","","",""
"бурение скважин на воду своими руками","11318","Омская область","6","top","бурение скважин","unassigned","informational","high","signals","guide","","","",""
"бурение скважин на даче","11318","Омская область","6","top","бурение скважин","unassigned","commercial","medium","commercial-head","landing","","","",""
"бурение скважин расценка","66","Омск","6","top","бурение скважин","unassigned","commercial","medium","commercial-head","landing","","","",""
"бурение скважины мотобуром","11318","Омская область","6","top","бурение скважин","unassigned","commercial","medium","commercial-head","landing","","","",""
"вода в бане зимой","66","Омск","6","top","баня зимой","assigned","informational","low","intent-default","guide","B17","Использование бани зимой в Омске","4","бан* зимой"
"водяной пол полусухой стяжки","66","Омск","6","top","полусухая стяжка","assigned","commercial","medium","commercial-head","landing","S01","Полусухая или мокрая стяжка","4","полусух* стяжк*"
"водяной полусухая стяжка","66","Омск","6","top","полусухая стяжка","assigned","commercial","medium","commercial-head","landing","S01","Полусухая или мокрая стяжка","4","полусух* стяжк*"
"где посмотреть готовые бани","66","Омск","6","top","готовая баня","assigned","commercial","medium","intent-tiebreak","landing","B01","Готовая баня как альтернатива долгой стройке","4","готов* бан*"
"где посмотреть готовые бани","11318","Омская область","6","top","готовая баня","assigned","commercial","medium","intent-tiebreak","landing","B01","Готовая баня как альтернатива долгой стройке","4","готов* бан*"
"готовые бани в исилькуле","66","Омск","6","top","готовая баня","assigned","commercial","medium","commercial-head","landing","B01","Готовая баня как альтернатива долгой стройке","4","готов* бан*"
"готовые бани в исилькуле","11318","Омская область","6","top","готовая баня","assigned","commercial","medium","commercial-head","landing","B01","Готовая баня как альтернатива долгой стройке","4","готов* бан*"
"готовые бани из бруса","66","Омск","6","top","готовая баня","assigned","commercial","medium","commercial-head","landing","B01","Готовая баня как альтернатива долгой стройке","4","готов* бан*"
"готовые бани из бруса","11318","Омская область","6","top","готовая баня","assigned","commercial","medium","commercial-head","landing","B01","Готовая баня как альтернатива долгой стройке","4","готов* бан*"
"границы бани на участке","11318","Омская область","6","top","баня на участок","unassigned","commercial","medium","commercial-head","landing","","","",""
"двускатная крыша каркасной бани","66","Омск","6","top","каркасная баня","assigned","commercial","medium","commercial-head","landing","B03","Квадро или каркасная баня","4","каркасн* бан*"
"двускатная крыша каркасной бани","11318","Омская область","6","top","каркасная баня","assigned","commercial","medium","commercial-head","landing","B03","Квадро или каркасная баня","4","каркасн* бан*"
"деформационные швы в полусухой стяжке","11318","Омская область","6","top","полусухая стяжка","assigned","informational","low","intent-default","guide","S01","Полусухая или мокрая стяжка","4","полусух* стяжк*"
"длина шнека для бурения скважины","66","Омск","6","top","бурение скважин","unassigned","unmapped","none","none","hold","","","",""
"длина шнека для бурения скважины","11318","Омская область","6","top","бурение скважин","unassigned","unmapped","none","none","hold","","","",""
"дом с баней на участке","66","Омск","6","top","баня на участок","unassigned","unmapped","none","none","hold","","","",""
"доска для каркасной бани","11318","Омская область","6","top","каркасная баня","assigned","commercial","medium","commercial-head","landing","B03","Квадро или каркасная баня","4","каркасн* бан*"
"заливка фундамента под баню","66","Омск","6","top","фундамент под баню","unassigned","unmapped","none","none","hold","","","",""
"затирочная машина для полусухой стяжки","66","Омск","6","top","полусухая стяжка","assigned","informational","low","intent-default","guide","S01","Полусухая или мокрая стяжка","4","полусух* стяжк*"
"затирочная машина для полусухой стяжки","11318","Омская область","6","top","полусухая стяжка","assigned","informational","low","intent-default","guide","S01","Полусухая или мокрая стяжка","4","полусух* стяжк*"
"изготовление бани под ключ","66","Омск","6","top","баня под ключ","assigned","commercial","high","signals","landing","B01","Готовая баня как альтернатива долгой стройке","6","бан* под ключ"
"изготовление бани под ключ","11318","Омская область","6","top","баня под ключ","assigned","commercial","high","signals","landing","B01","Готовая баня как альтернатива долгой стройке","6","бан* под ключ"
"как делается полусухая стяжка пола","66","Омск","6","top","полусухая стяжка","assigned","informational","high","signals","guide","S01","Полусухая или мокрая стяжка","8","полусух* стяжк*|стяжка пола"
"как делать полусухую стяжку","11318","Омская область","6","top","полусухая стяжка","assigned","informational","medium","intent-tiebreak","guide","S01","Полусухая или мокрая стяжка","4","полусух* стяжк*"
"как расположить баню на участке","66","Омск","6","top","баня на участок","unassigned","informational","high","signals","guide","","","",""
"какая должна быть полусухая стяжка","66","Омск","6","top","полусухая стяжка","assigned","informational","high","signals","guide","S01","Полусухая или мокрая стяжка","4","полусух* стяжк*"
"какая механизированная штукатурка лучше","66","Омск","6","top","механизированная штукатурка","assigned","informational","medium","intent-tiebreak","guide","P01","Механизированная или ручная штукатурка","4","механизированн* штукатурк*"
"какая механизированная штукатурка лучше","11318","Омская область","6","top","механизированная штукатурка","assigned","informational","medium","intent-tiebreak","guide","P01","Механизированная или ручная штукатурка","4","механизированн* штукатурк*"
"какой марки полусухая стяжка","66","Омск","6","top","полусухая стяжка","assigned","informational","medium","intent-tiebreak","guide","S01","Полусухая или мокрая стяжка","4","полусух* стяжк*"
"какой марки полусухая стяжка","11318","Омская область","6","top","полусухая стяжка","assigned","informational","medium","intent-tiebreak","guide","S01","Полусухая или мокрая стяжка","4","полусух* стяжк*"
"какой песок для полусухой стяжки","11318","Омская область","6","top","полусухая стяжка","assigned","informational","high","signals","guide","S01","Полусухая или мокрая стяжка","4","полусух* стяжк*"
"какой сделать фундамент под баню","11318","Омская область","6","top","фундамент под баню","assigned","informational","high","signals","guide","B14","Фундамент для мобильной или готовой бани","6","фундамент под бан*"
"каркасная баня 2 2 цена","66","Омск","6","top","каркасная баня","assigned","commercial","medium","signals","landing","B03","Квадро или каркасная баня","4","каркасн* бан*"
"каркасная баня 2 2 цена","11318","Омская область","6","top","каркасная баня","assigned","commercial","medium","signals","landing","B03","Квадро или каркасная баня","4","каркасн* бан*"
"каркасная баня 3 3 цена","66","Омск","6","top","каркасная баня","assigned","commercial","medium","signals","landing","B03","Квадро или каркасная баня","4","каркасн* бан*"
"каркасная баня 3 3 цена","11318","Омская область","6","top","каркасная баня","assigned","commercial","medium","signals","landing","B03","Квадро или каркасная баня","4","каркасн* бан*"
"каркасная баня видео","66","Омск","6","top","каркасная баня","assigned","commercial","medium","commercial-head","landing","B03","Квадро или каркасная баня","4","каркасн* бан*"
"каркасная баня на сваях своими руками","11318","Омская область","6","top","каркасная баня","assigned","informational","high","signals","guide","B14","Фундамент для мобильной или готовой бани","6","бан* на сва*"
"каркасная баня плюсы и минусы отзывы","66","Омск","6","top","каркасная баня","assigned","informational","low","intent-default","guide","B03","Квадро или каркасная баня","4","каркасн* бан*"
"каркасная баня плюсы и минусы отзывы","11318","Омская область","6","top","каркасная баня","assigned","informational","low","intent-default","guide","B03","Квадро или каркасная баня","4","каркасн* бан*"
"каркасная баня плюсы и минусы отзывы владельцев","66","Омск","6","top","каркасная баня","assigned","informational","low","intent-default","guide","B03","Квадро или каркасная баня","4","каркасн* бан*"
"каркасная баня плюсы и минусы отзывы владельцев","11318","Омская область","6","top","каркасная баня","assigned","informational","low","intent-default","guide","B03","Квадро или каркасная баня","4","каркасн* бан*"
"каркасная дверь в бане","66","Омск","6","top","каркасная баня","unassigned","unmapped","none","none","hold","","","",""
"каркасная дверь в бане","11318","Омская область","6","top","каркасная баня","unassigned","unmapped","none","none","hold","","","",""
"каркасная моечная баня","11318","Омская область","6","top","каркасная баня","assigned","informational","low","intent-default","guide","B06","Планировка: парная, мойка и комната отдыха","2","моечн*"
"каркасная перегородка в кирпичной бане","66","Омск","6","top","каркасная баня","unassigned","unmapped","none","none","hold","","","",""
"каркасная перегородка в кирпичной бане","11318","Омская область","6","top","каркасная баня","unassigned","unmapped","none","none","hold","","","",""
"каркасные бани минусы отзывы владельцев","66","Омск","6","top","каркасная баня","assigned","informational","low","intent-default","guide","B03","Квадро или каркасная баня","4","каркасн* бан*"
"каркасные бани минусы отзывы владельцев","11318","Омская область","6","top","каркасная баня","assigned","informational","low","intent-default","guide","B03","Квадро или каркасная баня","4","каркасн* бан*"
"кедровые бани бочки","11318","Омская область","6","top","кедровая баня","assigned","commercial","medium","commercial-head","landing","B20","Кедр против сосны и ели","4","кедров* бан*"
"колонны бурения скважин","66","Омск","6","top","бурение скважин","unassigned","commercial","medium","commercial-head","landing","","","",""
"колонны бурения скважин","11318","Омская область","6","top","бурение скважин","unassigned","commercial","medium","commercial-head","landing","","","",""
"купить баню в новосибирске под ключ","66","Омск","6","top","баня под ключ","unassigned","commercial","high","signals","landing","","","",""
"купить баню в новосибирске под ключ","11318","Омская область","6","top","баня под ключ","unassigned","commercial","high","signals","landing","","","",""
"купить баню в рассрочку под ключ недорого","66","Омск","6","top","баня под ключ","unassigned","commercial","high","signals","landing","","","",""
"купить баню на дачу недорого под ключ","66","Омск","6","top","баня под ключ","unassigned","commercial","high","signals","landing","","","",""
"купить баню на дачу недорого под ключ","11318","Омская область","6","top","баня под ключ","unassigned","commercial","high","signals","landing","","","",""
"купить готовую баню построить баню","66","Омск","6","top","готовая баня","assigned","commercial","medium","signals","landing","B01","Готовая баня как альтернатива долгой стройке","4","готов* бан*"
"купить готовую баню построить баню","11318","Омская область","6","top","готовая баня","assigned","commercial","medium","signals","landing","B01","Готовая баня как альтернатива долгой стройке","4","готов* бан*"
"лучшая механизированная штукатурка","66","Омск","6","top","механизированная штукатурка","assigned","commercial","medium","commercial-head","landing","P01","Механизированная или ручная штукатурка","4","механизированн* штукатурк*"
"лучшая механизированная штукатурка","11318","Омская область","6","top","механизированная штукатурка","assigned","commercial","medium","commercial-head","landing","P01","Механизированная или ручная штукатурка","4","механизированн* штукатурк*"
"марка полусухой стяжки","66","Омск","6","top","полусухая стяжка","assigned","commercial","medium","commercial-head","landing","S01","Полусухая или мокрая стяжка","4","полусух* стяжк*"
"машина для бурения скважин","66","Омск","6","top","бурение скважин","unassigned","commercial","medium","commercial-head","landing","","","",""
"машина для бурения скважин","11318","Омская область","6","top","бурение скважин","unassigned","commercial","medium","commercial-head","landing","","","",""
"место бурения скважины","66","Омск","6","top","бурение скважин","unassigned","commercial","medium","commercial-head","landing","","","",""
"место бурения скважины","11318","Омская область","6","top","бурение скважин","unassigned","commercial","medium","commercial-head","landing","","","",""
"механизированная штукатурка омск","66","Омск","6","top","механизированная штукатурка","assigned","commercial","medium","commercial-head","landing","P01","Механизированная или ручная штукатурка","4","механизированн* штукатурк*"
"минусы каркасных бань отзывы","66","Омск","6","top","каркасная баня","assigned","commercial","medium","commercial-head","landing","B03","Квадро или каркасная баня","4","каркасн* бан*"
"минусы каркасных бань отзывы","11318","Омская область","6","top","каркасная баня","assigned","commercial","medium","commercial-head","landing","B03","Квадро или каркасная баня","4","каркасн* бан*"
"оборудование для бурения скважин","66","Омск","6","top","бурение скважин","unassigned","commercial","medium","commercial-head","landing","","","",""
"оконный проем в парилку в каркасной бане","66","Омск","6","top","каркасная баня","assigned","informational","low","intent-default","guide","B03","Квадро или каркасная баня","4","каркасн* бан*"
"оконный проем в парилку в каркасной бане","11318","Омская область","6","top","каркасная баня","assigned","informational","low","intent-default","guide","B03","Квадро или каркасная баня","4","каркасн* бан*"
"парная в каркасной бане","11318","Омская область","6","top","каркасная баня","assigned","commercial","medium","commercial-head","landing","B03","Квадро или каркасная баня","4","каркасн* бан*"
"план дома бани гаража на участке","66","Омск","6","top","баня на участок","unassigned","unmapped","none","none","hold","","","",""
"пневмонагнетатель для полусухой стяжки купить","66","Омск","6","top","полусухая стяжка","assigned","commercial","medium","signals","landing","S01","Полусухая или мокрая стяжка","4","полусух* стяжк*"
"пневмонагнетатель для полусухой стяжки купить","11318","Омская область","6","top","полусухая стяжка","assigned","commercial","medium","signals","landing","S01","Полусухая или мокрая стяжка","4","полусух* стяжк*"
"полок для мобильной бани","66","Омск","6","top","мобильная баня","assigned","commercial","medium","commercial-head","landing","B01","Готовая баня как альтернатива долгой стройке","4","мобильн* бан*"
"полок для мобильной бани","11318","Омская область","6","top","мобильная баня","assigned","commercial","medium","commercial-head","landing","B01","Готовая баня как альтернатива долгой стройке","4","мобильн* бан*"
"полусухая стяжка для теплого водяного","11318","Омская область","6","top","полусухая стяжка","assigned","informational","low","intent-default","guide","S01","Полусухая или мокрая стяжка","4","полусух* стяжк*"
"полусухая стяжка для теплого водяного пола","11318","Омская область","6","top","полусухая стяжка","assigned","informational","low","intent-default","guide","S01","Полусухая или мокрая стяжка","4","полусух* стяжк*"
"полусухая стяжка на пеноплекс","66","Омск","6","top","полусухая стяжка","assigned","commercial","medium","commercial-head","landing","S01","Полусухая или мокрая стяжка","4","полусух* стяжк*"
"полусухая стяжка на пеноплекс","11318","Омская область","6","top","полусухая стяжка","assigned","commercial","medium","commercial-head","landing","S01","Полусухая или мокрая стяжка","4","полусух* стяжк*"
"полусухая стяжка перепады","66","Омск","6","top","полусухая стяжка","assigned","commercial","medium","commercial-head","landing","S01","Полусухая или мокрая стяжка","4","полусух* стяжк*"
"полусухая стяжка перепады","11318","Омская область","6","top","полусухая стяжка","assigned","commercial","medium","commercial-head","landing","S01","Полусухая или мокрая стяжка","4","полусух* стяжк*"
"полусухая стяжка пола в доме","66","Омск","6","top","полусухая стяжка","assigned","informational","low","intent-default","guide","S01","Полусухая или мокрая стяжка","8","полусух* стяжк*|стяжка пола"
"полусухая стяжка пола в доме","11318","Омская область","6","top","полусухая стяжка","assigned","informational","low","intent-default","guide","S01","Полусухая или мокрая стяжка","8","полусух* стяжк*|стяжка пола"
"полусухая стяжка пола технология","11318","Омская область","6","top","полусухая стяжка","assigned","commercial","medium","commercial-head","landing","S01","Полусухая или мокрая стяжка","8","полусух* стяжк*|стяжка пола"
"полусухая стяжка сколько нужно цемента","11318","Омская область","6","top","полусухая стяжка","assigned","informational","high","signals","guide","S01","Полусухая или мокрая стяжка","4","полусух* стяжк*"
"полусухая стяжка сколько цемента и песка","11318","Омская область","6","top","полусухая стяжка","assigned","informational","high","signals","guide","S01","Полусухая или мокрая стяжка","4","полусух* стяжк*"
"полусухая стяжка сохнет","66","Омск","6","top","полусухая стяжка","assigned","commercial","medium","commercial-head","landing","S01","Полусухая или мокрая стяжка","4","полусух* стяжк*"
"поставить баню на участке","66","Омск","6","top","баня на участок","unassigned","commercial","medium","commercial-head","landing","","","",""
"продажа бани под ключ","11318","Омская область","6","top","баня под ключ","assigned","commercial","high","signals","landing","B01","Готовая баня как альтернатива долгой стройке","6","бан* под ключ"
"продажа каркасных бань","11318","Омская область","6","top","каркасная баня","assigned","commercial","high","signals","landing","B03","Квадро или каркасная баня","4","каркасн* бан*"
"промыть скважину после бурения","11318","Омская область","6","top","бурение скважин","unassigned","unmapped","none","none","hold","","","",""
"расчеты бурении скважин","66","Омск","6","top","бурение скважин","unassigned","commercial","medium","commercial-head","landing","","","",""
"расчеты бурении скважин","11318","Омская область","6","top","бурение скважин","unassigned","commercial","medium","commercial-head","landing","","","",""
"регистрируем баню на земельном участке","11318","Омская область","6","top","баня на участок","unassigned","unmapped","none","none","hold","","","",""
"сарай баня на участке","11318","Омская область","6","top","баня на участок","unassigned","commercial","medium","commercial-head","landing","","","",""
"скважина бурение аква","66","Омск","6","top","бурение скважин","unassigned","unmapped","none","none","hold","","","",""
"скважина бурение аква","11318","Омская область","6","top","бурение скважин","unassigned","unmapped","none","none","hold","","","",""
"скважина бурение цена за метр","11318","Омская область","6","top","бурение скважин","unassigned","commercial","medium","signals","landing","","","",""
"стоимость бурения под скважину","11318","Омская область","6","top","бурение скважин","unassigned","commercial","medium","signals","landing","","","",""
"стоимость бурения скважины","66","Омск","6","top","бурение скважин","unassigned","commercial","high","signals","landing","","","",""
"стяжка полусухой работу","11318","Омская область","6","top","полусухая стяжка","unassigned","unmapped","none","none","hold","","","",""
"схема каркасной бани 2 на 4","11318","Омская область","6","top","каркасная баня","assigned","informational","low","intent-default","guide","B03","Квадро или каркасная баня","4","каркасн* бан*"
"тип бурения скважин","66","Омск","6","top","бурение скважин","unassigned","commercial","medium","commercial-head","landing","","","",""
"тип бурения скважин","11318","Омская область","6","top","бурение скважин","unassigned","commercial","medium","commercial-head","landing","","","",""
"толщина стен каркасной бани","66","Омск","6","top","каркасная баня","assigned","commercial","medium","commercial-head","landing","B03","Квадро или каркасная баня","4","каркасн* бан*"
"толщина стен каркасной бани","11318","Омская область","6","top","каркасная баня","assigned","commercial","medium","commercial-head","landing","B03","Квадро или каркасная баня","4","каркасн* бан*"
"установка каркасных бань","66","Омск","6","top","каркасная баня","assigned","commercial","medium","commercial-head","landing","B03","Квадро или каркасная баня","4","каркасн* бан*"
"установка мобильной бани","66","Омск","6","top","мобильная баня","assigned","commercial","medium","commercial-head","landing","B01","Готовая баня как альтернатива долгой стройке","4","мобильн* бан*"
"установка мобильной бани","11318","Омская область","6","top","мобильная баня","assigned","commercial","medium","commercial-head","landing","B01","Готовая баня как альтернатива долгой стройке","4","мобильн* бан*"
"устройство мобильной бани","11318","Омская область","6","top","мобильная баня","assigned","commercial","medium","commercial-head","landing","B01","Готовая баня как альтернатива долгой стройке","4","мобильн* бан*"
"фундамент под баню 4 5","11318","Омская область","6","top","фундамент под баню","assigned","informational","low","intent-default","guide","B14","Фундамент для мобильной или готовой бани","6","фундамент под бан*"
"фундамент под баню 6 на 6","11318","Омская область","6","top","фундамент под баню","assigned","informational","low","intent-default","guide","B14","Фундамент для мобильной или готовой бани","6","фундамент под бан*"
"фундамент под баню своими руками пошаговая","11318","Омская область","6","top","фундамент под баню","assigned","informational","high","signals","guide","B14","Фундамент для мобильной или готовой бани","6","фундамент под бан*"
"фундамент под печку в бане","11318","Омская область","6","top","фундамент под баню","unassigned","unmapped","none","none","hold","","","",""
"цена работы отделка бани под ключ","66","Омск","6","top","баня под ключ","assigned","commercial","high","signals","landing","B01","Готовая баня как альтернатива долгой стройке","6","бан* под ключ"
"цена работы отделка бани под ключ","11318","Омская область","6","top","баня под ключ","assigned","commercial","high","signals","landing","B01","Готовая баня как альтернатива долгой стройке","6","бан* под ключ"
"бани бочки под ключ недорого","66","Омск","5","top","баня под ключ","unassigned","commercial","high","signals","landing","","","",""
"бани бочки под ключ недорого","11318","Омская область","5","top","баня под ключ","unassigned","commercial","high","signals","landing","","","",""
"баня 3 4 под ключ","11318","Омская область","5","top","баня под ключ","unassigned","commercial","high","signals","landing","","","",""
"баня бочка под ключ купить в омске","66","Омск","5","top","баня под ключ","unassigned","commercial","high","signals","landing","","","",""
"баня бочка под ключ купить в омске","11318","Омская область","5","top","баня под ключ","unassigned","commercial","high","signals","landing","","","",""
"баня готовая в омской области купить","66","Омск","5","top","готовая баня","unassigned","commercial","medium","signals","landing","","","",""
"баня зимой замерзает вода","66","Омск","5","top","баня зимой","assigned","informational","low","intent-default","guide","B16","Слив и вода зимой","4","замерз* вод*"
"баня зимой замерзает вода","11318","Омская область","5","top","баня зимой","assigned","informational","low","intent-default","guide","B16","Слив и вода зимой","4","замерз* вод*"
"баня каркасная своими руками от начала","11318","Омская область","5","top","каркасная баня","unassigned","informational","high","signals","guide","","","",""
"баня на двух участках","11318","Омская область","5","top","баня на участок","unassigned","unmapped","none","none","hold","","","",""
"баня на соседнем участке расстояние","66","Омск","5","top","баня на участок","unassigned","unmapped","none","none","hold","","","",""
"баня на соседнем участке расстояние","11318","Омская область","5","top","баня на участок","unassigned","unmapped","none","none","hold","","","",""
"баня на участке 8 соток","11318","Омская область","5","top","баня на участок","unassigned","unmapped","none","none","hold","","","",""
"баня на участке сколько метров","11318","Омская область","5","top","баня на участок","unassigned","informational","high","signals","guide","","","",""
"баня на участок купить","11318","Омская область","5","top","баня на участок","unassigned","commercial","medium","signals","landing","","","",""
"баня под ключ в новосибирске цена","11318","Омская область","5","top","баня под ключ","assigned","commercial","high","signals","landing","B01","Готовая баня как альтернатива долгой стройке","6","бан* под ключ"
"баня под ключ г","11318","Омская область","5","top","баня под ключ","assigned","commercial","high","signals","landing","B01","Готовая баня как альтернатива долгой стройке","6","бан* под ключ"
"баня с террасой под ключ","66","Омск","5","top","баня под ключ","unassigned","commercial","high","signals","landing","","","",""
"баня с террасой под ключ","11318","Омская область","5","top","баня под ключ","unassigned","commercial","high","signals","landing","","","",""
"бизнес готовые бани","66","Омск","5","top","готовая баня","assigned","commercial","medium","commercial-head","landing","B01","Готовая баня как альтернатива долгой стройке","4","готов* бан*"
"бизнес готовые бани","11318","Омская область","5","top","готовая баня","assigned","commercial","medium","commercial-head","landing","B01","Готовая баня как альтернатива долгой стройке","4","готов* бан*"
"бурение абиссинская скважина купить","66","Омск","5","top","бурение скважин","unassigned","commercial","medium","signals","landing","","","",""
"бурение абиссинская скважина купить","11318","Омская область","5","top","бурение скважин","unassigned","commercial","medium","signals","landing","","","",""
"бурение вода скважина станок","66","Омск","5","top","бурение скважин","unassigned","unmapped","none","none","hold","","","",""
"бурение вода скважина станок","11318","Омская область","5","top","бурение скважин","unassigned","unmapped","none","none","hold","","","",""
"бурение водоносных скважин","66","Омск","5","top","бурение скважин","unassigned","unmapped","none","none","hold","","","",""
"бурение и ремонт скважин","66","Омск","5","top","бурение скважин","unassigned","unmapped","none","none","hold","","","",""
"бурение скважин воду метров","11318","Омская область","5","top","бурение скважин","unassigned","commercial","medium","commercial-head","landing","","","",""
"бурение скважин картинки","66","Омск","5","top","бурение скважин","unassigned","commercial","medium","commercial-head","landing","","","",""
"бурение скважин картинки","11318","Омская область","5","top","бурение скважин","unassigned","commercial","medium","commercial-head","landing","","","",""
"бурение скважин можно","66","Омск","5","top","бурение скважин","unassigned","commercial","medium","commercial-head","landing","","","",""
"бурение скважин на воду на даче","11318","Омская область","5","top","бурение скважин","unassigned","unmapped","none","none","hold","","","",""
"бурение скважин на воду своими руками","66","Омск","5","top","бурение скважин","unassigned","informational","high","signals","guide","","","",""
"бурение скважин на воду цена за метр","11318","Омская область","5","top","бурение скважин","unassigned","commercial","medium","signals","landing","","","",""
"бурение скважин на даче","66","Омск","5","top","бурение скважин","unassigned","commercial","medium","commercial-head","landing","","","",""
"бурение скважин на участке","66","Омск","5","top","бурение скважин","unassigned","commercial","medium","commercial-head","landing","","","",""
"бурение скважин на участке","11318","Омская область","5","top","бурение скважин","unassigned","commercial","medium","commercial-head","landing","","","",""
"бурение скважин работа","11318","Омская область","5","top","бурение скважин","unassigned","commercial","medium","commercial-head","landing","","","",""
"бурение скважин чистую воду","66","Омск","5","top","бурение скважин","unassigned","commercial","medium","commercial-head","landing","","","",""
"бурение скважин чистую воду","11318","Омская область","5","top","бурение скважин","unassigned","commercial","medium","commercial-head","landing","","","",""
"бурение скважины на даче своими руками","11318","Омская область","5","top","бурение скважин","unassigned","informational","high","signals","guide","","","",""
"бурение чистая скважина","66","Омск","5","top","бурение скважин","unassigned","unmapped","none","none","hold","","","",""
"бурение чистая скважина","11318","Омская область","5","top","бурение скважин","unassigned","unmapped","none","none","hold","","","",""
"веник для бани доставка","66","Омск","5","top","доставка бани","unassigned","commercial","medium","signals","landing","","","",""
"веник для бани доставка","11318","Омская область","5","top","доставка бани","unassigned","commercial","medium","signals","landing","","","",""
"веник для бани купить доставка","66","Омск","5","top","доставка бани","unassigned","commercial","high","signals","landing","","","",""
"веник для бани купить доставка","11318","Омская область","5","top","доставка бани","unassigned","commercial","high","signals","landing","","","",""
"водоносные слои при бурении скважин","66","Омск","5","top","бурение скважин","unassigned","unmapped","none","none","hold","","","",""
"высота каркасной бани","66","Омск","5","top","каркасная баня","assigned","commercial","medium","commercial-head","landing","B03","Квадро или каркасная баня","4","каркасн* бан*"
"высота каркасной бани","11318","Омская область","5","top","каркасная баня","assigned","commercial","medium","commercial-head","landing","B03","Квадро или каркасная баня","4","каркасн* бан*"
"высота фундамента под баню","11318","Омская область","5","top","фундамент под баню","unassigned","unmapped","none","none","hold","","","",""
"г омск готовая баня 3на3 цена","66","Омск","5","top","готовая баня","assigned","commercial","medium","signals","landing","B01","Готовая баня как альтернатива долгой стройке","4","готов* бан*"
"г омск готовая баня 3на3 цена","11318","Омская область","5","top","готовая баня","assigned","commercial","medium","signals","landing","B01","Готовая баня как альтернатива долгой стройке","4","готов* бан*"
"готовая баня в рассрочку купить","66","Омск","5","top","готовая баня","assigned","commercial","medium","signals","landing","B01","Готовая баня как альтернатива долгой стройке","4","готов* бан*"
"готовая баня в рассрочку купить","11318","Омская область","5","top","готовая баня","assigned","commercial","medium","signals","landing","B01","Готовая баня как альтернатива долгой стройке","4","готов* бан*"
"готовая баня в рассрочку омск купить","66","Омск","5","top","готовая баня","assigned","commercial","medium","signals","landing","B01","Готовая баня как альтернатива долгой стройке","4","готов* бан*"
"готовая баня в рассрочку омск купить","11318","Омская область","5","top","готовая баня","assigned","commercial","medium","signals","landing","B01","Готовая баня как альтернатива долгой стройке","4","готов* бан*"
"готовая баня из кирпича","66","Омск","5","top","готовая баня","assigned","commercial","medium","commercial-head","landing","B01","Готовая баня как альтернатива долгой стройке","4","готов* бан*"
"готовая баня из кирпича","11318","Омская область","5","top","готовая баня","assigned","commercial","medium","commercial-head","landing","B01","Готовая баня как альтернатива долгой стройке","4","готов* бан*"
"готовая модульная баня","11318","Омская область","5","top","готовая баня","unassigned","unmapped","none","none","hold","","","",""
"готовая полусухая стяжка","66","Омск","5","top","полусухая стяжка","assigned","commercial","medium","commercial-head","landing","S01","Полусухая или мокрая стяжка","4","полусух* стяжк*"
"готовое крыльцо к бане","66","Омск","5","top","готовая баня","unassigned","unmapped","none","none","hold","","","",""
"готовое крыльцо к бане","11318","Омская область","5","top","готовая баня","unassigned","unmapped","none","none","hold","","","",""
"готовые бани в области","66","Омск","5","top","готовая баня","assigned","commercial","medium","commercial-head","landing","B01","Готовая баня как альтернатива долгой стройке","4","готов* бан*"
"готовые бани дерева","66","Омск","5","top","готовая баня","assigned","commercial","medium","commercial-head","landing","B01","Готовая баня как альтернатива долгой стройке","4","готов* бан*"
"готовые бани дерева","11318","Омская область","5","top","готовая баня","assigned","commercial","medium","commercial-head","landing","B01","Готовая баня как альтернатива долгой стройке","4","готов* бан*"
"готовые бани новосибирск","11318","Омская область","5","top","готовая баня","assigned","commercial","medium","commercial-head","landing","B01","Готовая баня как альтернатива долгой стройке","4","готов* бан*"
"дешевые готовые бани под ключ","11318","Омская область","5","top","баня под ключ|готовая баня","assigned","commercial","high","signals","landing","B08","Что входит в баню под ключ","12","бан* под ключ|готов* бан* под ключ"
"зима баня веники","11318","Омская область","5","top","баня зимой","unassigned","unmapped","none","none","hold","","","",""
"изготовление каркасной бани","66","Омск","5","top","каркасная баня","assigned","commercial","medium","commercial-head","landing","B03","Квадро или каркасная баня","4","каркасн* бан*"
"изготовление каркасной бани","11318","Омская область","5","top","каркасная баня","assigned","commercial","medium","commercial-head","landing","B03","Квадро или каркасная баня","4","каркасн* бан*"
"инструкция строительства каркасной бани","66","Омск","5","top","каркасная баня","assigned","commercial","medium","commercial-head","landing","B03","Квадро или каркасная баня","4","каркасн* бан*"
"инструкция строительства каркасной бани","11318","Омская область","5","top","каркасная баня","assigned","commercial","medium","commercial-head","landing","B03","Квадро или каркасная баня","4","каркасн* бан*"
"как залить ленточный фундамент под баню","66","Омск","5","top","фундамент под баню","assigned","informational","high","signals","guide","B14","Фундамент для мобильной или готовой бани","6","фундамент под бан*"
"как залить ленточный фундамент под баню","11318","Омская область","5","top","фундамент под баню","assigned","informational","high","signals","guide","B14","Фундамент для мобильной или готовой бани","6","фундамент под бан*"
"как крепить кедровую вагонку в бане","66","Омск","5","top","кедровая баня","unassigned","informational","high","signals","guide","","","",""
"как крепить кедровую вагонку в бане","11318","Омская область","5","top","кедровая баня","unassigned","informational","high","signals","guide","","","",""
"как сделать каркасную баню","11318","Омская область","5","association|top","баня под ключ|каркасная баня","assigned","informational","medium","intent-tiebreak","guide","B03","Квадро или каркасная баня","4","каркасн* бан*"
"как утеплить баню зимой","66","Омск","5","top","баня зимой","assigned","informational","high","signals","guide","B17","Использование бани зимой в Омске","4","бан* зимой"
"как утеплить каркасную баню изнутри","11318","Омская область","5","top","каркасная баня","assigned","informational","high","signals","guide","B03","Квадро или каркасная баня","4","каркасн* бан*"
"какая должна быть полусухая стяжка пола","66","Омск","5","top","полусухая стяжка","assigned","informational","high","signals","guide","S01","Полусухая или мокрая стяжка","8","полусух* стяжк*|стяжка пола"
"какая толщина полусухой стяжки","11318","Омская область","5","top","полусухая стяжка","assigned","informational","medium","intent-tiebreak","guide","S01","Полусухая или мокрая стяжка","4","полусух* стяжк*"
"какая штукатурка лучше механическая или механизированная","66","Омск","5","top","механизированная штукатурка","unassigned","informational","high","signals","guide","","","",""
"какая штукатурка лучше механическая или механизированная","11318","Омская область","5","top","механизированная штукатурка","unassigned","informational","high","signals","guide","","","",""
"какой утеплитель использовать для каркасной бани","11318","Омская область","5","top","каркасная баня","assigned","informational","high","signals","guide","B03","Квадро или каркасная баня","4","каркасн* бан*"
"каркасная баня 6х4","66","Омск","5","top","каркасная баня","assigned","commercial","medium","commercial-head","landing","B03","Квадро или каркасная баня","4","каркасн* бан*"
"каркасная баня 6х4","11318","Омская область","5","top","каркасная баня","assigned","commercial","medium","commercial-head","landing","B03","Квадро или каркасная баня","4","каркасн* бан*"
"каркасная баня на сваях своими руками пошаговая","11318","Омская область","5","top","каркасная баня","assigned","informational","high","signals","guide","B14","Фундамент для мобильной или готовой бани","6","бан* на сва*"
"каркасная баня от начала до конца","11318","Омская область","5","top","каркасная баня","assigned","informational","low","intent-default","guide","B03","Квадро или каркасная баня","4","каркасн* бан*"
"каркасная баня под ключ","11318","Омская область","5","top","баня под ключ|каркасная баня","assigned","commercial","high","signals","landing","B01","Готовая баня как альтернатива долгой стройке","6","бан* под ключ"
"каркасная баня с односкатной крышей","66","Омск","5","top","каркасная баня","assigned","informational","low","intent-default","guide","B03","Квадро или каркасная баня","4","каркасн* бан*"
"каркасная баня с односкатной крышей","11318","Омская область","5","top","каркасная баня","assigned","informational","low","intent-default","guide","B03","Квадро или каркасная баня","4","каркасн* бан*"
"каркасная баня своими руками чертежи","66","Омск","5","top","каркасная баня","assigned","informational","high","signals","guide","B03","Квадро или каркасная баня","4","каркасн* бан*"
"каркасная баня своими руками чертежи","11318","Омская область","5","top","каркасная баня","assigned","informational","high","signals","guide","B03","Квадро или каркасная баня","4","каркасн* бан*"
"каркасная баня форум","11318","Омская область","5","top","каркасная баня","assigned","commercial","medium","commercial-head","landing","B03","Квадро или каркасная баня","4","каркасн* бан*"
"каркасная моечная баня","66","Омск","5","top","каркасная баня","assigned","informational","low","intent-default","guide","B06","Планировка: парная, мойка и комната отдыха","2","моечн*"
"каркасные бани ключ","11318","Омская область","5","top","каркасная баня","assigned","commercial","medium","commercial-head","landing","B03","Квадро или каркасная баня","4","каркасн* бан*"
"компания бурения и ремонта скважин","66","Омск","5","top","бурение скважин","unassigned","unmapped","none","none","hold","","","",""
"компания бурения и ремонта скважин","11318","Омская область","5","top","бурение скважин","unassigned","unmapped","none","none","hold","","","",""
"крыша каркасной бани своими руками","66","Омск","5","top","каркасная баня","assigned","informational","high","signals","guide","B03","Квадро или каркасная баня","4","каркасн* бан*"
"крыша каркасной бани своими руками","11318","Омская область","5","top","каркасная баня","assigned","informational","high","signals","guide","B03","Квадро или каркасная баня","4","каркасн* бан*"
"купить мобильную баню палатку","66","Омск","5","top","мобильная баня","assigned","commercial","high","signals","landing","B01","Готовая баня как альтернатива долгой стройке","4","мобильн* бан*"
"купить мобильную баню палатку","11318","Омская область","5","top","мобильная баня","assigned","commercial","high","signals","landing","B01","Готовая баня как альтернатива долгой стройке","4","мобильн* бан*"
"купить станок бурения скважин","66","Омск","5","top","бурение скважин","unassigned","commercial","high","signals","landing","","","",""
"купить станок бурения скважин","11318","Омская область","5","top","бурение скважин","unassigned","commercial","high","signals","landing","","","",""
"легкий фундамент под баню","66","Омск","5","top","фундамент под баню","assigned","informational","low","intent-default","guide","B14","Фундамент для мобильной или готовой бани","6","фундамент под бан*"
"легкий фундамент под баню","11318","Омская область","5","top","фундамент под баню","assigned","informational","low","intent-default","guide","B14","Фундамент для мобильной или готовой бани","6","фундамент под бан*"
"лучший фундамент под баню","66","Омск","5","top","фундамент под баню","assigned","informational","low","intent-default","guide","B14","Фундамент для мобильной или готовой бани","6","фундамент под бан*"
"лучший фундамент под баню","11318","Омская область","5","top","фундамент под баню","assigned","informational","low","intent-default","guide","B14","Фундамент для мобильной или готовой бани","6","фундамент под бан*"
"минимальная полусухая стяжка пола","66","Омск","5","top","полусухая стяжка","assigned","commercial","medium","commercial-head","landing","S01","Полусухая или мокрая стяжка","8","полусух* стяжк*|стяжка пола"
"минимальная полусухая стяжка пола","11318","Омская область","5","top","полусухая стяжка","assigned","commercial","medium","commercial-head","landing","S01","Полусухая или мокрая стяжка","8","полусух* стяжк*|стяжка пола"
"минимальная толщина полусухой стяжки пола","66","Омск","5","top","полусухая стяжка","assigned","informational","low","intent-default","guide","S01","Полусухая или мокрая стяжка","4","полусух* стяжк*"
"минимальная толщина полусухой стяжки пола","11318","Омская область","5","top","полусухая стяжка","assigned","informational","low","intent-default","guide","S01","Полусухая или мокрая стяжка","4","полусух* стяжк*"
"минусы полусухой стяжки","11318","Омская область","5","top","полусухая стяжка","assigned","commercial","medium","commercial-head","landing","S01","Полусухая или мокрая стяжка","4","полусух* стяжк*"
"мобильные бани под","11318","Омская область","5","top","мобильная баня","assigned","commercial","medium","commercial-head","landing","B01","Готовая баня как альтернатива долгой стройке","4","мобильн* бан*"
"можно ставить перегородки на стяжку полусухую","66","Омск","5","top","полусухая стяжка","unassigned","unmapped","none","none","hold","","","",""
"можно ставить перегородки на стяжку полусухую","11318","Омская область","5","top","полусухая стяжка","unassigned","unmapped","none","none","hold","","","",""
"монтаж полусухой стяжки","66","Омск","5","top","полусухая стяжка","assigned","commercial","medium","commercial-head","landing","S01","Полусухая или мокрая стяжка","4","полусух* стяжк*"
"монтаж полусухой стяжки","11318","Омская область","5","top","полусухая стяжка","assigned","commercial","medium","commercial-head","landing","S01","Полусухая или мокрая стяжка","4","полусух* стяжк*"
"налог на баню на участке","11318","Омская область","5","top","баня на участок","unassigned","unmapped","none","none","hold","","","",""
"насос для полусухой стяжки","66","Омск","5","top","полусухая стяжка","assigned","commercial","medium","commercial-head","landing","S01","Полусухая или мокрая стяжка","4","полусух* стяжк*"
"насос для полусухой стяжки","11318","Омская область","5","top","полусухая стяжка","assigned","commercial","medium","commercial-head","landing","S01","Полусухая или мокрая стяжка","4","полусух* стяжк*"
"нужно регистрировать баню на участке","66","Омск","5","top","баня на участок","unassigned","informational","high","signals","guide","","","",""
"обшивки каркасной бани","11318","Омская область","5","top","каркасная баня","assigned","commercial","medium","commercial-head","landing","B03","Квадро или каркасная баня","4","каркасн* бан*"
"ооо бурение и ремонт скважин","66","Омск","5","top","бурение скважин","unassigned","unmapped","none","none","hold","","","",""
"ооо бурение и ремонт скважин","11318","Омская область","5","top","бурение скважин","unassigned","unmapped","none","none","hold","","","",""
"основание каркасной бани","11318","Омская область","5","top","каркасная баня","assigned","commercial","medium","commercial-head","landing","B03","Квадро или каркасная баня","4","каркасн* бан*"
"оформить баню на участке","11318","Омская область","5","top","баня на участок","unassigned","commercial","medium","commercial-head","landing","","","",""
"парная баня на дачном участке","11318","Омская область","5","top","баня на участок","assigned","informational","low","intent-default","guide","B06","Планировка: парная, мойка и комната отдыха","2","парн*"
"пенополистирол под полусухую стяжку","66","Омск","5","top","полусухая стяжка","assigned","commercial","medium","commercial-head","landing","S01","Полусухая или мокрая стяжка","4","полусух* стяжк*"
"пенополистирол под полусухую стяжку","11318","Омская область","5","top","полусухая стяжка","assigned","commercial","medium","commercial-head","landing","S01","Полусухая или мокрая стяжка","4","полусух* стяжк*"
"перегородка на полусухую стяжку","66","Омск","5","top","полусухая стяжка","assigned","commercial","medium","commercial-head","landing","S01","Полусухая или мокрая стяжка","4","полусух* стяжк*"
"перегородка на полусухую стяжку","11318","Омская область","5","top","полусухая стяжка","assigned","commercial","medium","commercial-head","landing","S01","Полусухая или мокрая стяжка","4","полусух* стяжк*"
"пол в бане зимой","11318","Омская область","5","top","баня зимой","assigned","informational","low","intent-default","guide","B17","Использование бани зимой в Омске","4","бан* зимой"
"полуручка для полусухой стяжки в аренду омск","66","Омск","5","top","полусухая стяжка","assigned","informational","low","intent-default","guide","S01","Полусухая или мокрая стяжка","4","полусух* стяжк*"
"полуручка для полусухой стяжки в аренду омск","11318","Омская область","5","top","полусухая стяжка","assigned","informational","low","intent-default","guide","S01","Полусухая или мокрая стяжка","4","полусух* стяжк*"
"полусухая стяжка без пленки","66","Омск","5","top","полусухая стяжка","assigned","commercial","medium","commercial-head","landing","S01","Полусухая или мокрая стяжка","4","полусух* стяжк*"
"полусухая стяжка без пленки","11318","Омская область","5","top","полусухая стяжка","assigned","commercial","medium","commercial-head","landing","S01","Полусухая или мокрая стяжка","4","полусух* стяжк*"
"полусухая стяжка в домашних условиях","66","Омск","5","top","полусухая стяжка","assigned","informational","low","intent-default","guide","S01","Полусухая или мокрая стяжка","4","полусух* стяжк*"
"полусухая стяжка в домашних условиях","11318","Омская область","5","top","полусухая стяжка","assigned","informational","low","intent-default","guide","S01","Полусухая или мокрая стяжка","4","полусух* стяжк*"
"полусухая стяжка в мешках","11318","Омская область","5","top","полусухая стяжка","assigned","commercial","medium","commercial-head","landing","S01","Полусухая или мокрая стяжка","4","полусух* стяжк*"
"полусухая стяжка в мешках купить","11318","Омская область","5","top","полусухая стяжка","assigned","commercial","medium","signals","landing","S01","Полусухая или мокрая стяжка","4","полусух* стяжк*"
"полусухая стяжка высыхание","66","Омск","5","top","полусухая стяжка","assigned","commercial","medium","commercial-head","landing","S01","Полусухая или мокрая стяжка","4","полусух* стяжк*"
"полусухая стяжка высыхание","11318","Омская область","5","top","полусухая стяжка","assigned","commercial","medium","commercial-head","landing","S01","Полусухая или мокрая стяжка","4","полусух* стяжк*"
"полусухая стяжка для теплого водяного","66","Омск","5","top","полусухая стяжка","assigned","informational","low","intent-default","guide","S01","Полусухая или мокрая стяжка","4","полусух* стяжк*"
"полусухая стяжка для теплого водяного пола","66","Омск","5","top","полусухая стяжка","assigned","informational","low","intent-default","guide","S01","Полусухая или мокрая стяжка","4","полусух* стяжк*"
"полусухая стяжка пенополистирол","66","Омск","5","top","полусухая стяжка","assigned","commercial","medium","commercial-head","landing","S01","Полусухая или мокрая стяжка","4","полусух* стяжк*"
"полусухая стяжка пенополистирол","11318","Омская область","5","top","полусухая стяжка","assigned","commercial","medium","commercial-head","landing","S01","Полусухая или мокрая стяжка","4","полусух* стяжк*"
"полусухая стяжка пола деформационные швы","11318","Омская область","5","top","полусухая стяжка","assigned","informational","low","intent-default","guide","S01","Полусухая или мокрая стяжка","8","полусух* стяжк*|стяжка пола"
"полусухая стяжка пола на пеноплекс","66","Омск","5","top","полусухая стяжка","assigned","informational","low","intent-default","guide","S01","Полусухая или мокрая стяжка","8","полусух* стяжк*|стяжка пола"
"полусухая стяжка пола на пеноплекс","11318","Омская область","5","top","полусухая стяжка","assigned","informational","low","intent-default","guide","S01","Полусухая или мокрая стяжка","8","полусух* стяжк*|стяжка пола"
"полусухая стяжка пола самому","11318","Омская область","5","top","полусухая стяжка","assigned","commercial","medium","commercial-head","landing","S01","Полусухая или мокрая стяжка","8","полусух* стяжк*|стяжка пола"
"полусухая стяжка пола технология","66","Омск","5","top","полусухая стяжка","assigned","commercial","medium","commercial-head","landing","S01","Полусухая или мокрая стяжка","8","полусух* стяжк*|стяжка пола"
"полусухая стяжка пола цена материала","66","Омск","5","top","полусухая стяжка","assigned","commercial","medium","signals","landing","S01","Полусухая или мокрая стяжка","8","полусух* стяжк*|стяжка пола"
"полусухая стяжка пола цена метр","66","Омск","5","top","полусухая стяжка","assigned","commercial","medium","signals","landing","S01","Полусухая или мокрая стяжка","8","полусух* стяжк*|стяжка пола"
"полусухая стяжка самом","11318","Омская область","5","top","полусухая стяжка","assigned","commercial","medium","commercial-head","landing","S01","Полусухая или мокрая стяжка","4","полусух* стяжк*"
"полусухая стяжка самому","11318","Омская область","5","top","полусухая стяжка","assigned","commercial","medium","commercial-head","landing","S01","Полусухая или мокрая стяжка","4","полусух* стяжк*"
"полусухая стяжка технология","66","Омск","5","top","полусухая стяжка","assigned","commercial","medium","commercial-head","landing","S01","Полусухая или мокрая стяжка","4","полусух* стяжк*"
"полусухая стяжка цена за квадратный метр","66","Омск","5","top","полусухая стяжка","assigned","commercial","medium","signals","landing","S01","Полусухая или мокрая стяжка","4","полусух* стяжк*"
"полусухая стяжка цена за метр","66","Омск","5","top","полусухая стяжка","assigned","commercial","medium","signals","landing","S01","Полусухая или мокрая стяжка","4","полусух* стяжк*"
"полусухая стяжка цена материала","66","Омск","5","top","полусухая стяжка","assigned","commercial","high","signals","landing","S01","Полусухая или мокрая стяжка","4","полусух* стяжк*"
"пошаговая инструкция с фото каркасной бани","66","Омск","5","top","каркасная баня","assigned","informational","low","intent-default","guide","B03","Квадро или каркасная баня","4","каркасн* бан*"
"пошаговая инструкция фундамента под баню","11318","Омская область","5","top","фундамент под баню","unassigned","unmapped","none","none","hold","","","",""
"пошаговое строительство каркасной бани","66","Омск","5","top","каркасная баня","assigned","commercial","medium","commercial-head","landing","B03","Квадро или каркасная баня","4","каркасн* бан*"
"пошаговое строительство каркасной бани","11318","Омская область","5","top","каркасная баня","assigned","commercial","medium","commercial-head","landing","B03","Квадро или каркасная баня","4","каркасн* бан*"
"пошаговое строительство каркасной бани своими руками","66","Омск","5","top","каркасная баня","assigned","informational","high","signals","guide","B03","Квадро или каркасная баня","4","каркасн* бан*"
"пошаговое строительство каркасной бани своими руками","11318","Омская область","5","top","каркасная баня","assigned","informational","high","signals","guide","B03","Квадро или каркасная баня","4","каркасн* бан*"
"правильная полусухая стяжка","66","Омск","5","top","полусухая стяжка","assigned","commercial","medium","commercial-head","landing","S01","Полусухая или мокрая стяжка","4","полусух* стяжк*"
"правильная полусухая стяжка","11318","Омская область","5","top","полусухая стяжка","assigned","commercial","medium","commercial-head","landing","S01","Полусухая или мокрая стяжка","4","полусух* стяжк*"
"правильный пирог каркасной бани","66","Омск","5","top","каркасная баня","assigned","commercial","medium","commercial-head","landing","B03","Квадро или каркасная баня","4","каркасн* бан*"
"проливные полы в каркасной бане на сваях","66","Омск","5","top","каркасная баня","assigned","informational","low","intent-default","guide","B14","Фундамент для мобильной или готовой бани","6","бан* на сва*"
"проливные полы в каркасной бане на сваях","11318","Омская область","5","top","каркасная баня","assigned","informational","low","intent-default","guide","B14","Фундамент для мобильной или готовой бани","6","бан* на сва*"
"размеры бани на участке","66","Омск","5","top","баня на участок","unassigned","commercial","medium","commercial-head","landing","","","",""
"размеры фундамента под баню","66","Омск","5","top","фундамент под баню","unassigned","unmapped","none","none","hold","","","",""
"размеры фундамента под баню","11318","Омская область","5","top","фундамент под баню","unassigned","unmapped","none","none","hold","","","",""
"расстояние между банями на участке","66","Омск","5","top","баня на участок","unassigned","unmapped","none","none","hold","","","",""
"рассчитать материал на каркасную баню","66","Омск","5","top","каркасная баня","assigned","informational","low","intent-default","guide","B03","Квадро или каркасная баня","4","каркасн* бан*"
"рассчитать материал на каркасную баню","11318","Омская область","5","top","каркасная баня","assigned","informational","low","intent-default","guide","B03","Квадро или каркасная баня","4","каркасн* бан*"
"раствор для полусухой стяжки","66","Омск","5","top","полусухая стяжка","assigned","commercial","medium","commercial-head","landing","S01","Полусухая или мокрая стяжка","4","полусух* стяжк*"
"раствор для полусухой стяжки","11318","Омская область","5","top","полусухая стяжка","assigned","commercial","medium","commercial-head","landing","S01","Полусухая или мокрая стяжка","4","полусух* стяжк*"
"роторное бурение скважин","11318","Омская область","5","top","бурение скважин","unassigned","commercial","medium","commercial-head","landing","","","",""
"сайты баня под ключ","11318","Омская область","5","top","баня под ключ","assigned","commercial","high","signals","landing","B01","Готовая баня как альтернатива долгой стройке","6","бан* под ключ"
"сделай бурение скважин","66","Омск","5","top","бурение скважин","unassigned","commercial","medium","commercial-head","landing","","","",""
"сервисное бурение скважин","66","Омск","5","top","бурение скважин","unassigned","commercial","medium","commercial-head","landing","","","",""
"сервисное бурение скважин","11318","Омская область","5","top","бурение скважин","unassigned","commercial","medium","commercial-head","landing","","","",""
"скважина без бурения","11318","Омская область","5","top","бурение скважин","unassigned","unmapped","none","none","hold","","","",""
"сколько дней промывать скважину после бурения","11318","Омская область","5","top","бурение скважин","unassigned","informational","high","signals","guide","","","",""
"сколько промывают скважину после бурения","11318","Омская область","5","top","бурение скважин","unassigned","informational","high","signals","guide","","","",""
"сколько сохнет полусухая стяжка","11318","Омская область","5","top","полусухая стяжка","assigned","informational","medium","intent-tiebreak","guide","S03","Когда можно ходить и укладывать покрытие","6","сохнет полусух* стяжк*"
"сколько стоит баня бочка под ключ цена","11318","Омская область","5","top","баня под ключ","unassigned","commercial","high","signals","landing","","","",""
"сколько цена бани бочки под ключ","11318","Омская область","5","top","баня под ключ","assigned","commercial","high","signals","landing","B09","Итоговая цена и доплаты","4","цен* бан*"
"слои бурения скважины","66","Омск","5","top","бурение скважин","unassigned","commercial","medium","commercial-head","landing","","","",""
"ставим каркасную баню","11318","Омская область","5","top","каркасная баня","assigned","commercial","medium","commercial-head","landing","B03","Квадро или каркасная баня","4","каркасн* бан*"
"стоимость бани под ключ","66","Омск","5","top","баня под ключ","assigned","commercial","high","signals","landing","B01","Готовая баня как альтернатива долгой стройке","6","бан* под ключ"
"стоимость бурения под скважину","66","Омск","5","top","бурение скважин","unassigned","commercial","medium","signals","landing","","","",""
"стойки каркасной бани","11318","Омская область","5","top","каркасная баня","assigned","commercial","medium","commercial-head","landing","B03","Квадро или каркасная баня","4","каркасн* бан*"
"строительство бани на дачном участке санпин","66","Омск","5","top","баня на участок","assigned","informational","low","intent-default","guide","B02","Готовая баня или строить на участке","8","строит* бан*|строительств* бан*"
"строительство бани на дачном участке санпин","11318","Омская область","5","top","баня на участок","assigned","informational","low","intent-default","guide","B02","Готовая баня или строить на участке","8","строит* бан*|строительств* бан*"
"строительство каркасной бани пошаговая инструкция","66","Омск","5","top","каркасная баня","assigned","informational","low","intent-default","guide","B03","Квадро или каркасная баня","4","каркасн* бан*"
"строительство каркасной бани пошаговая инструкция","11318","Омская область","5","top","каркасная баня","assigned","informational","low","intent-default","guide","B03","Квадро или каркасная баня","4","каркасн* бан*"
"строительство каркасной бани своими руками пошаговая инструкция","66","Омск","5","top","каркасная баня","assigned","informational","high","signals","guide","B03","Квадро или каркасная баня","4","каркасн* бан*"
"строительство каркасной бани своими руками пошаговая инструкция","11318","Омская область","5","top","каркасная баня","assigned","informational","high","signals","guide","B03","Квадро или каркасная баня","4","каркасн* бан*"
"строительство каркасной бани фото","66","Омск","5","top","каркасная баня","assigned","commercial","medium","commercial-head","landing","B03","Квадро или каркасная баня","4","каркасн* бан*"
"строительство каркасной бани фото","11318","Омская область","5","top","каркасная баня","assigned","commercial","medium","commercial-head","landing","B03","Квадро или каркасная баня","4","каркасн* бан*"
"стяжка полусухой работу","66","Омск","5","top","полусухая стяжка","unassigned","unmapped","none","none","hold","","","",""
"технология каркасной бани","66","Омск","5","top","каркасная баня","assigned","commercial","medium","commercial-head","landing","B03","Квадро или каркасная баня","4","каркасн* бан*"
"технология каркасной бани","11318","Омская область","5","top","каркасная баня","assigned","commercial","medium","commercial-head","landing","B03","Квадро или каркасная баня","4","каркасн* бан*"
"технология устройства полусухой стяжки","66","Омск","5","top","полусухая стяжка","assigned","commercial","medium","commercial-head","landing","S01","Полусухая или мокрая стяжка","4","полусух* стяжк*"
"технология устройства полусухой стяжки","11318","Омская область","5","top","полусухая стяжка","assigned","commercial","medium","commercial-head","landing","S01","Полусухая или мокрая стяжка","4","полусух* стяжк*"
"технология устройства полусухой стяжки пола","66","Омск","5","top","полусухая стяжка","assigned","informational","low","intent-default","guide","S01","Полусухая или мокрая стяжка","4","полусух* стяжк*"
"технология устройства полусухой стяжки пола","11318","Омская область","5","top","полусухая стяжка","assigned","informational","low","intent-default","guide","S01","Полусухая или мокрая стяжка","4","полусух* стяжк*"
"укладка пеноплекса на пол под полусухую стяжку","66","Омск","5","top","полусухая стяжка","assigned","informational","low","intent-default","guide","S01","Полусухая или мокрая стяжка","4","полусух* стяжк*"
"укладка пеноплекса на пол под полусухую стяжку","11318","Омская область","5","top","полусухая стяжка","assigned","informational","low","intent-default","guide","S01","Полусухая или мокрая стяжка","4","полусух* стяжк*"
"укладка пеноплекса под полусухую стяжку","66","Омск","5","top","полусухая стяжка","assigned","informational","low","intent-default","guide","S01","Полусухая или мокрая стяжка","4","полусух* стяжк*"
"укладка пеноплекса под полусухую стяжку","11318","Омская область","5","top","полусухая стяжка","assigned","informational","low","intent-default","guide","S01","Полусухая или мокрая стяжка","4","полусух* стяжк*"
"укладка полусухой стяжки пола","66","Омск","5","top","полусухая стяжка","assigned","commercial","medium","commercial-head","landing","S01","Полусухая или мокрая стяжка","4","полусух* стяжк*"
"укладка полусухой стяжки пола","11318","Омская область","5","top","полусухая стяжка","assigned","commercial","medium","commercial-head","landing","S01","Полусухая или мокрая стяжка","4","полусух* стяжк*"
"установить баню под ключ","66","Омск","5","top","баня под ключ","assigned","commercial","high","signals","landing","B01","Готовая баня как альтернатива долгой стройке","6","бан* под ключ"
"установить баню под ключ","11318","Омская область","5","top","баня под ключ","assigned","commercial","high","signals","landing","B01","Готовая баня как альтернатива долгой стройке","6","бан* под ключ"
"установка для бурения скважин машина","66","Омск","5","top","бурение скважин","unassigned","unmapped","none","none","hold","","","",""
"установка для бурения скважин машина","11318","Омская область","5","top","бурение скважин","unassigned","unmapped","none","none","hold","","","",""
"финские бани под ключ","66","Омск","5","top","баня под ключ","assigned","commercial","high","signals","landing","B01","Готовая баня как альтернатива долгой стройке","6","бан* под ключ"
"финские бани под ключ","11318","Омская область","5","top","баня под ключ","assigned","commercial","high","signals","landing","B01","Готовая баня как альтернатива долгой стройке","6","бан* под ключ"
"фото чертежи каркасная баня своими руками","66","Омск","5","top","каркасная баня","assigned","informational","high","signals","guide","B03","Квадро или каркасная баня","4","каркасн* бан*"
"фото чертежи каркасная баня своими руками","11318","Омская область","5","top","каркасная баня","assigned","informational","high","signals","guide","B03","Квадро или каркасная баня","4","каркасн* бан*"
"фото чертежи каркасных бань","66","Омск","5","top","каркасная баня","assigned","commercial","medium","commercial-head","landing","B03","Квадро или каркасная баня","4","каркасн* бан*"
"фото чертежи каркасных бань","11318","Омская область","5","top","каркасная баня","assigned","commercial","medium","commercial-head","landing","B03","Квадро или каркасная баня","4","каркасн* бан*"
"фундамент плита под баню","11318","Омская область","5","top","фундамент под баню","unassigned","unmapped","none","none","hold","","","",""
"фундамент под баню под кирпич","11318","Омская область","5","top","фундамент под баню","assigned","informational","low","intent-default","guide","B14","Фундамент для мобильной или готовой бани","6","фундамент под бан*"
"фундамент под баню своими руками инструкция","11318","Омская область","5","top","фундамент под баню","assigned","informational","high","signals","guide","B14","Фундамент для мобильной или готовой бани","6","фундамент под бан*"
"фундамент под баню своими руками пошаговая инструкция","11318","Омская область","5","top","фундамент под баню","assigned","informational","high","signals","guide","B14","Фундамент для мобильной или готовой бани","6","фундамент под бан*"
"цемент для полусухой стяжки","11318","Омская область","5","top","полусухая стяжка","assigned","commercial","medium","commercial-head","landing","S01","Полусухая или мокрая стяжка","4","полусух* стяжк*"
"цена полусухой стяжки пола за квадратный","66","Омск","5","top","полусухая стяжка","assigned","commercial","medium","signals","landing","S01","Полусухая или мокрая стяжка","4","полусух* стяжк*"
"цена полусухой стяжки пола за квадратный метр","66","Омск","5","top","полусухая стяжка","assigned","commercial","medium","signals","landing","S01","Полусухая или мокрая стяжка","4","полусух* стяжк*"
"чем обшить каркасную баню","11318","Омская область","5","top","каркасная баня","assigned","commercial","medium","commercial-head","landing","B03","Квадро или каркасная баня","4","каркасн* бан*"
"авито мобильная баня","66","Омск","4","top","мобильная баня","assigned","commercial","medium","commercial-head","landing","B01","Готовая баня как альтернатива долгой стройке","4","мобильн* бан*"
"аппарат для механизированной штукатурки","66","Омск","4","top","механизированная штукатурка","assigned","commercial","medium","commercial-head","landing","P01","Механизированная или ручная штукатурка","4","механизированн* штукатурк*"
"аппарат для механизированной штукатурки","11318","Омская область","4","top","механизированная штукатурка","assigned","commercial","medium","commercial-head","landing","P01","Механизированная или ручная штукатурка","4","механизированн* штукатурк*"
"аппарат механизировать штукатурка","66","Омск","4","top","механизированная штукатурка","unassigned","commercial","medium","commercial-head","landing","","","",""
"аппарат механизировать штукатурка","11318","Омская область","4","top","механизированная штукатурка","unassigned","commercial","medium","commercial-head","landing","","","",""
"арбузы в бане на зиму","11318","Омская область","4","top","баня зимой","unassigned","unmapped","none","none","hold","","","",""
"бани 4 4 под ключ","66","Омск","4","top","баня под ключ","unassigned","commercial","high","signals","landing","","","",""
"бани бочки в новосибирске под ключ","66","Омск","4","top","баня под ключ","unassigned","commercial","high","signals","landing","","","",""
"бани бочки в новосибирске под ключ","11318","Омская область","4","top","баня под ключ","unassigned","commercial","high","signals","landing","","","",""
"бани купить под ключ с печью","66","Омск","4","top","баня под ключ","unassigned","commercial","high","signals","landing","","","",""
"бани купить под ключ с печью","11318","Омская область","4","top","баня под ключ","unassigned","commercial","high","signals","landing","","","",""
"бани купить под ключ с печью недорого","66","Омск","4","top","баня под ключ","unassigned","commercial","high","signals","landing","","","",""
"бани купить под ключ с печью недорого","11318","Омская область","4","top","баня под ключ","unassigned","commercial","high","signals","landing","","","",""
"бани под ключ недорого в московской области","66","Омск","4","top","баня под ключ","assigned","commercial","high","signals","landing","B01","Готовая баня как альтернатива долгой стройке","6","бан* под ключ"
"бани под ключ недорого в московской области","11318","Омская область","4","top","баня под ключ","assigned","commercial","high","signals","landing","B01","Готовая баня как альтернатива долгой стройке","6","бан* под ключ"
"бани под ключ с печью","66","Омск","4","top","баня под ключ","assigned","commercial","high","signals","landing","B01","Готовая баня как альтернатива долгой стройке","6","бан* под ключ"
"бани под ключ с печью","11318","Омская область","4","top","баня под ключ","assigned","commercial","high","signals","landing","B01","Готовая баня как альтернатива долгой стройке","6","бан* под ключ"
"бани с террасой под ключ проекты","66","Омск","4","top","баня под ключ","unassigned","commercial","high","signals","landing","","","",""
"бани с террасой под ключ проекты","11318","Омская область","4","top","баня под ключ","unassigned","commercial","high","signals","landing","","","",""
"баня из клееного бруса под ключ","66","Омск","4","top","баня под ключ","unassigned","commercial","high","signals","landing","","","",""
"баня из клееного бруса под ключ","11318","Омская область","4","top","баня под ключ","unassigned","commercial","high","signals","landing","","","",""
"баня купить под ключ московская","66","Омск","4","top","баня под ключ","unassigned","commercial","high","signals","landing","","","",""
"баня купить под ключ московская","11318","Омская область","4","top","баня под ключ","unassigned","commercial","high","signals","landing","","","",""
"баня на улице зимой","11318","Омская область","4","top","баня зимой","unassigned","unmapped","none","none","hold","","","",""
"баня на участке 2 сотки","11318","Омская область","4","top","баня на участок","unassigned","unmapped","none","none","hold","","","",""
"баня на участке проекты","11318","Омская область","4","top","баня на участок","unassigned","commercial","medium","commercial-head","landing","","","",""
"баня на участке сколько стоит","66","Омск","4","top","баня на участок","unassigned","commercial","low","signals-tie","landing","","","",""
"баня на участке снт нормы","66","Омск","4","top","баня на участок","unassigned","unmapped","none","none","hold","","","",""
"баня на участке снт нормы","11318","Омская область","4","top","баня на участок","unassigned","unmapped","none","none","hold","","","",""
"баня на участке цена","66","Омск","4","top","баня на участок","unassigned","commercial","high","signals","landing","","","",""
"баня на участке цена","11318","Омская область","4","top","баня на участок","unassigned","commercial","high","signals","landing","","","",""
"баня под ключ 3х4","11318","Омская область","4","top","баня под ключ","assigned","commercial","high","signals","landing","B01","Готовая баня как альтернатива долгой стройке","6","бан* под ключ"
"баня под ключ г","66","Омск","4","top","баня под ключ","assigned","commercial","high","signals","landing","B01","Готовая баня как альтернатива долгой стройке","6","бан* под ключ"
"баня под ключ г омске","11318","Омская область","4","top","баня под ключ","assigned","commercial","high","signals","landing","B01","Готовая баня как альтернатива долгой стройке","6","бан* под ключ"
"баня под ключ купить с доставкой","11318","Омская область","4","top","баня под ключ|доставка бани","assigned","commercial","high","signals","landing","B01","Готовая баня как альтернатива долгой стройке","6","бан* под ключ"
"баня под ключ московская","66","Омск","4","top","баня под ключ","assigned","commercial","high","signals","landing","B01","Готовая баня как альтернатива долгой стройке","6","бан* под ключ"
"баня под ключ московская","11318","Омская область","4","top","баня под ключ","assigned","commercial","high","signals","landing","B01","Готовая баня как альтернатива долгой стройке","6","бан* под ключ"
"баня под ключ московская область","66","Омск","4","top","баня под ключ","assigned","commercial","high","signals","landing","B01","Готовая баня как альтернатива долгой стройке","6","бан* под ключ"
"баня под ключ московская область","11318","Омская область","4","top","баня под ключ","assigned","commercial","high","signals","landing","B01","Готовая баня как альтернатива долгой стройке","6","бан* под ключ"
"баня под ключ не дорого","11318","Омская область","4","top","баня под ключ","assigned","commercial","high","signals","landing","B01","Готовая баня как альтернатива долгой стройке","6","бан* под ключ"
"баня под ключ недорого московская","66","Омск","4","top","баня под ключ","assigned","commercial","high","signals","landing","B01","Готовая баня как альтернатива долгой стройке","6","бан* под ключ"
"баня под ключ недорого московская","11318","Омская область","4","top","баня под ключ","assigned","commercial","high","signals","landing","B01","Готовая баня как альтернатива долгой стройке","6","бан* под ключ"
"баня под ключ сделаю","11318","Омская область","4","top","баня под ключ","assigned","commercial","high","signals","landing","B01","Готовая баня как альтернатива долгой стройке","6","бан* под ключ"
"баня после зимы","66","Омск","4","top","баня зимой","unassigned","unmapped","none","none","hold","","","",""
"баня после зимы","11318","Омская область","4","top","баня зимой","unassigned","unmapped","none","none","hold","","","",""
"баня финская бочка под ключ","66","Омск","4","top","баня под ключ","unassigned","commercial","high","signals","landing","","","",""
"баня финская бочка под ключ","11318","Омская область","4","top","баня под ключ","unassigned","commercial","high","signals","landing","","","",""
"бесплатный проект каркасной бани","11318","Омская область","4","top","каркасная баня","assigned","commercial","medium","commercial-head","landing","B03","Квадро или каркасная баня","4","каркасн* бан*"
"бурение обустройство скважин воду","66","Омск","4","top","бурение скважин","unassigned","unmapped","none","none","hold","","","",""
"бурение обустройство скважин воду","11318","Омская область","4","top","бурение скважин","unassigned","unmapped","none","none","hold","","","",""
"бурение скважин 600 мм","66","Омск","4","top","бурение скважин","unassigned","commercial","medium","commercial-head","landing","","","",""
"бурение скважин 600 мм","11318","Омская область","4","top","бурение скважин","unassigned","commercial","medium","commercial-head","landing","","","",""
"бурение скважин вручную","66","Омск","4","top","бурение скважин","unassigned","commercial","medium","commercial-head","landing","","","",""
"бурение скважин вручную","11318","Омская область","4","top","бурение скважин","unassigned","commercial","medium","commercial-head","landing","","","",""
"бурение скважин диаметром 600 мм","66","Омск","4","top","бурение скважин","unassigned","unmapped","none","none","hold","","","",""
"бурение скважин диаметром 600 мм","11318","Омская область","4","top","бурение скважин","unassigned","unmapped","none","none","hold","","","",""
"бурение скважин диаметры долот","66","Омск","4","top","бурение скважин","unassigned","commercial","medium","commercial-head","landing","","","",""
"бурение скважин диаметры долот","11318","Омская область","4","top","бурение скважин","unassigned","commercial","medium","commercial-head","landing","","","",""
"бурение скважин на воду на даче","66","Омск","4","top","бурение скважин","unassigned","unmapped","none","none","hold","","","",""
"бурение скважин на песок","66","Омск","4","top","бурение скважин","unassigned","commercial","medium","commercial-head","landing","","","",""
"бурение скважин на песок","11318","Омская область","4","top","бурение скважин","unassigned","commercial","medium","commercial-head","landing","","","",""
"бурение скважин отзывы","66","Омск","4","top","бурение скважин","unassigned","commercial","medium","commercial-head","landing","","","",""
"бурение скважин станками со 2","66","Омск","4","top","бурение скважин","unassigned","unmapped","none","none","hold","","","",""
"бурение скважин станками со 2","11318","Омская область","4","top","бурение скважин","unassigned","unmapped","none","none","hold","","","",""
"бурение скважин станками типа со 2","66","Омск","4","top","бурение скважин","unassigned","unmapped","none","none","hold","","","",""
"бурение скважин станками типа со 2","11318","Омская область","4","top","бурение скважин","unassigned","unmapped","none","none","hold","","","",""
"бурение скважины в доме","11318","Омская область","4","top","бурение скважин","unassigned","commercial","medium","commercial-head","landing","","","",""
"бурение скважины на даче своими руками","66","Омск","4","top","бурение скважин","unassigned","informational","high","signals","guide","","","",""
"бурение скважины под воду цена за метр","11318","Омская область","4","top","бурение скважин","unassigned","commercial","medium","signals","landing","","","",""
"верхняя обвязка каркасной бани","66","Омск","4","top","каркасная баня","assigned","commercial","medium","commercial-head","landing","B03","Квадро или каркасная баня","4","каркасн* бан*"
"верхняя обвязка каркасной бани","11318","Омская область","4","top","каркасная баня","assigned","commercial","medium","commercial-head","landing","B03","Квадро или каркасная баня","4","каркасн* бан*"
"выполнение работ бурению скважин","11318","Омская область","4","top","бурение скважин","unassigned","commercial","medium","commercial-head","landing","","","",""
"высота бани на участке","66","Омск","4","top","баня на участок","unassigned","commercial","medium","commercial-head","landing","","","",""
"высота бани на участке","11318","Омская область","4","top","баня на участок","unassigned","commercial","medium","commercial-head","landing","","","",""
"высота фундамента под баню","66","Омск","4","top","фундамент под баню","unassigned","unmapped","none","none","hold","","","",""
"гипсовая штукатурка кнауф механизированная","66","Омск","4","top","механизированная штукатурка","assigned","informational","low","intent-default","guide","P02","Гипсовая или цементная штукатурка","4","гипсов* штукатурк*"
"гипсовая штукатурка кнауф механизированная","11318","Омская область","4","top","механизированная штукатурка","assigned","informational","low","intent-default","guide","P02","Гипсовая или цементная штукатурка","4","гипсов* штукатурк*"
"готовая баня 2 2","11318","Омская область","4","top","готовая баня","assigned","commercial","medium","commercial-head","landing","B01","Готовая баня как альтернатива долгой стройке","4","готов* бан*"
"готовая баня для дачи","11318","Омская область","4","top","готовая баня","assigned","commercial","medium","commercial-head","landing","B01","Готовая баня как альтернатива долгой стройке","4","готов* бан*"
"готовые бани в днр","11318","Омская область","4","top","готовая баня","assigned","commercial","medium","commercial-head","landing","B01","Готовая баня как альтернатива долгой стройке","4","готов* бан*"
"готовые бани донецк","11318","Омская область","4","top","готовая баня","assigned","commercial","medium","commercial-head","landing","B01","Готовая баня как альтернатива долгой стройке","4","готов* бан*"
"готовые бани донецк днр","11318","Омская область","4","top","готовая баня","assigned","commercial","medium","commercial-head","landing","B01","Готовая баня как альтернатива долгой стройке","4","готов* бан*"
"готовые бани купить фото","66","Омск","4","top","готовая баня","assigned","commercial","high","signals","landing","B01","Готовая баня как альтернатива долгой стройке","4","готов* бан*"
"готовые бани купить фото","11318","Омская область","4","top","готовая баня","assigned","commercial","high","signals","landing","B01","Готовая баня как альтернатива долгой стройке","4","готов* бан*"
"готовые бани размеры","11318","Омская область","4","top","готовая баня","assigned","commercial","medium","commercial-head","landing","B01","Готовая баня как альтернатива долгой стройке","4","готов* бан*"
"готовые бани томск","11318","Омская область","4","top","готовая баня","assigned","commercial","medium","commercial-head","landing","B01","Готовая баня как альтернатива долгой стройке","4","готов* бан*"
"границы бани на участке","66","Омск","4","top","баня на участок","unassigned","commercial","medium","commercial-head","landing","","","",""
"дверь входная в каркасную баню","66","Омск","4","top","каркасная баня","assigned","informational","low","intent-default","guide","B03","Квадро или каркасная баня","4","каркасн* бан*"
"дверь входная в каркасную баню","11318","Омская область","4","top","каркасная баня","assigned","informational","low","intent-default","guide","B03","Квадро или каркасная баня","4","каркасн* бан*"
"зима баня веники","66","Омск","4","top","баня зимой","unassigned","unmapped","none","none","hold","","","",""
"как делать полусухую стяжку","66","Омск","4","top","полусухая стяжка","assigned","informational","medium","intent-tiebreak","guide","S01","Полусухая или мокрая стяжка","4","полусух* стяжк*"
"как сделать баню зимой","66","Омск","4","top","баня зимой","assigned","informational","high","signals","guide","B17","Использование бани зимой в Омске","4","бан* зимой"
"как сделать баню зимой","11318","Омская область","4","top","баня зимой","assigned","informational","high","signals","guide","B17","Использование бани зимой в Омске","4","бан* зимой"
"как сделать полусухую стяжку своими руками","66","Омск","4","top","полусухая стяжка","assigned","informational","high","signals","guide","S01","Полусухая или мокрая стяжка","4","полусух* стяжк*"
"какая минимальная толщина полусухой стяжки","66","Омск","4","top","полусухая стяжка","assigned","informational","high","signals","guide","S01","Полусухая или мокрая стяжка","4","полусух* стяжк*"
"какая минимальная толщина полусухой стяжки","11318","Омская область","4","top","полусухая стяжка","assigned","informational","high","signals","guide","S01","Полусухая или мокрая стяжка","4","полусух* стяжк*"
"какая толщина полусухой стяжки","66","Омск","4","top","полусухая стяжка","assigned","informational","medium","intent-tiebreak","guide","S01","Полусухая или мокрая стяжка","4","полусух* стяжк*"
"какой должен фундамент под баню","11318","Омская область","4","top","фундамент под баню","assigned","informational","high","signals","guide","B14","Фундамент для мобильной или готовой бани","6","фундамент под бан*"
"какой толщины делают полусухую стяжку","66","Омск","4","top","полусухая стяжка","assigned","informational","high","signals","guide","S01","Полусухая или мокрая стяжка","4","полусух* стяжк*"
"какой толщины делают полусухую стяжку","11318","Омская область","4","top","полусухая стяжка","assigned","informational","high","signals","guide","S01","Полусухая или мокрая стяжка","4","полусух* стяжк*"
"какой толщины можно делать полусухую стяжку","66","Омск","4","top","полусухая стяжка","assigned","informational","high","signals","guide","S01","Полусухая или мокрая стяжка","4","полусух* стяжк*"
"какой толщины можно делать полусухую стяжку","11318","Омская область","4","top","полусухая стяжка","assigned","informational","high","signals","guide","S01","Полусухая или мокрая стяжка","4","полусух* стяжк*"
"какой утеплитель для каркасной бани","66","Омск","4","top","каркасная баня","assigned","informational","high","signals","guide","B03","Квадро или каркасная баня","4","каркасн* бан*"
"какой цемент для полусухой стяжки","66","Омск","4","top","полусухая стяжка","assigned","informational","high","signals","guide","S01","Полусухая или мокрая стяжка","4","полусух* стяжк*"
"какой цемент для полусухой стяжки","11318","Омская область","4","top","полусухая стяжка","assigned","informational","high","signals","guide","S01","Полусухая или мокрая стяжка","4","полусух* стяжк*"
"каркасная баня 2.5 2.5 проект","11318","Омская область","4","top","каркасная баня","assigned","informational","low","intent-default","guide","B03","Квадро или каркасная баня","4","каркасн* бан*"
"каркасная баня 4 на 4","66","Омск","4","top","каркасная баня","assigned","informational","low","intent-default","guide","B03","Квадро или каркасная баня","4","каркасн* бан*"
"каркасная баня обзор","66","Омск","4","top","каркасная баня","assigned","commercial","medium","commercial-head","landing","B03","Квадро или каркасная баня","4","каркасн* бан*"
"каркасная баня обзор","11318","Омская область","4","top","каркасная баня","assigned","commercial","medium","commercial-head","landing","B03","Квадро или каркасная баня","4","каркасн* бан*"
"каркасная баня от фундамента до крыши","66","Омск","4","top","каркасная баня","assigned","informational","low","intent-default","guide","B03","Квадро или каркасная баня","4","каркасн* бан*"
"каркасная баня от фундамента до крыши","11318","Омская область","4","top","каркасная баня","assigned","informational","low","intent-default","guide","B03","Квадро или каркасная баня","4","каркасн* бан*"
"каркасная баня под ключ","66","Омск","4","top","баня под ключ|каркасная баня","assigned","commercial","high","signals","landing","B01","Готовая баня как альтернатива долгой стройке","6","бан* под ключ"
"каркасная баня поэтапно","11318","Омская область","4","top","каркасная баня","assigned","commercial","medium","commercial-head","landing","B03","Квадро или каркасная баня","4","каркасн* бан*"
"каркасная баня самому","66","Омск","4","top","каркасная баня","assigned","commercial","medium","commercial-head","landing","B03","Квадро или каркасная баня","4","каркасн* бан*"
"каркасная баня своими руками поэтапно","11318","Омская область","4","top","каркасная баня","assigned","informational","high","signals","guide","B03","Квадро или каркасная баня","4","каркасн* бан*"
"каркасная баня скачать","66","Омск","4","top","каркасная баня","assigned","commercial","medium","commercial-head","landing","B03","Квадро или каркасная баня","4","каркасн* бан*"
"каркасная баня стоимость","11318","Омская область","4","top","каркасная баня","assigned","commercial","high","signals","landing","B03","Квадро или каркасная баня","4","каркасн* бан*"
"каркасные бани ключ","66","Омск","4","top","каркасная баня","assigned","commercial","medium","commercial-head","landing","B03","Квадро или каркасная баня","4","каркасн* бан*"
"каркасные деревянные бани","66","Омск","4","top","каркасная баня","unassigned","unmapped","none","none","hold","","","",""
"каркасные деревянные бани","11318","Омская область","4","top","каркасная баня","unassigned","unmapped","none","none","hold","","","",""
"кедровая баня цена","66","Омск","4","top","кедровая баня","assigned","commercial","high","signals","landing","B20","Кедр против сосны и ели","4","кедров* бан*"
"кедровая баня цена","11318","Омская область","4","top","кедровая баня","assigned","commercial","high","signals","landing","B20","Кедр против сосны и ели","4","кедров* бан*"
"клееные бани под ключ","66","Омск","4","top","баня под ключ","assigned","commercial","high","signals","landing","B01","Готовая баня как альтернатива долгой стройке","6","бан* под ключ"
"клееные бани под ключ","11318","Омская область","4","top","баня под ключ","assigned","commercial","high","signals","landing","B01","Готовая баня как альтернатива долгой стройке","6","бан* под ключ"
"кнауф механизированная штукатурка 30 кг","66","Омск","4","top","механизированная штукатурка","assigned","informational","low","intent-default","guide","P01","Механизированная или ручная штукатурка","4","механизированн* штукатурк*"
"кнауф механизированная штукатурка 30 кг","11318","Омская область","4","top","механизированная штукатурка","assigned","informational","low","intent-default","guide","P01","Механизированная или ручная штукатурка","4","механизированн* штукатурк*"
"купить баню из сруба под ключ","66","Омск","4","top","баня под ключ","unassigned","commercial","high","signals","landing","","","",""
"купить баню из сруба под ключ","11318","Омская область","4","top","баня под ключ","unassigned","commercial","high","signals","landing","","","",""
"купить баню под ключ в московской области","66","Омск","4","top","баня под ключ","assigned","commercial","high","signals","landing","B01","Готовая баня как альтернатива долгой стройке","6","бан* под ключ"
"купить баню под ключ в московской области","11318","Омская область","4","top","баня под ключ","assigned","commercial","high","signals","landing","B01","Готовая баня как альтернатива долгой стройке","6","бан* под ключ"
"купить баню под ключ недорого московская","66","Омск","4","top","баня под ключ","assigned","commercial","high","signals","landing","B01","Готовая баня как альтернатива долгой стройке","6","бан* под ключ"
"купить баню под ключ недорого московская","11318","Омская область","4","top","баня под ключ","assigned","commercial","high","signals","landing","B01","Готовая баня как альтернатива долгой стройке","6","бан* под ключ"
"купить баню под ключ недорого московская область","66","Омск","4","top","баня под ключ","assigned","commercial","high","signals","landing","B01","Готовая баня как альтернатива долгой стройке","6","бан* под ключ"
"купить баню под ключ недорого московская область","11318","Омская область","4","top","баня под ключ","assigned","commercial","high","signals","landing","B01","Готовая баня как альтернатива долгой стройке","6","бан* под ключ"
"купить готовую баню в днр","11318","Омская область","4","top","готовая баня","assigned","commercial","medium","signals","landing","B01","Готовая баня как альтернатива долгой стройке","4","готов* бан*"
"купить готовую баню в донецке днр","11318","Омская область","4","top","готовая баня","assigned","commercial","medium","signals","landing","B01","Готовая баня как альтернатива долгой стройке","4","готов* бан*"
"купить готовую баню цена фото","66","Омск","4","top","готовая баня","assigned","commercial","high","signals","landing","B01","Готовая баня как альтернатива долгой стройке","4","готов* бан*"
"купить готовую баню цена фото","11318","Омская область","4","top","готовая баня","assigned","commercial","high","signals","landing","B01","Готовая баня как альтернатива долгой стройке","4","готов* бан*"
"купить правила для полусухой стяжки","11318","Омская область","4","top","полусухая стяжка","assigned","commercial","medium","signals","landing","S01","Полусухая или мокрая стяжка","4","полусух* стяжк*"
"лучшие бани на участке","66","Омск","4","top","баня на участок","unassigned","commercial","medium","commercial-head","landing","","","",""
"лучшие бани на участке","11318","Омская область","4","top","баня на участок","unassigned","commercial","medium","commercial-head","landing","","","",""
"маленькие бани под ключ","11318","Омская область","4","top","баня под ключ","assigned","commercial","high","signals","landing","B01","Готовая баня как альтернатива долгой стройке","6","бан* под ключ"
"методы бурения скважин","66","Омск","4","top","бурение скважин","unassigned","commercial","medium","commercial-head","landing","","","",""
"механизированная цементная штукатурка","66","Омск","4","top","механизированная штукатурка","assigned","informational","low","intent-default","guide","P02","Гипсовая или цементная штукатурка","4","цементн* штукатурк*"
"механизированная цементная штукатурка","11318","Омская область","4","top","механизированная штукатурка","assigned","informational","low","intent-default","guide","P02","Гипсовая или цементная штукатурка","4","цементн* штукатурк*"
"механизированная штукатурка кнауф","66","Омск","4","top","механизированная штукатурка","assigned","commercial","medium","commercial-head","landing","P01","Механизированная или ручная штукатурка","4","механизированн* штукатурк*"
"механизированная штукатурка кнауф","11318","Омская область","4","top","механизированная штукатурка","assigned","commercial","medium","commercial-head","landing","P01","Механизированная или ручная штукатурка","4","механизированн* штукатурк*"
"механизированная штукатурка цементно песчаная","66","Омск","4","top","механизированная штукатурка","assigned","commercial","medium","commercial-head","landing","P01","Механизированная или ручная штукатурка","4","механизированн* штукатурк*"
"механизированная штукатурка цементно песчаная","11318","Омская область","4","top","механизированная штукатурка","assigned","commercial","medium","commercial-head","landing","P01","Механизированная или ручная штукатурка","4","механизированн* штукатурк*"
"минусы полусухой стяжки","66","Омск","4","top","полусухая стяжка","assigned","commercial","medium","commercial-head","landing","S01","Полусухая или мокрая стяжка","4","полусух* стяжк*"
"мобильная баня бу","11318","Омская область","4","top","мобильная баня","assigned","commercial","medium","commercial-head","landing","B01","Готовая баня как альтернатива долгой стройке","4","мобильн* бан*"
"мобильная баня с печкой","66","Омск","4","top","мобильная баня","assigned","commercial","medium","commercial-head","landing","B01","Готовая баня как альтернатива долгой стройке","4","мобильн* бан*"
"мобильная баня с печкой","11318","Омская область","4","top","мобильная баня","assigned","commercial","medium","commercial-head","landing","B01","Готовая баня как альтернатива долгой стройке","4","мобильн* бан*"
"мобильная баня своими руками","66","Омск","4","top","мобильная баня","assigned","informational","medium","signals","guide","B01","Готовая баня как альтернатива долгой стройке","4","мобильн* бан*"
"мобильная баня своими руками","11318","Омская область","4","top","мобильная баня","assigned","informational","medium","signals","guide","B01","Готовая баня как альтернатива долгой стройке","4","мобильн* бан*"
"можно строить баню на дачном участке","66","Омск","4","top","баня на участок","assigned","informational","low","intent-default","guide","B02","Готовая баня или строить на участке","4","строит* бан*"
"можно строить баню на дачном участке","11318","Омская область","4","top","баня на участок","assigned","informational","low","intent-default","guide","B02","Готовая баня или строить на участке","4","строит* бан*"
"мокрая или полусухая стяжка что лучше","66","Омск","4","top","полусухая стяжка","assigned","informational","high","signals","guide","S01","Полусухая или мокрая стяжка","4","полусух* стяжк*"
"мокрая или полусухая стяжка что лучше","11318","Омская область","4","top","полусухая стяжка","assigned","informational","high","signals","guide","S01","Полусухая или мокрая стяжка","4","полусух* стяжк*"
"набор для бурения скважины","66","Омск","4","top","бурение скважин","unassigned","commercial","medium","commercial-head","landing","","","",""
"набор для бурения скважины","11318","Омская область","4","top","бурение скважин","unassigned","commercial","medium","commercial-head","landing","","","",""
"набор для бурения скважины вручную","66","Омск","4","top","бурение скважин","unassigned","unmapped","none","none","hold","","","",""
"набор для бурения скважины вручную","11318","Омская область","4","top","бурение скважин","unassigned","unmapped","none","none","hold","","","",""
"набор для бурения скважины вручную купить","66","Омск","4","top","бурение скважин","unassigned","commercial","medium","signals","landing","","","",""
"набор для бурения скважины вручную купить","11318","Омская область","4","top","бурение скважин","unassigned","commercial","medium","signals","landing","","","",""
"набор для бурения скважины купить","66","Омск","4","top","бурение скважин","unassigned","commercial","medium","signals","landing","","","",""
"набор для бурения скважины купить","11318","Омская область","4","top","бурение скважин","unassigned","commercial","medium","signals","landing","","","",""
"налог на баню на участке","66","Омск","4","top","баня на участок","unassigned","unmapped","none","none","hold","","","",""
"насос для полусухой стяжки купить","66","Омск","4","top","полусухая стяжка","assigned","commercial","medium","signals","landing","S01","Полусухая или мокрая стяжка","4","полусух* стяжк*"
"насос для полусухой стяжки купить","11318","Омская область","4","top","полусухая стяжка","assigned","commercial","medium","signals","landing","S01","Полусухая или мокрая стяжка","4","полусух* стяжк*"
"несущая способность полусухой стяжки","66","Омск","4","top","полусухая стяжка","assigned","commercial","medium","commercial-head","landing","S01","Полусухая или мокрая стяжка","4","полусух* стяжк*"
"несущая способность полусухой стяжки","11318","Омская область","4","top","полусухая стяжка","assigned","commercial","medium","commercial-head","landing","S01","Полусухая или мокрая стяжка","4","полусух* стяжк*"
"нормы строительства бани на участке","11318","Омская область","4","top","баня на участок","assigned","informational","low","intent-default","guide","B02","Готовая баня или строить на участке","8","строит* бан*|строительств* бан*"
"нужно ли регистрировать баню на участке","11318","Омская область","4","top","баня на участок","unassigned","informational","high","signals","guide","","","",""
"оборудование для бурения скважин купить","66","Омск","4","top","бурение скважин","unassigned","commercial","medium","signals","landing","","","",""
"оборудование для бурения скважин купить","11318","Омская область","4","top","бурение скважин","unassigned","commercial","medium","signals","landing","","","",""
"оборудование для полусухой стяжки пола","11318","Омская область","4","top","полусухая стяжка","assigned","informational","low","intent-default","guide","S01","Полусухая или мокрая стяжка","4","полусух* стяжк*"
"обустройство скважин для бурения","66","Омск","4","top","бурение скважин","unassigned","unmapped","none","none","hold","","","",""
"обустройство скважин для бурения","11318","Омская область","4","top","бурение скважин","unassigned","unmapped","none","none","hold","","","",""
"обустройство скважины после бурения","66","Омск","4","top","бурение скважин","unassigned","unmapped","none","none","hold","","","",""
"обустройство скважины после бурения","11318","Омская область","4","top","бурение скважин","unassigned","unmapped","none","none","hold","","","",""
"основание каркасной бани своими руками","11318","Омская область","4","top","каркасная баня","assigned","informational","high","signals","guide","B03","Квадро или каркасная баня","4","каркасн* бан*"
"парная в каркасной бане","66","Омск","4","top","каркасная баня","assigned","commercial","medium","commercial-head","landing","B03","Квадро или каркасная баня","4","каркасн* бан*"
"песок для полусухой стяжки","66","Омск","4","top","полусухая стяжка","assigned","commercial","medium","commercial-head","landing","S01","Полусухая или мокрая стяжка","4","полусух* стяжк*"
"печь для мобильной бани","66","Омск","4","top","мобильная баня","assigned","commercial","medium","commercial-head","landing","B01","Готовая баня как альтернатива долгой стройке","4","мобильн* бан*"
"печь для мобильной бани","11318","Омская область","4","top","мобильная баня","assigned","commercial","medium","commercial-head","landing","B01","Готовая баня как альтернатива долгой стройке","4","мобильн* бан*"
"пленка под полусухую стяжку","66","Омск","4","top","полусухая стяжка","assigned","commercial","medium","commercial-head","landing","S01","Полусухая или мокрая стяжка","4","полусух* стяжк*"
"плотность утеплителя каркасной бани","66","Омск","4","top","каркасная баня","assigned","commercial","medium","commercial-head","landing","B03","Квадро или каркасная баня","4","каркасн* бан*"
"плотность утеплителя каркасной бани","11318","Омская область","4","top","каркасная баня","assigned","commercial","medium","commercial-head","landing","B03","Квадро или каркасная баня","4","каркасн* бан*"
"полусухая стяжка в самаре","66","Омск","4","top","полусухая стяжка","assigned","commercial","medium","commercial-head","landing","S01","Полусухая или мокрая стяжка","4","полусух* стяжк*"
"полусухая стяжка в самаре","11318","Омская область","4","top","полусухая стяжка","assigned","commercial","medium","commercial-head","landing","S01","Полусухая или мокрая стяжка","4","полусух* стяжк*"
"полусухая стяжка по грунту","11318","Омская область","4","top","полусухая стяжка","assigned","commercial","medium","commercial-head","landing","S01","Полусухая или мокрая стяжка","4","полусух* стяжк*"
"полусухая стяжка пола в самаре цена","66","Омск","4","top","полусухая стяжка","assigned","commercial","medium","signals","landing","S01","Полусухая или мокрая стяжка","8","полусух* стяжк*|стяжка пола"
"полусухая стяжка пола в самаре цена","11318","Омская область","4","top","полусухая стяжка","assigned","commercial","medium","signals","landing","S01","Полусухая или мокрая стяжка","8","полусух* стяжк*|стяжка пола"
"полусухая стяжка пола м2","66","Омск","4","top","полусухая стяжка","assigned","commercial","medium","commercial-head","landing","S01","Полусухая или мокрая стяжка","8","полусух* стяжк*|стяжка пола"
"полусухая стяжка пола м2","11318","Омская область","4","top","полусухая стяжка","assigned","commercial","medium","commercial-head","landing","S01","Полусухая или мокрая стяжка","8","полусух* стяжк*|стяжка пола"
"полусухая стяжка пола самара","66","Омск","4","top","полусухая стяжка","assigned","commercial","medium","commercial-head","landing","S01","Полусухая или мокрая стяжка","8","полусух* стяжк*|стяжка пола"
"полусухая стяжка пола самара","11318","Омская область","4","top","полусухая стяжка","assigned","commercial","medium","commercial-head","landing","S01","Полусухая или мокрая стяжка","8","полусух* стяжк*|стяжка пола"
"полусухая стяжка пола фирмы","66","Омск","4","top","полусухая стяжка","assigned","commercial","medium","commercial-head","landing","S01","Полусухая или мокрая стяжка","8","полусух* стяжк*|стяжка пола"
"полусухая стяжка с материалом в самаре","66","Омск","4","top","полусухая стяжка","assigned","informational","low","intent-default","guide","S01","Полусухая или мокрая стяжка","4","полусух* стяжк*"
"полусухая стяжка самара цена с материалом","66","Омск","4","top","полусухая стяжка","assigned","commercial","medium","signals","landing","S01","Полусухая или мокрая стяжка","4","полусух* стяжк*"
"полусухая стяжка сколько стоит","11318","Омская область","4","top","полусухая стяжка","assigned","commercial","high","signals","landing","S01","Полусухая или мокрая стяжка","4","полусух* стяжк*"
"полусухая стяжка фирма","66","Омск","4","top","полусухая стяжка","assigned","commercial","medium","commercial-head","landing","S01","Полусухая или мокрая стяжка","4","полусух* стяжк*"
"полусухая стяжка цена самара","66","Омск","4","top","полусухая стяжка","assigned","commercial","high","signals","landing","S01","Полусухая или мокрая стяжка","4","полусух* стяжк*"
"полусухая стяжка чем отличается","66","Омск","4","top","полусухая стяжка","assigned","commercial","medium","commercial-head","landing","S01","Полусухая или мокрая стяжка","4","полусух* стяжк*"
"полусухая цементно песчаная стяжка","66","Омск","4","top","полусухая стяжка","unassigned","unmapped","none","none","hold","","","",""
"поставить каркасные баню","11318","Омская область","4","top","каркасная баня","assigned","commercial","medium","commercial-head","landing","B03","Квадро или каркасная баня","4","каркасн* бан*"
"построить баню на дачном участке","66","Омск","4","top","баня на участок","unassigned","unmapped","none","none","hold","","","",""
"правила полусухой стяжки пола","11318","Омская область","4","top","полусухая стяжка","assigned","commercial","medium","commercial-head","landing","S01","Полусухая или мокрая стяжка","4","полусух* стяжк*"
"правило для полусухой стяжки пола купить","11318","Омская область","4","top","полусухая стяжка","assigned","commercial","medium","signals","landing","S01","Полусухая или мокрая стяжка","4","полусух* стяжк*"
"продажа бани под ключ","66","Омск","4","top","баня под ключ","assigned","commercial","high","signals","landing","B01","Готовая баня как альтернатива долгой стройке","6","бан* под ключ"
"проект дома бани на участке","11318","Омская область","4","top","баня на участок","unassigned","unmapped","none","none","hold","","","",""
"размеры бани на дачном участке","11318","Омская область","4","top","баня на участок","unassigned","unmapped","none","none","hold","","","",""
"разрешение на баню на участке","66","Омск","4","top","баня на участок","unassigned","unmapped","none","none","hold","","","",""
"разрешение на баню на участке","11318","Омская область","4","top","баня на участок","unassigned","unmapped","none","none","hold","","","",""
"расстояние постройки бани на участке","11318","Омская область","4","top","баня на участок","unassigned","unmapped","none","none","hold","","","",""
"робот для полусухой стяжки","66","Омск","4","top","полусухая стяжка","assigned","commercial","medium","commercial-head","landing","S01","Полусухая или мокрая стяжка","4","полусух* стяжк*"
"робот для полусухой стяжки","11318","Омская область","4","top","полусухая стяжка","assigned","commercial","medium","commercial-head","landing","S01","Полусухая или мокрая стяжка","4","полусух* стяжк*"
"роторное бурение скважин","66","Омск","4","top","бурение скважин","unassigned","commercial","medium","commercial-head","landing","","","",""
"сарай баня на участке","66","Омск","4","top","баня на участок","unassigned","commercial","medium","commercial-head","landing","","","",""
"скачать проект каркасной бани","66","Омск","4","top","каркасная баня","assigned","commercial","medium","commercial-head","landing","B03","Квадро или каркасная баня","4","каркасн* бан*"
"скважина без бурения","66","Омск","4","top","бурение скважин","unassigned","unmapped","none","none","hold","","","",""
"сколько поливать полусухую стяжку","66","Омск","4","top","полусухая стяжка","assigned","informational","medium","intent-tiebreak","guide","S01","Полусухая или мокрая стяжка","4","полусух* стяжк*"
"сколько поливать полусухую стяжку","11318","Омская область","4","top","полусухая стяжка","assigned","informational","medium","intent-tiebreak","guide","S01","Полусухая или мокрая стяжка","4","полусух* стяжк*"
"сколько сохнет полусухая стяжка","66","Омск","4","top","полусухая стяжка","assigned","informational","medium","intent-tiebreak","guide","S03","Когда можно ходить и укладывать покрытие","6","сохнет полусух* стяжк*"
"сколько стоит сделать баню под ключ","11318","Омская область","4","top","баня под ключ","assigned","commercial","high","signals","landing","B01","Готовая баня как альтернатива долгой стройке","6","бан* под ключ"
"сколько стоит фундамент под баню","66","Омск","4","top","фундамент под баню","assigned","informational","medium","intent-tiebreak","guide","B14","Фундамент для мобильной или готовой бани","6","фундамент под бан*"
"сколько стоит фундамент под баню","11318","Омская область","4","top","фундамент под баню","assigned","informational","medium","intent-tiebreak","guide","B14","Фундамент для мобильной или готовой бани","6","фундамент под бан*"
"смесь для полусухой стяжки","66","Омск","4","top","полусухая стяжка","assigned","commercial","medium","commercial-head","landing","S01","Полусухая или мокрая стяжка","4","полусух* стяжк*"
"смесь для полусухой стяжки","11318","Омская область","4","top","полусухая стяжка","assigned","commercial","medium","commercial-head","landing","S01","Полусухая или мокрая стяжка","4","полусух* стяжк*"
"срок службы каркасной бани","66","Омск","4","top","каркасная баня","assigned","commercial","medium","commercial-head","landing","B03","Квадро или каркасная баня","4","каркасн* бан*"
"срок службы каркасной бани","11318","Омская область","4","top","каркасная баня","assigned","commercial","medium","commercial-head","landing","B03","Квадро или каркасная баня","4","каркасн* бан*"
"стоимость бурения скважины под ключ","66","Омск","4","top","бурение скважин","unassigned","commercial","high","signals","landing","","","",""
"стоимость бурения скважины под ключ","11318","Омская область","4","top","бурение скважин","unassigned","commercial","high","signals","landing","","","",""
"стоимость постройки каркасной бани","11318","Омская область","4","top","каркасная баня","assigned","commercial","high","signals","landing","B03","Квадро или каркасная баня","4","каркасн* бан*"
"строительство бани на садовом участке","66","Омск","4","top","баня на участок","assigned","informational","low","intent-default","guide","B02","Готовая баня или строить на участке","8","строит* бан*|строительств* бан*"
"строительство бани на садовом участке","11318","Омская область","4","top","баня на участок","assigned","informational","low","intent-default","guide","B02","Готовая баня или строить на участке","8","строит* бан*|строительств* бан*"
"строительство каркасной бани крыша","66","Омск","4","top","каркасная баня","assigned","commercial","medium","commercial-head","landing","B03","Квадро или каркасная баня","4","каркасн* бан*"
"строительство каркасной бани крыша","11318","Омская область","4","top","каркасная баня","assigned","commercial","medium","commercial-head","landing","B03","Квадро или каркасная баня","4","каркасн* бан*"
"строительство фундамента каркасной бани","66","Омск","4","top","каркасная баня","assigned","commercial","medium","commercial-head","landing","B03","Квадро или каркасная баня","4","каркасн* бан*"
"строительство фундамента каркасной бани","11318","Омская область","4","top","каркасная баня","assigned","commercial","medium","commercial-head","landing","B03","Квадро или каркасная баня","4","каркасн* бан*"
"стяжка полусухая зачем","66","Омск","4","top","полусухая стяжка","unassigned","unmapped","none","none","hold","","","",""
"стяжка полусухая зачем","11318","Омская область","4","top","полусухая стяжка","unassigned","unmapped","none","none","hold","","","",""
"стяжка полусухая стяжка обычная","66","Омск","4","top","полусухая стяжка","assigned","commercial","medium","commercial-head","landing","S01","Полусухая или мокрая стяжка","4","полусух* стяжк*"
"стяжка полусухая стяжка обычная","11318","Омская область","4","top","полусухая стяжка","assigned","commercial","medium","commercial-head","landing","S01","Полусухая или мокрая стяжка","4","полусух* стяжк*"
"сухая или полусухая стяжка","66","Омск","4","top","полусухая стяжка","assigned","informational","medium","intent-tiebreak","guide","S01","Полусухая или мокрая стяжка","4","полусух* стяжк*"
"толщина механизированной штукатурки","66","Омск","4","top","механизированная штукатурка","assigned","commercial","medium","commercial-head","landing","P01","Механизированная или ручная штукатурка","4","механизированн* штукатурк*"
"толщина механизированной штукатурки","11318","Омская область","4","top","механизированная штукатурка","assigned","commercial","medium","commercial-head","landing","P01","Механизированная или ручная штукатурка","4","механизированн* штукатурк*"
"установка бани на участке","66","Омск","4","top","баня на участок","assigned","commercial","medium","commercial-head","landing","B11","Как проходит доставка и установка","4","установк* бан*"
"установка бани на участке","11318","Омская область","4","top","баня на участок","assigned","commercial","medium","commercial-head","landing","B11","Как проходит доставка и установка","4","установк* бан*"
"установка печи в каркасной бане","66","Омск","4","top","каркасная баня","assigned","informational","low","intent-default","guide","B03","Квадро или каркасная баня","4","каркасн* бан*"
"утепление полусухой стяжки","66","Омск","4","top","полусухая стяжка","assigned","commercial","medium","commercial-head","landing","S01","Полусухая или мокрая стяжка","4","полусух* стяжк*"
"фундамент плита под баню","66","Омск","4","top","фундамент под баню","unassigned","unmapped","none","none","hold","","","",""
"фундамент под баню 3 на 5","11318","Омская область","4","top","фундамент под баню","assigned","informational","low","intent-default","guide","B14","Фундамент для мобильной или готовой бани","6","фундамент под бан*"
"фундамент под баню своими руками пошаговая","66","Омск","4","top","фундамент под баню","assigned","informational","high","signals","guide","B14","Фундамент для мобильной или готовой бани","6","фундамент под бан*"
"фундамент под каркасную баню","11318","Омская область","4","top","каркасная баня|фундамент под баню","assigned","commercial","medium","commercial-head","landing","B03","Квадро или каркасная баня","4","каркасн* бан*"
"фундамент под стоящую баню","66","Омск","4","top","фундамент под баню","unassigned","unmapped","none","none","hold","","","",""
"фундамент под стоящую баню","11318","Омская область","4","top","фундамент под баню","unassigned","unmapped","none","none","hold","","","",""
"цемент для полусухой стяжки","66","Омск","4","top","полусухая стяжка","assigned","commercial","medium","commercial-head","landing","S01","Полусухая или мокрая стяжка","4","полусух* стяжк*"
"чем отличается полусухая стяжка пола","66","Омск","4","top","полусухая стяжка","assigned","informational","low","intent-default","guide","S01","Полусухая или мокрая стяжка","8","полусух* стяжк*|стяжка пола"
"чертежи каркасных бань 3","11318","Омская область","4","top","каркасная баня","assigned","commercial","medium","commercial-head","landing","B03","Квадро или каркасная баня","4","каркасн* бан*"
"шлифовка полусухой стяжки","66","Омск","4","top","полусухая стяжка","assigned","commercial","medium","commercial-head","landing","S01","Полусухая или мокрая стяжка","4","полусух* стяжк*"
"шлифовка полусухой стяжки","11318","Омская область","4","top","полусухая стяжка","assigned","commercial","medium","commercial-head","landing","S01","Полусухая или мокрая стяжка","4","полусух* стяжк*"
"шнековое бурение скважин станками типа со 2","66","Омск","4","top","бурение скважин","unassigned","unmapped","none","none","hold","","","",""
"шнековое бурение скважин станками типа со 2","11318","Омская область","4","top","бурение скважин","unassigned","unmapped","none","none","hold","","","",""
"шнековое бурение скважин станком","66","Омск","4","top","бурение скважин","unassigned","commercial","medium","commercial-head","landing","","","",""
"шнековое бурение скважин станком","11318","Омская область","4","top","бурение скважин","unassigned","commercial","medium","commercial-head","landing","","","",""
"шнековое бурение скважин станок со 2","66","Омск","4","top","бурение скважин","unassigned","unmapped","none","none","hold","","","",""
"шнековое бурение скважин станок со 2","11318","Омская область","4","top","бурение скважин","unassigned","unmapped","none","none","hold","","","",""
"штанги для бурения абиссинских скважин","66","Омск","4","top","бурение скважин","unassigned","unmapped","none","none","hold","","","",""
"штанги для бурения абиссинских скважин","11318","Омская область","4","top","бурение скважин","unassigned","unmapped","none","none","hold","","","",""
"штанги для бурения скважин","66","Омск","4","top","бурение скважин","unassigned","commercial","medium","commercial-head","landing","","","",""
"штанги для бурения скважин","11318","Омская область","4","top","бурение скважин","unassigned","commercial","medium","commercial-head","landing","","","",""
"штукатурка механизированная 30 кг","66","Омск","4","top","механизированная штукатурка","unassigned","unmapped","none","none","hold","","","",""
"штукатурка механизированная 30 кг","11318","Омская область","4","top","механизированная штукатурка","unassigned","unmapped","none","none","hold","","","",""
"авито баня под ключ","66","Омск","3","top","баня под ключ","assigned","commercial","high","signals","landing","B01","Готовая баня как альтернатива долгой стройке","6","бан* под ключ"
"авито омск бани под ключ","66","Омск","3","top","баня под ключ","assigned","commercial","high","signals","landing","B01","Готовая баня как альтернатива долгой стройке","6","бан* под ключ"
"аренда механизированной штукатурки","11318","Омская область","3","top","механизированная штукатурка","assigned","commercial","medium","commercial-head","landing","P01","Механизированная или ручная штукатурка","4","механизированн* штукатурк*"
"арматура под фундамент бани","66","Омск","3","top","фундамент под баню","unassigned","unmapped","none","none","hold","","","",""
"арматура под фундамент бани","11318","Омская область","3","top","фундамент под баню","unassigned","unmapped","none","none","hold","","","",""
"база бурение скважин","11318","Омская область","3","top","бурение скважин","unassigned","commercial","medium","commercial-head","landing","","","",""
"бани из бруса под ключ 6х4","11318","Омская область","3","top","баня под ключ","unassigned","commercial","high","signals","landing","","","",""
"бани из бруса под ключ проекты","66","Омск","3","top","баня под ключ","unassigned","commercial","high","signals","landing","","","",""
"бани из бруса под ключ проекты","11318","Омская область","3","top","баня под ключ","unassigned","commercial","high","signals","landing","","","",""
"бани на участке 6 соток","66","Омск","3","top","баня на участок","unassigned","unmapped","none","none","hold","","","",""
"бани на участке 6 соток","11318","Омская область","3","top","баня на участок","unassigned","unmapped","none","none","hold","","","",""
"бани на участок с комнатой","11318","Омская область","3","top","баня на участок","unassigned","unmapped","none","none","hold","","","",""
"бани новосибирск под ключ дешево","11318","Омская область","3","top","баня под ключ","unassigned","commercial","high","signals","landing","","","",""
"бани под ключ 5 5","66","Омск","3","top","баня под ключ","assigned","commercial","high","signals","landing","B01","Готовая баня как альтернатива долгой стройке","6","бан* под ключ"
"бани под ключ в самаре фото","66","Омск","3","top","баня под ключ","assigned","commercial","high","signals","landing","B01","Готовая баня как альтернатива долгой стройке","6","бан* под ключ"
"бани под ключ в самаре фото","11318","Омская область","3","top","баня под ключ","assigned","commercial","high","signals","landing","B01","Готовая баня как альтернатива долгой стройке","6","бан* под ключ"
"бани под ключ курган","66","Омск","3","top","баня под ключ","assigned","commercial","high","signals","landing","B01","Готовая баня как альтернатива долгой стройке","6","бан* под ключ"
"бани под ключ курган","11318","Омская область","3","top","баня под ключ","assigned","commercial","high","signals","landing","B01","Готовая баня как альтернатива долгой стройке","6","бан* под ключ"
"бани под ключ официальный сайт","11318","Омская область","3","top","баня под ключ","assigned","commercial","high","signals","landing","B01","Готовая баня как альтернатива долгой стройке","6","бан* под ключ"
"баню купить под ключ 5 5","66","Омск","3","top","баня под ключ","unassigned","commercial","high","signals","landing","","","",""
"баню купить под ключ 5 5","11318","Омская область","3","top","баня под ключ","unassigned","commercial","high","signals","landing","","","",""
"баня 4х2","11318","Омская область","3","top","баня 4х2","assigned","commercial","medium","commercial-head","landing","B04","Как выбрать размер 2×2, 3×2 или 4×2","8","бан* 4х2|бан* 4×2"
"баня 6х4 под ключ","11318","Омская область","3","top","баня под ключ","unassigned","commercial","high","signals","landing","","","",""
"баня бочка на дачу недорого под ключ","66","Омск","3","top","баня под ключ","unassigned","commercial","high","signals","landing","","","",""
"баня бочка на дачу недорого под ключ","11318","Омская область","3","top","баня под ключ","unassigned","commercial","high","signals","landing","","","",""
"баня готовая 5 4","11318","Омская область","3","top","готовая баня","unassigned","unmapped","none","none","hold","","","",""
"баня и теплица на участке","66","Омск","3","top","баня на участок","unassigned","unmapped","none","none","hold","","","",""
"баня и теплица на участке","11318","Омская область","3","top","баня на участок","unassigned","unmapped","none","none","hold","","","",""
"баня из кирпича под ключ","66","Омск","3","top","баня под ключ","unassigned","commercial","high","signals","landing","","","",""
"баня из кирпича под ключ","11318","Омская область","3","top","баня под ключ","unassigned","commercial","high","signals","landing","","","",""
"баня из контейнера под ключ","66","Омск","3","top","баня под ключ","unassigned","commercial","high","signals","landing","","","",""
"баня из сруба цена под ключ","66","Омск","3","top","баня под ключ","unassigned","commercial","high","signals","landing","","","",""
"баня каркасная своими руками от начала","66","Омск","3","top","каркасная баня","unassigned","informational","high","signals","guide","","","",""
"баня на даче цена под ключ","66","Омск","3","top","баня под ключ","unassigned","commercial","high","signals","landing","","","",""
"баня на небольшой участок","66","Омск","3","top","баня на участок","unassigned","unmapped","none","none","hold","","","",""
"баня на небольшой участок","11318","Омская область","3","top","баня на участок","unassigned","unmapped","none","none","hold","","","",""
"баня на участке 10 соток","11318","Омская область","3","top","баня на участок","unassigned","unmapped","none","none","hold","","","",""
"баня на участке 15 соток","11318","Омская область","3","top","баня на участок","unassigned","unmapped","none","none","hold","","","",""
"баня на участке 6","66","Омск","3","top","баня на участок","unassigned","commercial","medium","commercial-head","landing","","","",""
"баня на участке 6","11318","Омская область","3","top","баня на участок","unassigned","commercial","medium","commercial-head","landing","","","",""
"баня на участке 7 соток","11318","Омская область","3","top","баня на участок","unassigned","unmapped","none","none","hold","","","",""
"баня на участке нужно ли разрешение","66","Омск","3","top","баня на участок","unassigned","informational","high","signals","guide","","","",""
"баня на участке нужно ли разрешение","11318","Омская область","3","top","баня на участок","unassigned","informational","high","signals","guide","","","",""
"баня на участке разрешение на строительство","66","Омск","3","top","баня на участок","unassigned","unmapped","none","none","hold","","","",""
"баня на участке разрешение на строительство","11318","Омская область","3","top","баня на участок","unassigned","unmapped","none","none","hold","","","",""
"баня на участке сколько метров","66","Омск","3","top","баня на участок","unassigned","informational","high","signals","guide","","","",""
"баня на участок под ключ","66","Омск","3","top","баня на участок|баня под ключ","unassigned","commercial","high","signals","landing","","","",""
"баня на участок под ключ","11318","Омская область","3","top","баня на участок|баня под ключ","unassigned","commercial","high","signals","landing","","","",""
"баня под ключ 3 3","66","Омск","3","top","баня под ключ","assigned","commercial","high","signals","landing","B01","Готовая баня как альтернатива долгой стройке","6","бан* под ключ"
"баня под ключ в самаре","66","Омск","3","top","баня под ключ","assigned","commercial","high","signals","landing","B01","Готовая баня как альтернатива долгой стройке","6","бан* под ключ"
"баня под ключ в самаре","11318","Омская область","3","top","баня под ключ","assigned","commercial","high","signals","landing","B01","Готовая баня как альтернатива долгой стройке","6","бан* под ключ"
"баня под ключ в самаре цены","66","Омск","3","top","баня под ключ","assigned","commercial","high","signals","landing","B01","Готовая баня как альтернатива долгой стройке","6","бан* под ключ"
"баня под ключ в самаре цены","11318","Омская область","3","top","баня под ключ","assigned","commercial","high","signals","landing","B01","Готовая баня как альтернатива долгой стройке","6","бан* под ключ"
"баня под ключ в самаре цены фото","66","Омск","3","top","баня под ключ","assigned","commercial","high","signals","landing","B01","Готовая баня как альтернатива долгой стройке","6","бан* под ключ"
"баня под ключ в самаре цены фото","11318","Омская область","3","top","баня под ключ","assigned","commercial","high","signals","landing","B01","Готовая баня как альтернатива долгой стройке","6","бан* под ключ"
"баня под ключ г омске","66","Омск","3","top","баня под ключ","assigned","commercial","high","signals","landing","B01","Готовая баня как альтернатива долгой стройке","6","бан* под ключ"
"баня под ключ дешево цены","11318","Омская область","3","top","баня под ключ","assigned","commercial","high","signals","landing","B01","Готовая баня как альтернатива долгой стройке","6","бан* под ключ"
"баня под ключ искитим","66","Омск","3","top","баня под ключ","assigned","commercial","high","signals","landing","B01","Готовая баня как альтернатива долгой стройке","6","бан* под ключ"
"баня под ключ купить с доставкой","66","Омск","3","top","баня под ключ|доставка бани","assigned","commercial","high","signals","landing","B01","Готовая баня как альтернатива долгой стройке","6","бан* под ключ"
"баня под ключ курган цена","66","Омск","3","top","баня под ключ","assigned","commercial","high","signals","landing","B01","Готовая баня как альтернатива долгой стройке","6","бан* под ключ"
"баня под ключ курган цена","11318","Омская область","3","top","баня под ключ","assigned","commercial","high","signals","landing","B01","Готовая баня как альтернатива долгой стройке","6","бан* под ключ"
"баня под ключ не дорого","66","Омск","3","top","баня под ключ","assigned","commercial","high","signals","landing","B01","Готовая баня как альтернатива долгой стройке","6","бан* под ключ"
"баня под ключ новосибирск недорого","66","Омск","3","top","баня под ключ","assigned","commercial","high","signals","landing","B01","Готовая баня как альтернатива долгой стройке","6","бан* под ключ"
"баня под ключ новосибирск недорого","11318","Омская область","3","top","баня под ключ","assigned","commercial","high","signals","landing","B01","Готовая баня как альтернатива долгой стройке","6","бан* под ключ"
"баня под ключ цена фото курган","66","Омск","3","top","баня под ключ","assigned","commercial","high","signals","landing","B01","Готовая баня как альтернатива долгой стройке","6","бан* под ключ"
"баня под ключ цена фото курган","11318","Омская область","3","top","баня под ключ","assigned","commercial","high","signals","landing","B01","Готовая баня как альтернатива долгой стройке","6","бан* под ключ"
"баня слив воды зимой","11318","Омская область","3","top","баня зимой","assigned","informational","low","intent-default","guide","B16","Слив и вода зимой","4","слив воды"
"бесплатный проект каркасной бани","66","Омск","3","top","каркасная баня","assigned","commercial","medium","commercial-head","landing","B03","Квадро или каркасная баня","4","каркасн* бан*"
"блоки под баню вместо фундамента","11318","Омская область","3","top","фундамент под баню","assigned","informational","low","intent-default","guide","B14","Фундамент для мобильной или готовой бани","6","блок* под бан*"
"блоки под фундамент для бани","66","Омск","3","top","фундамент под баню","unassigned","unmapped","none","none","hold","","","",""
"блоки под фундамент для бани","11318","Омская область","3","top","фундамент под баню","unassigned","unmapped","none","none","hold","","","",""
"бурение абиссинской скважины своими руками","66","Омск","3","top","бурение скважин","unassigned","informational","high","signals","guide","","","",""
"бурение абиссинской скважины своими руками","11318","Омская область","3","top","бурение скважин","unassigned","informational","high","signals","guide","","","",""
"бурение газовый скважина","66","Омск","3","top","бурение скважин","unassigned","unmapped","none","none","hold","","","",""
"бурение капитальный ремонт скважин","11318","Омская область","3","top","бурение скважин","unassigned","unmapped","none","none","hold","","","",""
"бурение наблюдательных скважин","66","Омск","3","top","бурение скважин","unassigned","unmapped","none","none","hold","","","",""
"бурение наблюдательных скважин","11318","Омская область","3","top","бурение скважин","unassigned","unmapped","none","none","hold","","","",""
"бурение нефтяных и газовых скважин","66","Омск","3","top","бурение скважин","unassigned","unmapped","none","none","hold","","","",""
"бурение нефтяных скважин","66","Омск","3","top","бурение скважин","unassigned","unmapped","none","none","hold","","","",""
"бурение разведочных скважин","66","Омск","3","top","бурение скважин","unassigned","unmapped","none","none","hold","","","",""
"бурение сервис скважин","66","Омск","3","top","бурение скважин","unassigned","unmapped","none","none","hold","","","",""
"бурение сервис скважин","11318","Омская область","3","top","бурение скважин","unassigned","unmapped","none","none","hold","","","",""
"бурение скважин без обсадной трубы","66","Омск","3","top","бурение скважин","unassigned","unmapped","none","none","hold","","","",""
"бурение скважин без обсадной трубы","11318","Омская область","3","top","бурение скважин","unassigned","unmapped","none","none","hold","","","",""
"бурение скважин буровая установка","66","Омск","3","top","бурение скважин","unassigned","commercial","medium","commercial-head","landing","","","",""
"бурение скважин буровая установка","11318","Омская область","3","top","бурение скважин","unassigned","commercial","medium","commercial-head","landing","","","",""
"бурение скважин гидробурение","11318","Омская область","3","top","бурение скважин","unassigned","commercial","medium","commercial-head","landing","","","",""
"бурение скважин гидробуром","66","Омск","3","top","бурение скважин","unassigned","commercial","medium","commercial-head","landing","","","",""
"бурение скважин гидробуром","11318","Омская область","3","top","бурение скважин","unassigned","commercial","medium","commercial-head","landing","","","",""
"бурение скважин грунт","11318","Омская область","3","top","бурение скважин","unassigned","commercial","medium","commercial-head","landing","","","",""
"бурение скважин на участке под ключ","66","Омск","3","top","бурение скважин","unassigned","commercial","high","signals","landing","","","",""
"бурение скважин на участке под ключ","11318","Омская область","3","top","бурение скважин","unassigned","commercial","high","signals","landing","","","",""
"бурение скважин расценка в смете","66","Омск","3","top","бурение скважин","unassigned","unmapped","none","none","hold","","","",""
"бурение скважин хмао","11318","Омская область","3","top","бурение скважин","unassigned","commercial","medium","commercial-head","landing","","","",""
"бурение скважины глубиной метров","66","Омск","3","top","бурение скважин","unassigned","commercial","medium","commercial-head","landing","","","",""
"бурение скважины глубиной метров","11318","Омская область","3","top","бурение скважин","unassigned","commercial","medium","commercial-head","landing","","","",""
"бурение скважины мо","66","Омск","3","top","бурение скважин","unassigned","commercial","medium","commercial-head","landing","","","",""
"бурение скважины мо","11318","Омская область","3","top","бурение скважин","unassigned","commercial","medium","commercial-head","landing","","","",""
"бурение скважины мотобуром","66","Омск","3","top","бурение скважин","unassigned","commercial","medium","commercial-head","landing","","","",""
"бурение скважины промывкой трубой","66","Омск","3","top","бурение скважин","unassigned","commercial","medium","commercial-head","landing","","","",""
"бурение скважины промывкой трубой","11318","Омская область","3","top","бурение скважин","unassigned","commercial","medium","commercial-head","landing","","","",""
"бурение скважины смета","66","Омск","3","top","бурение скважин","unassigned","commercial","medium","commercial-head","landing","","","",""
"варианты бани на участке","66","Омск","3","top","баня на участок","unassigned","commercial","medium","commercial-head","landing","","","",""
"варианты бани на участке","11318","Омская область","3","top","баня на участок","unassigned","commercial","medium","commercial-head","landing","","","",""
"вес каркасной бани","66","Омск","3","top","каркасная баня","assigned","commercial","medium","commercial-head","landing","B03","Квадро или каркасная баня","4","каркасн* бан*"
"видео фундаменты под баню","11318","Омская область","3","top","фундамент под баню","unassigned","unmapped","none","none","hold","","","",""
"высота бани на дачном участке","66","Омск","3","top","баня на участок","unassigned","unmapped","none","none","hold","","","",""
"высота бани на дачном участке","11318","Омская область","3","top","баня на участок","unassigned","unmapped","none","none","hold","","","",""
"где можно посмотреть готовые бани","66","Омск","3","top","готовая баня","assigned","informational","high","signals","guide","B01","Готовая баня как альтернатива долгой стройке","4","готов* бан*"
"где можно посмотреть готовые бани","11318","Омская область","3","top","готовая баня","assigned","informational","high","signals","guide","B01","Готовая баня как альтернатива долгой стройке","4","готов* бан*"
"где на участке можно строить баню","66","Омск","3","top","баня на участок","assigned","informational","high","signals","guide","B02","Готовая баня или строить на участке","4","строит* бан*"
"где на участке можно строить баню","11318","Омская область","3","top","баня на участок","assigned","informational","high","signals","guide","B02","Готовая баня или строить на участке","4","строит* бан*"
"где на участке строить баню","66","Омск","3","top","баня на участок","assigned","informational","high","signals","guide","B02","Готовая баня или строить на участке","4","строит* бан*"
"где на участке строить баню","11318","Омская область","3","top","баня на участок","assigned","informational","high","signals","guide","B02","Готовая баня или строить на участке","4","строит* бан*"
"глубокое бурение скважин","11318","Омская область","3","top","бурение скважин","unassigned","commercial","medium","commercial-head","landing","","","",""
"голая баня зимой","11318","Омская область","3","top","баня зимой","assigned","informational","low","intent-default","guide","B17","Использование бани зимой в Омске","4","бан* зимой"
"готовая баня 6 6","11318","Омская область","3","top","готовая баня","assigned","commercial","medium","commercial-head","landing","B01","Готовая баня как альтернатива долгой стройке","4","готов* бан*"
"готовая баня парная","66","Омск","3","top","готовая баня","assigned","commercial","medium","commercial-head","landing","B01","Готовая баня как альтернатива долгой стройке","4","готов* бан*"
"готовая баня парная","11318","Омская область","3","top","готовая баня","assigned","commercial","medium","commercial-head","landing","B01","Готовая баня как альтернатива долгой стройке","4","готов* бан*"
"готовая баня под ключ дешево цены","11318","Омская область","3","top","баня под ключ|готовая баня","assigned","commercial","high","signals","landing","B08","Что входит в баню под ключ","12","бан* под ключ|готов* бан* под ключ"
"готовая модульная баня","66","Омск","3","top","готовая баня","unassigned","unmapped","none","none","hold","","","",""
"готовые бани в новосибирске цена","11318","Омская область","3","top","готовая баня","assigned","commercial","medium","signals","landing","B01","Готовая баня как альтернатива долгой стройке","4","готов* бан*"
"готовые бани в новосибирске цена дешево","11318","Омская область","3","top","готовая баня","assigned","commercial","medium","signals","landing","B01","Готовая баня как альтернатива долгой стройке","4","готов* бан*"
"готовые бани в новосибирске цена под ключ","11318","Омская область","3","top","баня под ключ|готовая баня","assigned","commercial","high","signals","landing","B01","Готовая баня как альтернатива долгой стройке","4","готов* бан*"
"готовые бани дешево новосибирск","11318","Омская область","3","top","готовая баня","assigned","commercial","medium","commercial-head","landing","B01","Готовая баня как альтернатива долгой стройке","4","готов* бан*"
"готовые бани под ключ в новосибирске","11318","Омская область","3","top","баня под ключ|готовая баня","assigned","commercial","high","signals","landing","B08","Что входит в баню под ключ","12","бан* под ключ|готов* бан* под ключ"
"готовые бани тюмень","66","Омск","3","top","готовая баня","assigned","commercial","medium","commercial-head","landing","B01","Готовая баня как альтернатива долгой стройке","4","готов* бан*"
"готовые бани тюмень","11318","Омская область","3","top","готовая баня","assigned","commercial","medium","commercial-head","landing","B01","Готовая баня как альтернатива долгой стройке","4","готов* бан*"
"готовые печи для бани","66","Омск","3","top","готовая баня","assigned","informational","low","intent-default","guide","B19","Печь и дымоход","6","печ* для бан*"
"готовые печи для бани","11318","Омская область","3","top","готовая баня","assigned","informational","low","intent-default","guide","B19","Печь и дымоход","6","печ* для бан*"
"готовый дом баня","66","Омск","3","top","готовая баня","unassigned","unmapped","none","none","hold","","","",""
"готовый дом баня","11318","Омская область","3","top","готовая баня","unassigned","unmapped","none","none","hold","","","",""
"дачная баня под ключ","66","Омск","3","top","баня под ключ","assigned","commercial","high","signals","landing","B01","Готовая баня как альтернатива долгой стройке","6","бан* под ключ"
"дачные бани под ключ недорого","66","Омск","3","top","баня под ключ","assigned","commercial","high","signals","landing","B01","Готовая баня как альтернатива долгой стройке","6","бан* под ключ"
"двухэтажная баня на участке","11318","Омская область","3","top","баня на участок","unassigned","commercial","medium","commercial-head","landing","","","",""
"дешевые бани под ключ","66","Омск","3","top","баня под ключ","assigned","commercial","high","signals","landing","B01","Готовая баня как альтернатива долгой стройке","6","бан* под ключ"
"дешевые каркасные бани","11318","Омская область","3","top","каркасная баня","assigned","commercial","medium","commercial-head","landing","B03","Квадро или каркасная баня","4","каркасн* бан*"
"дзен баня каркасная своими руками","66","Омск","3","top","каркасная баня","unassigned","informational","high","signals","guide","","","",""
"дзен баня каркасная своими руками","11318","Омская область","3","top","каркасная баня","unassigned","informational","high","signals","guide","","","",""
"дом баня на участке 10","11318","Омская область","3","top","баня на участок","unassigned","unmapped","none","none","hold","","","",""
"дом баня на участке 10 соток","11318","Омская область","3","top","баня на участок","unassigned","unmapped","none","none","hold","","","",""
"как делают каркасные бани","66","Омск","3","top","каркасная баня","assigned","informational","medium","intent-tiebreak","guide","B03","Квадро или каркасная баня","4","каркасн* бан*"
"как залить фундамент под баню своими руками","66","Омск","3","top","фундамент под баню","assigned","informational","high","signals","guide","B14","Фундамент для мобильной или готовой бани","6","фундамент под бан*"
"как залить фундамент под баню своими руками","11318","Омская область","3","top","фундамент под баню","assigned","informational","high","signals","guide","B14","Фундамент для мобильной или готовой бани","6","фундамент под бан*"
"как понять воду при бурении скважины","66","Омск","3","top","бурение скважин","unassigned","informational","high","signals","guide","","","",""
"как понять воду при бурении скважины","11318","Омская область","3","top","бурение скважин","unassigned","informational","high","signals","guide","","","",""
"как построить каркасную баню своими руками","11318","Омская область","3","top","каркасная баня","assigned","informational","high","signals","guide","B03","Квадро или каркасная баня","4","каркасн* бан*"
"как построить мобильную баню","11318","Омская область","3","top","мобильная баня","assigned","commercial","medium","intent-tiebreak","landing","B01","Готовая баня как альтернатива долгой стройке","4","мобильн* бан*"
"как проходит бурение скважины","66","Омск","3","top","бурение скважин","unassigned","commercial","low","signals-tie","landing","","","",""
"как проходит бурение скважины","11318","Омская область","3","top","бурение скважин","unassigned","commercial","low","signals-tie","landing","","","",""
"как сделать каркасную баню","66","Омск","3","association|top","баня под ключ|каркасная баня","assigned","informational","medium","intent-tiebreak","guide","B03","Квадро или каркасная баня","4","каркасн* бан*"
"как установить готовую баню","66","Омск","3","top","готовая баня","assigned","commercial","medium","intent-tiebreak","landing","B01","Готовая баня как альтернатива долгой стройке","4","готов* бан*"
"как установить готовую баню","11318","Омская область","3","top","готовая баня","assigned","commercial","medium","intent-tiebreak","landing","B01","Готовая баня как альтернатива долгой стройке","4","готов* бан*"
"как утеплить каркасную баню","66","Омск","3","top","каркасная баня","assigned","informational","medium","intent-tiebreak","guide","B03","Квадро или каркасная баня","4","каркасн* бан*"
"какая баня лучше каркасная или","66","Омск","3","top","каркасная баня","unassigned","informational","high","signals","guide","","","",""
"какое утепление каркасной бани","11318","Омская область","3","top","каркасная баня","assigned","commercial","medium","commercial-head","landing","B03","Квадро или каркасная баня","4","каркасн* бан*"
"какой насос для бурения абиссинской скважины","66","Омск","3","top","бурение скважин","unassigned","informational","high","signals","guide","","","",""
"какой насос для бурения абиссинской скважины","11318","Омская область","3","top","бурение скважин","unassigned","informational","high","signals","guide","","","",""
"какой насос для бурения скважины","66","Омск","3","top","бурение скважин","unassigned","informational","high","signals","guide","","","",""
"какой насос для бурения скважины","11318","Омская область","3","top","бурение скважин","unassigned","informational","high","signals","guide","","","",""
"какой насос нужен для бурения скважин","66","Омск","3","top","бурение скважин","unassigned","informational","high","signals","guide","","","",""
"какой насос нужен для бурения скважин","11318","Омская область","3","top","бурение скважин","unassigned","informational","high","signals","guide","","","",""
"какой сделать фундамент под баню","66","Омск","3","top","фундамент под баню","assigned","informational","high","signals","guide","B14","Фундамент для мобильной или готовой бани","6","фундамент под бан*"
"какую баню построить на участке","66","Омск","3","top","баня на участок","unassigned","unmapped","none","none","hold","","","",""
"какую баню построить на участке","11318","Омская область","3","top","баня на участок","unassigned","unmapped","none","none","hold","","","",""
"каркасная баня 2 2 построить","66","Омск","3","top","каркасная баня","assigned","informational","low","intent-default","guide","B03","Квадро или каркасная баня","4","каркасн* бан*"
"каркасная баня 2 2 построить","11318","Омская область","3","top","каркасная баня","assigned","informational","low","intent-default","guide","B03","Квадро или каркасная баня","4","каркасн* бан*"
"каркасная баня 2 4","66","Омск","3","top","каркасная баня","assigned","commercial","medium","commercial-head","landing","B03","Квадро или каркасная баня","4","каркасн* бан*"
"каркасная баня 3 3 своими руками","11318","Омская область","3","top","каркасная баня","assigned","informational","high","signals","guide","B03","Квадро или каркасная баня","4","каркасн* бан*"
"каркасная баня 5 на 2.5","66","Омск","3","top","каркасная баня","assigned","informational","low","intent-default","guide","B03","Квадро или каркасная баня","4","каркасн* бан*"
"каркасная баня 5х4","66","Омск","3","top","каркасная баня","assigned","commercial","medium","commercial-head","landing","B03","Квадро или каркасная баня","4","каркасн* бан*"
"каркасная баня 5х4 своими руками","66","Омск","3","top","каркасная баня","assigned","informational","high","signals","guide","B03","Квадро или каркасная баня","4","каркасн* бан*"
"каркасная баня брусовая какая лучше","11318","Омская область","3","top","каркасная баня","assigned","informational","high","signals","guide","B03","Квадро или каркасная баня","4","каркасн* бан*"
"каркасная баня какая толщина стены","66","Омск","3","top","каркасная баня","assigned","informational","high","signals","guide","B03","Квадро или каркасная баня","4","каркасн* бан*"
"каркасная баня какая толщина стены","11318","Омская область","3","top","каркасная баня","assigned","informational","high","signals","guide","B03","Квадро или каркасная баня","4","каркасн* бан*"
"каркасная баня от начала до конца","66","Омск","3","top","каркасная баня","assigned","informational","low","intent-default","guide","B03","Квадро или каркасная баня","4","каркасн* бан*"
"каркасная баня отзывы реальных владельцев","66","Омск","3","top","каркасная баня","assigned","informational","low","intent-default","guide","B03","Квадро или каркасная баня","4","каркасн* бан*"
"каркасная баня отзывы реальных владельцев","11318","Омская область","3","top","каркасная баня","assigned","informational","low","intent-default","guide","B03","Квадро или каркасная баня","4","каркасн* бан*"
"каркасная баня с нуля","11318","Омская область","3","top","каркасная баня","assigned","commercial","medium","commercial-head","landing","B03","Квадро или каркасная баня","4","каркасн* бан*"
"каркасная баня сколько нужно материала","66","Омск","3","top","каркасная баня","assigned","informational","high","signals","guide","B03","Квадро или каркасная баня","4","каркасн* бан*"
"каркасная баня стоимость","66","Омск","3","top","каркасная баня","assigned","commercial","high","signals","landing","B03","Квадро или каркасная баня","4","каркасн* бан*"
"каркасная баня утепление стен","11318","Омская область","3","top","каркасная баня","assigned","commercial","medium","commercial-head","landing","B03","Квадро или каркасная баня","4","каркасн* бан*"
"каркасная баня форум","66","Омск","3","top","каркасная баня","assigned","commercial","medium","commercial-head","landing","B03","Квадро или каркасная баня","4","каркасн* бан*"
"каркасная или брусовая баня","11318","Омская область","3","top","каркасная баня","unassigned","informational","high","signals","guide","","","",""
"каркасная летняя баня","66","Омск","3","top","каркасная баня","unassigned","unmapped","none","none","hold","","","",""
"каркасные бани г","66","Омск","3","top","каркасная баня","assigned","commercial","medium","commercial-head","landing","B03","Квадро или каркасная баня","4","каркасн* бан*"
"каркасные бани г","11318","Омская область","3","top","каркасная баня","assigned","commercial","medium","commercial-head","landing","B03","Квадро или каркасная баня","4","каркасн* бан*"
"каркасные бани реальные отзывы","66","Омск","3","top","каркасная баня","assigned","commercial","medium","commercial-head","landing","B03","Квадро или каркасная баня","4","каркасн* бан*"
"каркасные бани реальные отзывы","11318","Омская область","3","top","каркасная баня","assigned","commercial","medium","commercial-head","landing","B03","Квадро или каркасная баня","4","каркасн* бан*"
"кедровые бани бочки","66","Омск","3","top","кедровая баня","assigned","commercial","medium","commercial-head","landing","B20","Кедр против сосны и ели","4","кедров* бан*"
"красивая каркасная баня","11318","Омская область","3","top","каркасная баня","assigned","commercial","medium","commercial-head","landing","B03","Квадро или каркасная баня","4","каркасн* бан*"
"крепление скважин бурение","11318","Омская область","3","top","бурение скважин","unassigned","unmapped","none","none","hold","","","",""
"крыльцо для каркасной бани","66","Омск","3","top","каркасная баня","assigned","commercial","medium","commercial-head","landing","B03","Квадро или каркасная баня","4","каркасн* бан*"
"крыльцо для каркасной бани","11318","Омская область","3","top","каркасная баня","assigned","commercial","medium","commercial-head","landing","B03","Квадро или каркасная баня","4","каркасн* бан*"
"крыша в каркасной бане","66","Омск","3","top","каркасная баня","assigned","commercial","medium","commercial-head","landing","B03","Квадро или каркасная баня","4","каркасн* бан*"
"купить баню бочку в новосибирске под ключ","66","Омск","3","top","баня под ключ","unassigned","commercial","high","signals","landing","","","",""
"купить баню бочку в новосибирске под ключ","11318","Омская область","3","top","баня под ключ","unassigned","commercial","high","signals","landing","","","",""
"купить баню бочку под ключ недорого","66","Омск","3","top","баня под ключ","unassigned","commercial","high","signals","landing","","","",""
"купить баню бочку под ключ недорого","11318","Омская область","3","top","баня под ключ","unassigned","commercial","high","signals","landing","","","",""
"купить баню в новосибирске под ключ недорого","66","Омск","3","top","баня под ключ","unassigned","commercial","high","signals","landing","","","",""
"купить баню в новосибирске под ключ недорого","11318","Омская область","3","top","баня под ключ","unassigned","commercial","high","signals","landing","","","",""
"купить баню сруба под ключ цена","11318","Омская область","3","top","баня под ключ","unassigned","commercial","high","signals","landing","","","",""
"купить готовую баню на авито","66","Омск","3","top","готовая баня","assigned","commercial","medium","signals","landing","B01","Готовая баня как альтернатива долгой стройке","4","готов* бан*"
"купить дом баню на участке","11318","Омская область","3","top","баня на участок","unassigned","commercial","medium","signals","landing","","","",""
"купить каркасную баню под ключ","11318","Омская область","3","top","каркасная баня","assigned","commercial","high","signals","landing","B01","Готовая баня как альтернатива долгой стройке","6","бан* под ключ"
"маленькие бани под ключ","66","Омск","3","top","баня под ключ","assigned","commercial","high","signals","landing","B01","Готовая баня как альтернатива долгой стройке","6","бан* под ключ"
"механизированная штукатурка видео","66","Омск","3","top","механизированная штукатурка","assigned","commercial","medium","commercial-head","landing","P01","Механизированная или ручная штукатурка","4","механизированн* штукатурк*"
"механизированная штукатурка видео","11318","Омская область","3","top","механизированная штукатурка","assigned","commercial","medium","commercial-head","landing","P01","Механизированная или ручная штукатурка","4","механизированн* штукатурк*"
"механизированная штукатурка геркулес","66","Омск","3","top","механизированная штукатурка","assigned","commercial","medium","commercial-head","landing","P01","Механизированная или ручная штукатурка","4","механизированн* штукатурк*"
"механизированная штукатурка геркулес","11318","Омская область","3","top","механизированная штукатурка","assigned","commercial","medium","commercial-head","landing","P01","Механизированная или ручная штукатурка","4","механизированн* штукатурк*"
"механизированная штукатурка стен видео","66","Омск","3","top","механизированная штукатурка","assigned","commercial","medium","commercial-head","landing","P01","Механизированная или ручная штукатурка","4","механизированн* штукатурк*"
"механизированная штукатурка стен видео","11318","Омская область","3","top","механизированная штукатурка","assigned","commercial","medium","commercial-head","landing","P01","Механизированная или ручная штукатурка","4","механизированн* штукатурк*"
"мобильная баня аренда","11318","Омская область","3","top","мобильная баня","assigned","commercial","medium","commercial-head","landing","B01","Готовая баня как альтернатива долгой стройке","4","мобильн* бан*"
"мобильная баня ключ","11318","Омская область","3","top","мобильная баня","assigned","commercial","medium","commercial-head","landing","B01","Готовая баня как альтернатива долгой стройке","4","мобильн* бан*"
"мобильная баня мобиба","66","Омск","3","top","мобильная баня","assigned","commercial","medium","commercial-head","landing","B01","Готовая баня как альтернатива долгой стройке","4","мобильн* бан*"
"мобильная баня мобиба","11318","Омская область","3","top","мобильная баня","assigned","commercial","medium","commercial-head","landing","B01","Готовая баня как альтернатива долгой стройке","4","мобильн* бан*"
"мобильная баня отзывы","66","Омск","3","top","мобильная баня","assigned","commercial","medium","commercial-head","landing","B01","Готовая баня как альтернатива долгой стройке","4","мобильн* бан*"
"мобильная баня отзывы","11318","Омская область","3","top","мобильная баня","assigned","commercial","medium","commercial-head","landing","B01","Готовая баня как альтернатива долгой стройке","4","мобильн* бан*"
"мобильные бани под ключ","11318","Омская область","3","top","баня под ключ|мобильная баня","assigned","commercial","high","signals","landing","B01","Готовая баня как альтернатива долгой стройке","10","бан* под ключ|мобильн* бан*"
"на каком участке можно строить баню","66","Омск","3","top","баня на участок","assigned","informational","low","intent-default","guide","B02","Готовая баня или строить на участке","4","строит* бан*"
"на что ложат полусухую стяжку","66","Омск","3","top","полусухая стяжка","assigned","informational","high","signals","guide","S01","Полусухая или мокрая стяжка","4","полусух* стяжк*"
"насос для бурения абиссинской скважины","66","Омск","3","top","бурение скважин","unassigned","unmapped","none","none","hold","","","",""
"насос для бурения абиссинской скважины","11318","Омская область","3","top","бурение скважин","unassigned","unmapped","none","none","hold","","","",""
"насос для бурения абиссинской скважины какой нужен","66","Омск","3","top","бурение скважин","unassigned","informational","high","signals","guide","","","",""
"насос для бурения абиссинской скважины какой нужен","11318","Омская область","3","top","бурение скважин","unassigned","informational","high","signals","guide","","","",""
"насос для бурения скважины","66","Омск","3","top","бурение скважин","unassigned","commercial","medium","commercial-head","landing","","","",""
"насос для бурения скважины","11318","Омская область","3","top","бурение скважин","unassigned","commercial","medium","commercial-head","landing","","","",""
"недра бурение скважин","66","Омск","3","top","бурение скважин","unassigned","commercial","medium","commercial-head","landing","","","",""
"недра бурение скважин","11318","Омская область","3","top","бурение скважин","unassigned","commercial","medium","commercial-head","landing","","","",""
"новые бани под ключ","66","Омск","3","top","баня под ключ","assigned","commercial","high","signals","landing","B01","Готовая баня как альтернатива долгой стройке","6","бан* под ключ"
"нормы отступов бани на участке","11318","Омская область","3","top","баня на участок","unassigned","unmapped","none","none","hold","","","",""
"нормы строительства бани на участке","66","Омск","3","top","баня на участок","assigned","informational","low","intent-default","guide","B02","Готовая баня или строить на участке","8","строит* бан*|строительств* бан*"
"нужно ли регистрировать баню на участке","66","Омск","3","top","баня на участок","unassigned","informational","high","signals","guide","","","",""
"нужно механизированной штукатурки","66","Омск","3","top","механизированная штукатурка","assigned","informational","medium","intent-tiebreak","guide","P01","Механизированная или ручная штукатурка","4","механизированн* штукатурк*"
"нужно механизированной штукатурки","11318","Омская область","3","top","механизированная штукатурка","assigned","informational","medium","intent-tiebreak","guide","P01","Механизированная или ручная штукатурка","4","механизированн* штукатурк*"
"обоснование бурения скважины","11318","Омская область","3","top","бурение скважин","unassigned","commercial","medium","commercial-head","landing","","","",""
"обсыпка скважины после бурения","66","Омск","3","top","бурение скважин","unassigned","unmapped","none","none","hold","","","",""
"обсыпка скважины после бурения","11318","Омская область","3","top","бурение скважин","unassigned","unmapped","none","none","hold","","","",""
"обсыпка скважины после бурения обсадной трубы","66","Омск","3","top","бурение скважин","unassigned","unmapped","none","none","hold","","","",""
"обсыпка скважины после бурения обсадной трубы","11318","Омская область","3","top","бурение скважин","unassigned","unmapped","none","none","hold","","","",""
"оформить баню на участке","66","Омск","3","top","баня на участок","unassigned","commercial","medium","commercial-head","landing","","","",""
"парная баня на дачном участке","66","Омск","3","top","баня на участок","assigned","informational","low","intent-default","guide","B06","Планировка: парная, мойка и комната отдыха","2","парн*"
"подушка под фундамент для бани","66","Омск","3","top","фундамент под баню","unassigned","unmapped","none","none","hold","","","",""
"подушка под фундамент для бани","11318","Омская область","3","top","фундамент под баню","unassigned","unmapped","none","none","hold","","","",""
"покрасил полусухую стяжку","66","Омск","3","top","полусухая стяжка","assigned","commercial","medium","commercial-head","landing","S01","Полусухая или мокрая стяжка","4","полусух* стяжк*"
"пол в бане зимой","66","Омск","3","top","баня зимой","assigned","informational","low","intent-default","guide","B17","Использование бани зимой в Омске","4","бан* зимой"
"пол в каркасной бане со сливом","11318","Омская область","3","top","каркасная баня","assigned","informational","low","intent-default","guide","B03","Квадро или каркасная баня","4","каркасн* бан*"
"полусухая стяжка нормы","66","Омск","3","top","полусухая стяжка","assigned","commercial","medium","commercial-head","landing","S01","Полусухая или мокрая стяжка","4","полусух* стяжк*"
"полусухая стяжка по деревянному полу","66","Омск","3","top","полусухая стяжка","assigned","informational","low","intent-default","guide","S01","Полусухая или мокрая стяжка","4","полусух* стяжк*"
"полусухая стяжка по деревянным лагам","66","Омск","3","top","полусухая стяжка","assigned","informational","low","intent-default","guide","S01","Полусухая или мокрая стяжка","4","полусух* стяжк*"
"полусухая стяжка по лагам","66","Омск","3","top","полусухая стяжка","assigned","commercial","medium","commercial-head","landing","S01","Полусухая или мокрая стяжка","4","полусух* стяжк*"
"полусухая стяжка пола по деревянным лагам","66","Омск","3","top","полусухая стяжка","assigned","informational","low","intent-default","guide","S01","Полусухая или мокрая стяжка","8","полусух* стяжк*|стяжка пола"
"полусухая стяжка пола по лагам","66","Омск","3","top","полусухая стяжка","assigned","informational","low","intent-default","guide","S01","Полусухая или мокрая стяжка","8","полусух* стяжк*|стяжка пола"
"полусухая стяжка рабочие","66","Омск","3","top","полусухая стяжка","assigned","commercial","medium","commercial-head","landing","S01","Полусухая или мокрая стяжка","4","полусух* стяжк*"
"полы в каркасной бане видео","66","Омск","3","top","каркасная баня","assigned","informational","low","intent-default","guide","B03","Квадро или каркасная баня","4","каркасн* бан*"
"полы в каркасной бане видео","11318","Омская область","3","top","каркасная баня","assigned","informational","low","intent-default","guide","B03","Квадро или каркасная баня","4","каркасн* бан*"
"портал в каркасной бане","66","Омск","3","top","каркасная баня","assigned","commercial","medium","commercial-head","landing","B03","Квадро или каркасная баня","4","каркасн* бан*"
"портал в каркасной бане","11318","Омская область","3","top","каркасная баня","assigned","commercial","medium","commercial-head","landing","B03","Квадро или каркасная баня","4","каркасн* бан*"
"поставить баню под ключ","11318","Омская область","3","top","баня под ключ","assigned","commercial","high","signals","landing","B01","Готовая баня как альтернатива долгой стройке","6","бан* под ключ"
"построить баню на даче под ключ","66","Омск","3","top","баня под ключ","unassigned","commercial","high","signals","landing","","","",""
"построить баню на даче под ключ","11318","Омская область","3","top","баня под ключ","unassigned","commercial","high","signals","landing","","","",""
"построить баню на даче под ключ цена","66","Омск","3","top","баня под ключ","unassigned","commercial","high","signals","landing","","","",""
"построить баню на даче под ключ цена","11318","Омская область","3","top","баня под ключ","unassigned","commercial","high","signals","landing","","","",""
"построить баню под ключ цены","66","Омск","3","top","баня под ключ","assigned","commercial","high","signals","landing","B01","Готовая баня как альтернатива долгой стройке","6","бан* под ключ"
"построить баню под ключ цены","11318","Омская область","3","top","баня под ключ","assigned","commercial","high","signals","landing","B01","Готовая баня как альтернатива долгой стройке","6","бан* под ключ"
"построить каркасной бани видео","11318","Омская область","3","top","каркасная баня","assigned","commercial","medium","commercial-head","landing","B03","Квадро или каркасная баня","4","каркасн* бан*"
"потолок в каркасной бане","66","Омск","3","top","каркасная баня","assigned","commercial","medium","commercial-head","landing","B03","Квадро или каркасная баня","4","каркасн* бан*"
"потолок в каркасной бане","11318","Омская область","3","top","каркасная баня","assigned","commercial","medium","commercial-head","landing","B03","Квадро или каркасная баня","4","каркасн* бан*"
"пошаговая инструкция фундамента под баню","66","Омск","3","top","фундамент под баню","unassigned","unmapped","none","none","hold","","","",""
"правила строительства бани на участке","66","Омск","3","top","баня на участок","assigned","informational","low","intent-default","guide","B02","Готовая баня или строить на участке","8","строит* бан*|строительств* бан*"
"правила строительства бани на участке","11318","Омская область","3","top","баня на участок","assigned","informational","low","intent-default","guide","B02","Готовая баня или строить на участке","8","строит* бан*|строительств* бан*"
"правильное бурение скважин воду","66","Омск","3","top","бурение скважин","unassigned","commercial","medium","commercial-head","landing","","","",""
"правильный фундамент под баню","11318","Омская область","3","top","фундамент под баню","assigned","informational","low","intent-default","guide","B14","Фундамент для мобильной или готовой бани","6","фундамент под бан*"
"приспособление для бурения скважин своими руками","66","Омск","3","top","бурение скважин","unassigned","informational","high","signals","guide","","","",""
"приспособление для бурения скважин своими руками","11318","Омская область","3","top","бурение скважин","unassigned","informational","high","signals","guide","","","",""
"приспособление для бурения скважины","66","Омск","3","top","бурение скважин","unassigned","commercial","medium","commercial-head","landing","","","",""
"приспособление для бурения скважины","11318","Омская область","3","top","бурение скважин","unassigned","commercial","medium","commercial-head","landing","","","",""
"провести воду в баню зимой","66","Омск","3","top","баня зимой","assigned","informational","low","intent-default","guide","B17","Использование бани зимой в Омске","4","бан* зимой"
"провести воду в баню зимой","11318","Омская область","3","top","баня зимой","assigned","informational","low","intent-default","guide","B17","Использование бани зимой в Омске","4","бан* зимой"
"продается баня на участке","11318","Омская область","3","top","баня на участок","unassigned","commercial","medium","commercial-head","landing","","","",""
"продажа готовых бань","66","Омск","3","top","готовая баня","assigned","commercial","high","signals","landing","B01","Готовая баня как альтернатива долгой стройке","4","готов* бан*"
"продажа каркасных бань","66","Омск","3","top","каркасная баня","assigned","commercial","high","signals","landing","B03","Квадро или каркасная баня","4","каркасн* бан*"
"проект мобильной бани","66","Омск","3","top","мобильная баня","assigned","commercial","medium","commercial-head","landing","B01","Готовая баня как альтернатива долгой стройке","4","мобильн* бан*"
"проект мобильной бани","11318","Омская область","3","top","мобильная баня","assigned","commercial","medium","commercial-head","landing","B01","Готовая баня как альтернатива долгой стройке","4","мобильн* бан*"
"промывка скважины бурения","66","Омск","3","top","бурение скважин","unassigned","unmapped","none","none","hold","","","",""
"промывка скважины бурения","11318","Омская область","3","top","бурение скважин","unassigned","unmapped","none","none","hold","","","",""
"промывка скважины после бурения","66","Омск","3","top","бурение скважин","unassigned","unmapped","none","none","hold","","","",""
"промывка скважины после бурения","11318","Омская область","3","top","бурение скважин","unassigned","unmapped","none","none","hold","","","",""
"простой каркасный баня","11318","Омская область","3","top","каркасная баня","assigned","commercial","medium","commercial-head","landing","B03","Квадро или каркасная баня","4","каркасн* бан*"
"проходить плывун бурении скважины","66","Омск","3","top","бурение скважин","unassigned","commercial","medium","commercial-head","landing","","","",""
"проходить плывун бурении скважины","11318","Омская область","3","top","бурение скважин","unassigned","commercial","medium","commercial-head","landing","","","",""
"размеры бани на дачном участке","66","Омск","3","top","баня на участок","unassigned","unmapped","none","none","hold","","","",""
"размещение бани на участке","11318","Омская область","3","top","баня на участок","unassigned","commercial","medium","commercial-head","landing","","","",""
"разуклонка полусухая стяжка","66","Омск","3","top","полусухая стяжка","assigned","commercial","medium","commercial-head","landing","S01","Полусухая или мокрая стяжка","4","полусух* стяжк*"
"расположение бань на дачном участке","66","Омск","3","top","баня на участок","unassigned","unmapped","none","none","hold","","","",""
"расположение бань на дачном участке","11318","Омская область","3","top","баня на участок","unassigned","unmapped","none","none","hold","","","",""
"расстояния на участке бани от границ","11318","Омская область","3","top","баня на участок","unassigned","unmapped","none","none","hold","","","",""
"рубленая баня из бревна цена под ключ","66","Омск","3","top","баня под ключ","unassigned","commercial","high","signals","landing","","","",""
"рубленая баня из бревна цена под ключ","11318","Омская область","3","top","баня под ключ","unassigned","commercial","high","signals","landing","","","",""
"рубленые баня под ключ","66","Омск","3","top","баня под ключ","assigned","commercial","high","signals","landing","B01","Готовая баня как альтернатива долгой стройке","6","бан* под ключ"
"рубленые баня под ключ","11318","Омская область","3","top","баня под ключ","assigned","commercial","high","signals","landing","B01","Готовая баня как альтернатива долгой стройке","6","бан* под ключ"
"самая дешевая готовая баня","11318","Омская область","3","top","готовая баня","assigned","commercial","medium","commercial-head","landing","B01","Готовая баня как альтернатива долгой стройке","4","готов* бан*"
"свайный фундамент под баню","11318","Омская область","3","top","фундамент под баню","assigned","informational","low","intent-default","guide","B14","Фундамент для мобильной или готовой бани","6","фундамент под бан*"
"сделать установку для бурения скважин","11318","Омская область","3","top","бурение скважин","unassigned","unmapped","none","none","hold","","","",""
"скважина бурение самому","66","Омск","3","top","бурение скважин","unassigned","unmapped","none","none","hold","","","",""
"скважина метров бурение","66","Омск","3","top","бурение скважин","unassigned","unmapped","none","none","hold","","","",""
"сколько построить баню под ключ","66","Омск","3","top","баня под ключ","assigned","commercial","medium","signals","landing","B01","Готовая баня как альтернатива долгой стройке","6","бан* под ключ"
"сколько стоит баня под ключ брус","11318","Омская область","3","top","баня под ключ","assigned","commercial","high","signals","landing","B01","Готовая баня как альтернатива долгой стройке","6","бан* под ключ"
"сколько стоит поставить баню на участке","11318","Омская область","3","top","баня на участок","unassigned","commercial","low","signals-tie","landing","","","",""
"сколько стоит построить баню под ключ","66","Омск","3","top","баня под ключ","assigned","commercial","high","signals","landing","B01","Готовая баня как альтернатива долгой стройке","6","бан* под ключ"
"слив бани зимой","11318","Омская область","3","top","баня зимой","assigned","informational","low","intent-default","guide","B17","Использование бани зимой в Омске","4","бан* зимой"
"слив в каркасной бане","11318","Омская область","3","top","каркасная баня","assigned","commercial","medium","commercial-head","landing","B03","Квадро или каркасная баня","4","каркасн* бан*"
"слив в каркасной бане в полу","11318","Омская область","3","top","каркасная баня","assigned","informational","low","intent-default","guide","B03","Квадро или каркасная баня","4","каркасн* бан*"
"слои бурение скважин воду","66","Омск","3","top","бурение скважин","unassigned","commercial","medium","commercial-head","landing","","","",""
"слои бурение скважин воду","11318","Омская область","3","top","бурение скважин","unassigned","commercial","medium","commercial-head","landing","","","",""
"снип на полусухую стяжку","66","Омск","3","top","полусухая стяжка","assigned","commercial","medium","commercial-head","landing","S01","Полусухая или мокрая стяжка","4","полусух* стяжк*"
"способы бурения скважин","11318","Омская область","3","top","бурение скважин","unassigned","commercial","medium","commercial-head","landing","","","",""
"срок службы каркасной бани реальный","66","Омск","3","top","каркасная баня","assigned","informational","low","intent-default","guide","B03","Квадро или каркасная баня","4","каркасн* бан*"
"срок службы каркасной бани реальный","11318","Омская область","3","top","каркасная баня","assigned","informational","low","intent-default","guide","B03","Квадро или каркасная баня","4","каркасн* бан*"
"стандарты постройки бани на участке","66","Омск","3","top","баня на участок","unassigned","unmapped","none","none","hold","","","",""
"стандарты постройки бани на участке","11318","Омская область","3","top","баня на участок","unassigned","unmapped","none","none","hold","","","",""
"стоимость постройки каркасной бани","66","Омск","3","top","каркасная баня","assigned","commercial","high","signals","landing","B03","Квадро или каркасная баня","4","каркасн* бан*"
"стойки каркасной бани","66","Омск","3","top","каркасная баня","assigned","commercial","medium","commercial-head","landing","B03","Квадро или каркасная баня","4","каркасн* бан*"
"строительство бань под ключ проекты","66","Омск","3","top","баня под ключ","assigned","commercial","high","signals","landing","B02","Готовая баня или строить на участке","14","строит* бан*|строительств* бан*|бан* под ключ"
"строительство бань под ключ проекты","11318","Омская область","3","top","баня под ключ","assigned","commercial","high","signals","landing","B02","Готовая баня или строить на участке","14","строит* бан*|строительств* бан*|бан* под ключ"
"строительство бань под ключ проекты и цены","66","Омск","3","top","баня под ключ","assigned","commercial","high","signals","landing","B02","Готовая баня или строить на участке","14","строит* бан*|строительств* бан*|бан* под ключ"
"строить бани под ключ","11318","Омская область","3","top","баня под ключ","assigned","commercial","high","signals","landing","B02","Готовая баня или строить на участке","10","строит* бан*|бан* под ключ"
"трещина полусухой стяжке что делать","66","Омск","3","top","полусухая стяжка","assigned","informational","high","signals","guide","S01","Полусухая или мокрая стяжка","4","полусух* стяжк*"
"трубы для бурения скважин","66","Омск","3","top","бурение скважин","unassigned","commercial","medium","commercial-head","landing","","","",""
"трубы для бурения скважин","11318","Омская область","3","top","бурение скважин","unassigned","commercial","medium","commercial-head","landing","","","",""
"ударное бурение скважин","11318","Омская область","3","top","бурение скважин","unassigned","commercial","medium","commercial-head","landing","","","",""
"устройство мобильной бани","66","Омск","3","top","мобильная баня","assigned","commercial","medium","commercial-head","landing","B01","Готовая баня как альтернатива долгой стройке","4","мобильн* бан*"
"устройство фундамента под баню","66","Омск","3","top","фундамент под баню","unassigned","unmapped","none","none","hold","","","",""
"устройство фундамента под баню","11318","Омская область","3","top","фундамент под баню","unassigned","unmapped","none","none","hold","","","",""
"утепление потолка в каркасной бане","66","Омск","3","top","каркасная баня","assigned","informational","low","intent-default","guide","B03","Квадро или каркасная баня","4","каркасн* бан*"
"фундамент под баню 4 5","66","Омск","3","top","фундамент под баню","assigned","informational","low","intent-default","guide","B14","Фундамент для мобильной или готовой бани","6","фундамент под бан*"
"фундамент под баню 6 на 3","11318","Омская область","3","top","фундамент под баню","assigned","informational","low","intent-default","guide","B14","Фундамент для мобильной или готовой бани","6","фундамент под бан*"
"фундамент под баню из бревна","66","Омск","3","top","фундамент под баню","assigned","informational","low","intent-default","guide","B14","Фундамент для мобильной или готовой бани","6","фундамент под бан*"
"фундамент под баню из бревна","11318","Омская область","3","top","фундамент под баню","assigned","informational","low","intent-default","guide","B14","Фундамент для мобильной или готовой бани","6","фундамент под бан*"
"фундамент под баню из бруса","11318","Омская область","3","top","фундамент под баню","assigned","informational","low","intent-default","guide","B14","Фундамент для мобильной или готовой бани","6","фундамент под бан*"
"фундамент под баню своими руками инструкция","66","Омск","3","top","фундамент под баню","assigned","informational","high","signals","guide","B14","Фундамент для мобильной или готовой бани","6","фундамент под бан*"
"фундамент под баню своими руками пошаговая инструкция","66","Омск","3","top","фундамент под баню","assigned","informational","high","signals","guide","B14","Фундамент для мобильной или готовой бани","6","фундамент под бан*"
"фундамент под каркасную баню","66","Омск","3","top","каркасная баня|фундамент под баню","assigned","commercial","medium","commercial-head","landing","B03","Квадро или каркасная баня","4","каркасн* бан*"
"чем обшить каркасную баню","66","Омск","3","top","каркасная баня","assigned","commercial","medium","commercial-head","landing","B03","Квадро или каркасная баня","4","каркасн* бан*"
"чем покрасить полусухую стяжку пола","66","Омск","3","top","полусухая стяжка","assigned","informational","low","intent-default","guide","S01","Полусухая или мокрая стяжка","4","полусух* стяжк*"
"ширина фундамента под баню","66","Омск","3","top","фундамент под баню","unassigned","unmapped","none","none","hold","","","",""
"ширина фундамента под баню","11318","Омская область","3","top","фундамент под баню","unassigned","unmapped","none","none","hold","","","",""
"шнековое бурение скважин расценка","66","Омск","3","top","бурение скважин","unassigned","commercial","medium","commercial-head","landing","","","",""
"шнековое бурение скважин расценка","11318","Омская область","3","top","бурение скважин","unassigned","commercial","medium","commercial-head","landing","","","",""
"2 этажная баня под ключ","66","Омск","2","top","баня под ключ","assigned","commercial","high","signals","landing","B01","Готовая баня как альтернатива долгой стройке","6","бан* под ключ"
"адреса бурения скважин","66","Омск","2","top","бурение скважин","unassigned","commercial","medium","commercial-head","landing","","","",""
"аква бурение скважин на воду","66","Омск","2","top","бурение скважин","unassigned","unmapped","none","none","hold","","","",""
"алмазное бурение скважин","66","Омск","2","top","бурение скважин","unassigned","commercial","medium","commercial-head","landing","","","",""
"аппарат для механизированной штукатурки аренда","66","Омск","2","top","механизированная штукатурка","assigned","informational","low","intent-default","guide","P01","Механизированная или ручная штукатурка","4","механизированн* штукатурк*"
"аппарат для механизированной штукатурки аренда","11318","Омская область","2","top","механизированная штукатурка","assigned","informational","low","intent-default","guide","P01","Механизированная или ручная штукатурка","4","механизированн* штукатурк*"
"аренда механизированной штукатурки","66","Омск","2","top","механизированная штукатурка","assigned","commercial","medium","commercial-head","landing","P01","Механизированная или ручная штукатурка","4","механизированн* штукатурк*"
"база бурение скважин","66","Омск","2","top","бурение скважин","unassigned","commercial","medium","commercial-head","landing","","","",""
"бани 7 7 под ключ","66","Омск","2","top","баня под ключ","unassigned","commercial","high","signals","landing","","","",""
"бани газобетона под ключ","66","Омск","2","top","баня под ключ","unassigned","commercial","high","signals","landing","","","",""
"бани дома разместить на участке","66","Омск","2","top","баня на участок","unassigned","unmapped","none","none","hold","","","",""
"бани дома разместить на участке","11318","Омская область","2","top","баня на участок","unassigned","unmapped","none","none","hold","","","",""
"бани из газобетона под ключ проекты","66","Омск","2","top","баня под ключ","unassigned","commercial","high","signals","landing","","","",""
"бани купить готовые с установкой цены","66","Омск","2","top","готовая баня","unassigned","commercial","high","signals","landing","","","",""
"бани купить готовые с установкой цены","11318","Омская область","2","top","готовая баня","unassigned","commercial","high","signals","landing","","","",""
"бани от производителя с доставкой","66","Омск","2","top","доставка бани","unassigned","commercial","high","signals","landing","","","",""
"бани от производителя с доставкой","11318","Омская область","2","top","доставка бани","unassigned","commercial","high","signals","landing","","","",""
"бани под ключ чувашия","66","Омск","2","top","баня под ключ","assigned","commercial","high","signals","landing","B01","Готовая баня как альтернатива долгой стройке","6","бан* под ключ"
"баню надо регистрировать на земельном участке","11318","Омская область","2","top","баня на участок","unassigned","unmapped","none","none","hold","","","",""
"баню нужно регистрировать на земельном участке","11318","Омская область","2","top","баня на участок","unassigned","informational","high","signals","guide","","","",""
"баня 2х2","11318","Омская область","2","top","баня 2х2","assigned","commercial","medium","commercial-head","landing","B04","Как выбрать размер 2×2, 3×2 или 4×2","8","бан* 2х2|бан* 2×2"
"баня 4х2","66","Омск","2","top","баня 4х2","assigned","commercial","medium","commercial-head","landing","B04","Как выбрать размер 2×2, 3×2 или 4×2","8","бан* 4х2|бан* 4×2"
"баня в сборе с доставкой","66","Омск","2","top","доставка бани","unassigned","commercial","medium","signals","landing","","","",""
"баня в сборе с доставкой","11318","Омская область","2","top","доставка бани","unassigned","commercial","medium","signals","landing","","","",""
"баня готовая 5 2 5","11318","Омская область","2","top","готовая баня","unassigned","unmapped","none","none","hold","","","",""
"баня готовая купить недорого с доставкой","66","Омск","2","top","готовая баня|доставка бани","unassigned","commercial","high","signals","landing","","","",""
"баня готовая купить недорого с доставкой","11318","Омская область","2","top","готовая баня|доставка бани","unassigned","commercial","high","signals","landing","","","",""
"баня зимой паримся","66","Омск","2","top","баня зимой","assigned","informational","low","intent-default","guide","B17","Использование бани зимой в Омске","4","бан* зимой"
"баня зимой паримся","11318","Омская область","2","top","баня зимой","assigned","informational","low","intent-default","guide","B17","Использование бани зимой в Омске","4","бан* зимой"
"баня и беседка на участке","66","Омск","2","top","баня на участок","unassigned","unmapped","none","none","hold","","","",""
"баня и беседка на участке","11318","Омская область","2","top","баня на участок","unassigned","unmapped","none","none","hold","","","",""
"баня из газобетона под ключ цена","66","Омск","2","top","баня под ключ","unassigned","commercial","high","signals","landing","","","",""
"баня из кедрового бруса","66","Омск","2","top","кедровая баня","unassigned","unmapped","none","none","hold","","","",""
"баня из кедрового бруса","11318","Омская область","2","top","кедровая баня","unassigned","unmapped","none","none","hold","","","",""
"баня из кирпича под ключ цена","66","Омск","2","top","баня под ключ","unassigned","commercial","high","signals","landing","","","",""
"баня каркасная зимой","11318","Омская область","2","top","баня зимой","unassigned","unmapped","none","none","hold","","","",""
"баня каркасная перевозные","66","Омск","2","top","каркасная баня","unassigned","unmapped","none","none","hold","","","",""
"баня мини купить под ключ","66","Омск","2","top","баня под ключ","unassigned","commercial","high","signals","landing","","","",""
"баня на собственном участке","11318","Омская область","2","top","баня на участок","unassigned","unmapped","none","none","hold","","","",""
"баня на улице зимой","66","Омск","2","top","баня зимой","unassigned","unmapped","none","none","hold","","","",""
"баня на участке 12 соток","11318","Омская область","2","top","баня на участок","unassigned","unmapped","none","none","hold","","","",""
"баня на участке 3 на 5","66","Омск","2","top","баня на участок","unassigned","unmapped","none","none","hold","","","",""
"баня на участке 7 соток","66","Омск","2","top","баня на участок","unassigned","unmapped","none","none","hold","","","",""
"баня на участке нормативы","66","Омск","2","top","баня на участок","unassigned","commercial","medium","commercial-head","landing","","","",""
"баня на участке нормативы","11318","Омская область","2","top","баня на участок","unassigned","commercial","medium","commercial-head","landing","","","",""
"баня на участке проекты","66","Омск","2","top","баня на участок","unassigned","commercial","medium","commercial-head","landing","","","",""
"баня на участке сколько метров от забора","66","Омск","2","top","баня на участок","unassigned","informational","high","signals","guide","","","",""
"баня на участке сколько метров от забора","11318","Омская область","2","top","баня на участок","unassigned","informational","high","signals","guide","","","",""
"баня на участке фото","11318","Омская область","2","top","баня на участок","unassigned","commercial","medium","commercial-head","landing","","","",""
"баня на участок под ключ цена","66","Омск","2","top","баня на участок|баня под ключ","unassigned","commercial","high","signals","landing","","","",""
"баня на участок под ключ цена","11318","Омская область","2","top","баня на участок","unassigned","commercial","high","signals","landing","","","",""
"баня от границы участка на каком","11318","Омская область","2","top","баня на участок","unassigned","unmapped","none","none","hold","","","",""
"баня от границы участка на каком расстоянии","11318","Омская область","2","top","баня на участок","unassigned","unmapped","none","none","hold","","","",""
"баня палатка зимой","66","Омск","2","top","баня зимой","unassigned","unmapped","none","none","hold","","","",""
"баня палатка зимой","11318","Омская область","2","top","баня зимой","unassigned","unmapped","none","none","hold","","","",""
"баня рядом с домом на участке","11318","Омская область","2","top","баня на участок","unassigned","unmapped","none","none","hold","","","",""
"баня слив воды зимой","66","Омск","2","top","баня зимой","assigned","informational","low","intent-default","guide","B16","Слив и вода зимой","4","слив воды"
"бизнес каркасные бани","66","Омск","2","top","каркасная баня","assigned","commercial","medium","commercial-head","landing","B03","Квадро или каркасная баня","4","каркасн* бан*"
"бизнес механизированная штукатурка","66","Омск","2","top","механизированная штукатурка","assigned","commercial","medium","commercial-head","landing","P01","Механизированная или ручная штукатурка","4","механизированн* штукатурк*"
"бизнес механизированная штукатурка","11318","Омская область","2","top","механизированная штукатурка","assigned","commercial","medium","commercial-head","landing","P01","Механизированная или ручная штукатурка","4","механизированн* штукатурк*"
"бизнес механизировать штукатурка","66","Омск","2","top","механизированная штукатурка","unassigned","commercial","medium","commercial-head","landing","","","",""
"бизнес механизировать штукатурка","11318","Омская область","2","top","механизированная штукатурка","unassigned","commercial","medium","commercial-head","landing","","","",""
"бизнес мобильная баня","66","Омск","2","top","мобильная баня","assigned","commercial","medium","commercial-head","landing","B01","Готовая баня как альтернатива долгой стройке","4","мобильн* бан*"
"бизнес мобильная баня","11318","Омская область","2","top","мобильная баня","assigned","commercial","medium","commercial-head","landing","B01","Готовая баня как альтернатива долгой стройке","4","мобильн* бан*"
"большая баня под ключ","66","Омск","2","top","баня под ключ","assigned","commercial","high","signals","landing","B01","Готовая баня как альтернатива долгой стройке","6","бан* под ключ"
"большая каркасная баня","66","Омск","2","top","каркасная баня","assigned","commercial","medium","commercial-head","landing","B03","Квадро или каркасная баня","4","каркасн* бан*"
"бурение ие скважин","66","Омск","2","top","бурение скважин","unassigned","unmapped","none","none","hold","","","",""
"бурение инженерных скважин","66","Омск","2","top","бурение скважин","unassigned","unmapped","none","none","hold","","","",""
"бурение прокачка скважины","66","Омск","2","top","бурение скважин","unassigned","unmapped","none","none","hold","","","",""
"бурение скважин 16","66","Омск","2","top","бурение скважин","unassigned","commercial","medium","commercial-head","landing","","","",""
"бурение скважин грунт","66","Омск","2","top","бурение скважин","unassigned","commercial","medium","commercial-head","landing","","","",""
"бурение скважин дрелью","66","Омск","2","top","бурение скважин","unassigned","commercial","medium","commercial-head","landing","","","",""
"бурение скважин можайск","66","Омск","2","top","бурение скважин","unassigned","commercial","medium","commercial-head","landing","","","",""
"бурение скважин москва","66","Омск","2","top","бурение скважин","unassigned","commercial","medium","commercial-head","landing","","","",""
"бурение скважин на воду в доме","66","Омск","2","top","бурение скважин","unassigned","unmapped","none","none","hold","","","",""
"бурение скважин на воду картинки","66","Омск","2","top","бурение скважин","unassigned","unmapped","none","none","hold","","","",""
"бурение скважин основное бурение","66","Омск","2","top","бурение скважин","unassigned","commercial","medium","commercial-head","landing","","","",""
"бурение скважины в доме","66","Омск","2","top","бурение скважин","unassigned","commercial","medium","commercial-head","landing","","","",""
"бурение скважины ресурс","66","Омск","2","top","бурение скважин","unassigned","commercial","medium","commercial-head","landing","","","",""
"бюджетная каркасная баня","66","Омск","2","top","каркасная баня","assigned","commercial","medium","commercial-head","landing","B03","Квадро или каркасная баня","4","каркасн* бан*"
"вода в баню из дома зимой","66","Омск","2","top","баня зимой","unassigned","unmapped","none","none","hold","","","",""
"вода в баню из дома зимой","11318","Омская область","2","top","баня зимой","unassigned","unmapped","none","none","hold","","","",""
"где купить мобильную баню","11318","Омская область","2","top","мобильная баня","assigned","commercial","medium","signals","landing","B01","Готовая баня как альтернатива долгой стройке","4","мобильн* бан*"
"глубина фундамента под баню","11318","Омская область","2","top","фундамент под баню","unassigned","unmapped","none","none","hold","","","",""
"голая баня зимой","66","Омск","2","top","баня зимой","assigned","informational","low","intent-default","guide","B17","Использование бани зимой в Омске","4","бан* зимой"
"готовая баня 9 6","11318","Омская область","2","top","готовая баня","assigned","commercial","medium","commercial-head","landing","B01","Готовая баня как альтернатива долгой стройке","4","готов* бан*"
"готовая баня бочка","66","Омск","2","top","готовая баня","assigned","commercial","medium","commercial-head","landing","B01","Готовая баня как альтернатива долгой стройке","4","готов* бан*"
"готовая баня в минске","11318","Омская область","2","top","готовая баня","assigned","commercial","medium","commercial-head","landing","B01","Готовая баня как альтернатива долгой стройке","4","готов* бан*"
"готовая баня внутри","11318","Омская область","2","top","готовая баня","assigned","commercial","medium","commercial-head","landing","B01","Готовая баня как альтернатива долгой стройке","4","готов* бан*"
"готовая баня контейнер","66","Омск","2","top","готовая баня","assigned","commercial","medium","commercial-head","landing","B01","Готовая баня как альтернатива долгой стройке","4","готов* бан*"
"готовая баня контейнер","11318","Омская область","2","top","готовая баня","assigned","commercial","medium","commercial-head","landing","B01","Готовая баня как альтернатива долгой стройке","4","готов* бан*"
"готовая баня купить цена доставка установка","66","Омск","2","top","готовая баня|доставка бани","assigned","commercial","high","signals","landing","B01","Готовая баня как альтернатива долгой стройке","4","готов* бан*"
"готовая баня купить цена доставка установка","11318","Омская область","2","top","готовая баня|доставка бани","assigned","commercial","high","signals","landing","B01","Готовая баня как альтернатива долгой стройке","4","готов* бан*"
"готовая баня со спальней","66","Омск","2","top","готовая баня","assigned","commercial","medium","commercial-head","landing","B01","Готовая баня как альтернатива долгой стройке","4","готов* бан*"
"готовая баня со спальней","11318","Омская область","2","top","готовая баня","assigned","commercial","medium","commercial-head","landing","B01","Готовая баня как альтернатива долгой стройке","4","готов* бан*"
"готовая круглая баня","66","Омск","2","top","готовая баня","unassigned","unmapped","none","none","hold","","","",""
"готовая круглая баня","11318","Омская область","2","top","готовая баня","unassigned","unmapped","none","none","hold","","","",""
"готовая печка для бани","11318","Омская область","2","top","готовая баня","assigned","informational","low","intent-default","guide","B19","Печь и дымоход","6","печ* для бан*"
"готовые бани в нутри","11318","Омская область","2","top","готовая баня","assigned","commercial","medium","commercial-head","landing","B01","Готовая баня как альтернатива долгой стройке","4","готов* бан*"
"готовые бани в октябрьском","66","Омск","2","top","готовая баня","assigned","commercial","medium","commercial-head","landing","B01","Готовая баня как альтернатива долгой стройке","4","готов* бан*"
"готовые бани в октябрьском","11318","Омская область","2","top","готовая баня","assigned","commercial","medium","commercial-head","landing","B01","Готовая баня как альтернатива долгой стройке","4","готов* бан*"
"готовые бани краснодар","11318","Омская область","2","top","готовая баня","assigned","commercial","medium","commercial-head","landing","B01","Готовая баня как альтернатива долгой стройке","4","готов* бан*"
"готовые бани от производителя с доставкой","66","Омск","2","top","готовая баня|доставка бани","assigned","commercial","high","signals","landing","B01","Готовая баня как альтернатива долгой стройке","4","готов* бан*"
"готовые бани от производителя с доставкой","11318","Омская область","2","top","готовая баня|доставка бани","assigned","commercial","high","signals","landing","B01","Готовая баня как альтернатива долгой стройке","4","готов* бан*"
"готовые бани рязань","11318","Омская область","2","top","готовая баня","assigned","commercial","medium","commercial-head","landing","B01","Готовая баня как альтернатива долгой стройке","4","готов* бан*"
"готовые готовые печи для бань купить","66","Омск","2","top","готовая баня","assigned","commercial","medium","signals","landing","B19","Печь и дымоход","6","печ* для бан*"
"готовые готовые печи для бань купить","11318","Омская область","2","top","готовая баня","assigned","commercial","medium","signals","landing","B19","Печь и дымоход","6","печ* для бан*"
"готовые дом баня цена","66","Омск","2","top","готовая баня","unassigned","commercial","medium","signals","landing","","","",""
"готовые дом баня цена","11318","Омская область","2","top","готовая баня","unassigned","commercial","medium","signals","landing","","","",""
"готовые каркасные бани","66","Омск","2","top","готовая баня","assigned","commercial","medium","commercial-head","landing","B03","Квадро или каркасная баня","4","каркасн* бан*"
"готовые каркасные бани","11318","Омская область","2","top","готовая баня","assigned","commercial","medium","commercial-head","landing","B03","Квадро или каркасная баня","4","каркасн* бан*"
"готовые полки для бани","66","Омск","2","top","готовая баня","unassigned","unmapped","none","none","hold","","","",""
"готовые полки для бани купить","66","Омск","2","top","готовая баня","unassigned","commercial","medium","signals","landing","","","",""
"готовые проекты бань","66","Омск","2","top","готовая баня","unassigned","unmapped","none","none","hold","","","",""
"готовые проекты бань","11318","Омская область","2","top","готовая баня","unassigned","unmapped","none","none","hold","","","",""
"готовый пол в баню","66","Омск","2","top","готовая баня","unassigned","unmapped","none","none","hold","","","",""
"готовый пол в баню","11318","Омская область","2","top","готовая баня","unassigned","unmapped","none","none","hold","","","",""
"готовый полог для бани","66","Омск","2","top","готовая баня","unassigned","unmapped","none","none","hold","","","",""
"готовый полог для бани","11318","Омская область","2","top","готовая баня","unassigned","unmapped","none","none","hold","","","",""
"двигатель бурения скважин","66","Омск","2","top","бурение скважин","unassigned","commercial","medium","commercial-head","landing","","","",""
"деревянная баня на участке","11318","Омская область","2","top","баня на участок","unassigned","commercial","medium","commercial-head","landing","","","",""
"дизайн бань на участке","11318","Омская область","2","top","баня на участок","unassigned","commercial","medium","commercial-head","landing","","","",""
"дом баня беседка на участке","11318","Омская область","2","top","баня на участок","unassigned","unmapped","none","none","hold","","","",""
"дом баня гараж беседка на участке","11318","Омская область","2","top","баня на участок","unassigned","unmapped","none","none","hold","","","",""
"дом баня зимой","66","Омск","2","top","баня зимой","assigned","informational","low","intent-default","guide","B17","Использование бани зимой в Омске","4","бан* зимой"
"дом баня зимой","11318","Омская область","2","top","баня зимой","assigned","informational","low","intent-default","guide","B17","Использование бани зимой в Омске","4","бан* зимой"
"дом баня на земельном участке","11318","Омская область","2","top","баня на участок","unassigned","unmapped","none","none","hold","","","",""
"дом баня на участке 12 соток","11318","Омская область","2","top","баня на участок","unassigned","unmapped","none","none","hold","","","",""
"дом и баня на участке фото","11318","Омская область","2","top","баня на участок","unassigned","unmapped","none","none","hold","","","",""
"доска для каркасной бани","66","Омск","2","top","каркасная баня","assigned","commercial","medium","commercial-head","landing","B03","Квадро или каркасная баня","4","каркасн* бан*"
"доставка бани на участок","11318","Омская область","2","top","баня на участок|доставка бани","assigned","commercial","medium","signals","landing","B10","Стоимость доставки по Омску и области","4","доставк* бан*"
"заказать баню из бруса под ключ","66","Омск","2","top","баня под ключ","unassigned","commercial","high","signals","landing","","","",""
"заказать баню под ключ","66","Омск","2","top","баня под ключ","assigned","commercial","high","signals","landing","B01","Готовая баня как альтернатива долгой стройке","6","бан* под ключ"
"заказать готовые бани","11318","Омская область","2","top","готовая баня","assigned","commercial","high","signals","landing","B01","Готовая баня как альтернатива долгой стройке","4","готов* бан*"
"заливка фундамента под баню пропорции","66","Омск","2","top","фундамент под баню","unassigned","unmapped","none","none","hold","","","",""
"заливка фундамента под баню пропорции","11318","Омская область","2","top","фундамент под баню","unassigned","unmapped","none","none","hold","","","",""
"заливка фундамента под баню своими руками","11318","Омская область","2","top","фундамент под баню","unassigned","informational","high","signals","guide","","","",""
"зоны бани на участке","11318","Омская область","2","top","баня на участок","unassigned","commercial","medium","commercial-head","landing","","","",""
"инструмент для бурения скважин","66","Омск","2","top","бурение скважин","unassigned","commercial","medium","commercial-head","landing","","","",""
"как делается каркасная баня","66","Омск","2","top","каркасная баня","assigned","informational","medium","intent-tiebreak","guide","B03","Квадро или каркасная баня","4","каркасн* бан*"
"как делается механизированная штукатурка стен видео","66","Омск","2","top","механизированная штукатурка","assigned","informational","high","signals","guide","P01","Механизированная или ручная штукатурка","4","механизированн* штукатурк*"
"как делается механизированная штукатурка стен видео","11318","Омская область","2","top","механизированная штукатурка","assigned","informational","high","signals","guide","P01","Механизированная или ручная штукатурка","4","механизированн* штукатурк*"
"как должна стоять баня на участке","66","Омск","2","top","баня на участок","unassigned","informational","high","signals","guide","","","",""
"как должна стоять баня на участке","11318","Омская область","2","top","баня на участок","unassigned","informational","high","signals","guide","","","",""
"как можно расположить баню на участке","66","Омск","2","top","баня на участок","unassigned","informational","high","signals","guide","","","",""
"как можно расположить баню на участке","11318","Омская область","2","top","баня на участок","unassigned","informational","high","signals","guide","","","",""
"как определить глубину бурения скважины","66","Омск","2","top","бурение скважин","unassigned","informational","high","signals","guide","","","",""
"как понять что баня готова","66","Омск","2","top","готовая баня","unassigned","informational","high","signals","guide","","","",""
"как понять что баня готова","11318","Омская область","2","top","готовая баня","unassigned","informational","high","signals","guide","","","",""
"как пройти плывун при бурении скважины","66","Омск","2","top","бурение скважин","unassigned","informational","high","signals","guide","","","",""
"как сделать баню на участке","66","Омск","2","top","баня на участок","unassigned","informational","high","signals","guide","","","",""
"как сделать баню на участке","11318","Омская область","2","top","баня на участок","unassigned","informational","high","signals","guide","","","",""
"как сделать фундамент под баню","66","Омск","2","top","фундамент под баню","assigned","informational","high","signals","guide","B14","Фундамент для мобильной или готовой бани","6","фундамент под бан*"
"как сделать фундамент под баню","11318","Омская область","2","top","фундамент под баню","assigned","informational","high","signals","guide","B14","Фундамент для мобильной или готовой бани","6","фундамент под бан*"
"как ставить баню на участке","66","Омск","2","top","баня на участок","unassigned","informational","high","signals","guide","","","",""
"как ставить баню на участке","11318","Омская область","2","top","баня на участок","unassigned","informational","high","signals","guide","","","",""
"как ставить баню на участке по закону","66","Омск","2","top","баня на участок","unassigned","informational","high","signals","guide","","","",""
"как ставить баню на участке по закону","11318","Омская область","2","top","баня на участок","unassigned","informational","high","signals","guide","","","",""
"как узаконить баню на дачном участке","66","Омск","2","top","баня на участок","unassigned","informational","high","signals","guide","","","",""
"как узаконить баню на дачном участке","11318","Омская область","2","top","баня на участок","unassigned","informational","high","signals","guide","","","",""
"как узаконить баню на участке","66","Омск","2","top","баня на участок","unassigned","informational","high","signals","guide","","","",""
"как узаконить баню на участке","11318","Омская область","2","top","баня на участок","unassigned","informational","high","signals","guide","","","",""
"какая баня лучше готовая","11318","Омская область","2","top","готовая баня","unassigned","informational","high","signals","guide","","","",""
"какой бетон под фундамент бани","66","Омск","2","top","фундамент под баню","unassigned","informational","high","signals","guide","","","",""
"какой бетон под фундамент бани","11318","Омская область","2","top","фундамент под баню","unassigned","informational","high","signals","guide","","","",""
"какой фундамент залить под баню","66","Омск","2","top","фундамент под баню","unassigned","informational","high","signals","guide","","","",""
"какой фундамент залить под баню","11318","Омская область","2","top","фундамент под баню","unassigned","informational","high","signals","guide","","","",""
"какой фундамент нужно под баню","66","Омск","2","top","фундамент под баню","unassigned","informational","high","signals","guide","","","",""
"какой фундамент нужно под баню","11318","Омская область","2","top","фундамент под баню","unassigned","informational","high","signals","guide","","","",""
"какой фундамент под каркасную баню","66","Омск","2","top","фундамент под баню","assigned","informational","high","signals","guide","B03","Квадро или каркасная баня","4","каркасн* бан*"
"какой фундамент под каркасную баню","11318","Омская область","2","top","фундамент под баню","assigned","informational","high","signals","guide","B03","Квадро или каркасная баня","4","каркасн* бан*"
"какую баню построить на участке лучше","66","Омск","2","top","баня на участок","unassigned","unmapped","none","none","hold","","","",""
"какую баню построить на участке лучше","11318","Омская область","2","top","баня на участок","unassigned","unmapped","none","none","hold","","","",""
"канатное бурение скважин","66","Омск","2","top","бурение скважин","unassigned","commercial","medium","commercial-head","landing","","","",""
"каркасная баня 2х4","66","Омск","2","top","каркасная баня","assigned","commercial","medium","commercial-head","landing","B03","Квадро или каркасная баня","4","каркасн* бан*"
"каркасная баня 2х4 своими руками","66","Омск","2","top","каркасная баня","assigned","informational","high","signals","guide","B03","Квадро или каркасная баня","4","каркасн* бан*"
"каркасная баня 3 3 своими руками","66","Омск","2","top","каркасная баня","assigned","informational","high","signals","guide","B03","Квадро или каркасная баня","4","каркасн* бан*"
"каркасная баня 6 на 4","66","Омск","2","top","каркасная баня","assigned","informational","low","intent-default","guide","B03","Квадро или каркасная баня","4","каркасн* бан*"
"каркасная баня абакан","66","Омск","2","top","каркасная баня","assigned","commercial","medium","commercial-head","landing","B03","Квадро или каркасная баня","4","каркасн* бан*"
"каркасная баня авито","66","Омск","2","top","каркасная баня","assigned","commercial","medium","commercial-head","landing","B03","Квадро или каркасная баня","4","каркасн* бан*"
"каркасная баня г образная","66","Омск","2","top","каркасная баня","assigned","commercial","medium","commercial-head","landing","B03","Квадро или каркасная баня","4","каркасн* бан*"
"каркасная баня из осб","66","Омск","2","top","каркасная баня","assigned","commercial","medium","commercial-head","landing","B03","Квадро или каркасная баня","4","каркасн* бан*"
"каркасная баня из осб своими руками","66","Омск","2","top","каркасная баня","assigned","informational","high","signals","guide","B03","Квадро или каркасная баня","4","каркасн* бан*"
"каркасная баня на винтовых","66","Омск","2","top","каркасная баня","assigned","commercial","medium","commercial-head","landing","B03","Квадро или каркасная баня","4","каркасн* бан*"
"каркасная баня на винтовых сваях","66","Омск","2","top","каркасная баня","assigned","informational","low","intent-default","guide","B03","Квадро или каркасная баня","4","каркасн* бан*"
"каркасная баня на ленточном фундаменте","66","Омск","2","top","каркасная баня","assigned","informational","low","intent-default","guide","B03","Квадро или каркасная баня","4","каркасн* бан*"
"каркасная баня отзывы владельцев после использования","66","Омск","2","top","каркасная баня","assigned","informational","low","intent-default","guide","B03","Квадро или каркасная баня","4","каркасн* бан*"
"каркасная баня пирог парилки","66","Омск","2","top","каркасная баня","assigned","commercial","medium","commercial-head","landing","B03","Квадро или каркасная баня","4","каркасн* бан*"
"каркасная баня пол в парной","66","Омск","2","top","каркасная баня","assigned","informational","low","intent-default","guide","B03","Квадро или каркасная баня","4","каркасн* бан*"
"каркасная баня проекты и чертежи","66","Омск","2","top","каркасная баня","assigned","informational","low","intent-default","guide","B03","Квадро или каркасная баня","4","каркасн* бан*"
"каркасная баня проекты и чертежи бесплатно","66","Омск","2","top","каркасная баня","assigned","informational","low","intent-default","guide","B03","Квадро или каркасная баня","4","каркасн* бан*"
"каркасная баня чертежи бесплатно","66","Омск","2","top","каркасная баня","assigned","commercial","medium","commercial-head","landing","B03","Квадро или каркасная баня","4","каркасн* бан*"
"каркасные бани 5х3","66","Омск","2","top","каркасная баня","assigned","commercial","medium","commercial-head","landing","B03","Квадро или каркасная баня","4","каркасн* бан*"
"картинка механизированная штукатурка","11318","Омская область","2","top","механизированная штукатурка","assigned","commercial","medium","commercial-head","landing","P01","Механизированная или ручная штукатурка","4","механизированн* штукатурк*"
"картинки готовых бань","11318","Омская область","2","top","готовая баня","assigned","commercial","medium","commercial-head","landing","B01","Готовая баня как альтернатива долгой стройке","4","готов* бан*"
"каталог готовых бань","11318","Омская область","2","top","готовая баня","assigned","commercial","medium","commercial-head","landing","B01","Готовая баня как альтернатива долгой стройке","4","готов* бан*"
"каталог готовых бань цены","11318","Омская область","2","top","готовая баня","assigned","commercial","high","signals","landing","B01","Готовая баня как альтернатива долгой стройке","4","готов* бан*"
"кафедра бурения скважин","66","Омск","2","top","бурение скважин","unassigned","commercial","medium","commercial-head","landing","","","",""
"кедровую баню чем обработать","66","Омск","2","top","кедровая баня","assigned","commercial","medium","commercial-head","landing","B20","Кедр против сосны и ели","4","кедров* бан*"
"кедровую баню чем обработать","11318","Омская область","2","top","кедровая баня","assigned","commercial","medium","commercial-head","landing","B20","Кедр против сосны и ели","4","кедров* бан*"
"кедровый веник для бани","66","Омск","2","top","кедровая баня","unassigned","unmapped","none","none","hold","","","",""
"кедровый веник для бани","11318","Омская область","2","top","кедровая баня","unassigned","unmapped","none","none","hold","","","",""
"купить баню доставка установка","66","Омск","2","top","доставка бани","unassigned","commercial","high","signals","landing","","","",""
"купить баню доставка установка","11318","Омская область","2","top","доставка бани","unassigned","commercial","high","signals","landing","","","",""
"купить баню из бруса под ключ","66","Омск","2","top","баня под ключ","unassigned","commercial","high","signals","landing","","","",""
"купить баню на дачный участок","11318","Омская область","2","top","баня на участок","unassigned","commercial","medium","signals","landing","","","",""
"купить баню с доставкой цена","66","Омск","2","top","доставка бани","assigned","commercial","high","signals","landing","B10","Стоимость доставки по Омску и области","6","бан* с доставк*"
"купить баню с доставкой цена","11318","Омская область","2","top","доставка бани","assigned","commercial","high","signals","landing","B10","Стоимость доставки по Омску и области","6","бан* с доставк*"
"купить баню с установкой под ключ","66","Омск","2","top","баня под ключ","unassigned","commercial","high","signals","landing","","","",""
"купить готовую баню 4 4","11318","Омская область","2","top","готовая баня","assigned","commercial","medium","signals","landing","B01","Готовая баня как альтернатива долгой стройке","4","готов* бан*"
"купить готовую баню бочку","66","Омск","2","top","готовая баня","assigned","commercial","high","signals","landing","B01","Готовая баня как альтернатива долгой стройке","4","готов* бан*"
"купить готовую баню бочку","11318","Омская область","2","top","готовая баня","assigned","commercial","high","signals","landing","B01","Готовая баня как альтернатива долгой стройке","4","готов* бан*"
"купить готовую баню в минске","11318","Омская область","2","top","готовая баня","assigned","commercial","medium","signals","landing","B01","Готовая баня как альтернатива долгой стройке","4","готов* бан*"
"купить готовую баню в рязани","11318","Омская область","2","top","готовая баня","assigned","commercial","medium","signals","landing","B01","Готовая баня как альтернатива долгой стройке","4","готов* бан*"
"купить готовую баню с установкой","66","Омск","2","top","готовая баня","assigned","commercial","medium","signals","landing","B01","Готовая баня как альтернатива долгой стройке","4","готов* бан*"
"купить готовую баню с установкой","11318","Омская область","2","top","готовая баня","assigned","commercial","medium","signals","landing","B01","Готовая баня как альтернатива долгой стройке","4","готов* бан*"
"купить каркасную баню под ключ","66","Омск","2","top","баня под ключ","assigned","commercial","high","signals","landing","B01","Готовая баня как альтернатива долгой стройке","6","бан* под ключ"
"куплю бу мобильную баню","66","Омск","2","top","мобильная баня","assigned","commercial","medium","commercial-head","landing","B01","Готовая баня как альтернатива долгой стройке","4","мобильн* бан*"
"куплю бу мобильную баню","11318","Омская область","2","top","мобильная баня","assigned","commercial","medium","commercial-head","landing","B01","Готовая баня как альтернатива долгой стройке","4","мобильн* бан*"
"ленточный фундамент под баню 5 на 4","11318","Омская область","2","top","фундамент под баню","assigned","informational","low","intent-default","guide","B14","Фундамент для мобильной или готовой бани","6","фундамент под бан*"
"материал для механизированной штукатурки","66","Омск","2","top","механизированная штукатурка","assigned","commercial","medium","commercial-head","landing","P01","Механизированная или ручная штукатурка","4","механизированн* штукатурк*"
"материал для механизированной штукатурки","11318","Омская область","2","top","механизированная штукатурка","assigned","commercial","medium","commercial-head","landing","P01","Механизированная или ручная штукатурка","4","механизированн* штукатурк*"
"механизированная штукатурка визитки","11318","Омская область","2","top","механизированная штукатурка","assigned","commercial","medium","commercial-head","landing","P01","Механизированная или ручная штукатурка","4","механизированн* штукатурк*"
"механизированная штукатурка как делается","66","Омск","2","top","механизированная штукатурка","assigned","informational","medium","intent-tiebreak","guide","P01","Механизированная или ручная штукатурка","4","механизированн* штукатурк*"
"механизированная штукатурка как делается","11318","Омская область","2","top","механизированная штукатурка","assigned","informational","medium","intent-tiebreak","guide","P01","Механизированная или ручная штукатурка","4","механизированн* штукатурк*"
"механизированная штукатурка работы","11318","Омская область","2","top","механизированная штукатурка","assigned","commercial","medium","commercial-head","landing","P01","Механизированная или ручная штукатурка","4","механизированн* штукатурк*"
"механизированная штукатурка своими руками","66","Омск","2","top","механизированная штукатурка","assigned","informational","medium","signals","guide","P01","Механизированная или ручная штукатурка","4","механизированн* штукатурк*"
"механизированная штукатурка своими руками","11318","Омская область","2","top","механизированная штукатурка","assigned","informational","medium","signals","guide","P01","Механизированная или ручная штукатурка","4","механизированн* штукатурк*"
"механизированная штукатурка стен как делается","66","Омск","2","top","механизированная штукатурка","assigned","informational","high","signals","guide","P01","Механизированная или ручная штукатурка","4","механизированн* штукатурк*"
"механизированная штукатурка стен как делается","11318","Омская область","2","top","механизированная штукатурка","assigned","informational","high","signals","guide","P01","Механизированная или ручная штукатурка","4","механизированн* штукатурк*"
"механизированная штукатурка стен своими руками","66","Омск","2","top","механизированная штукатурка","assigned","informational","high","signals","guide","P01","Механизированная или ручная штукатурка","4","механизированн* штукатурк*"
"механизированная штукатурка стен своими руками","11318","Омская область","2","top","механизированная штукатурка","assigned","informational","high","signals","guide","P01","Механизированная или ручная штукатурка","4","механизированн* штукатурк*"
"механизированная штукатурка фото","66","Омск","2","top","механизированная штукатурка","assigned","commercial","medium","commercial-head","landing","P01","Механизированная или ручная штукатурка","4","механизированн* штукатурк*"
"механизированная штукатурка фото","11318","Омская область","2","top","механизированная штукатурка","assigned","commercial","medium","commercial-head","landing","P01","Механизированная или ручная штукатурка","4","механизированн* штукатурк*"
"механизированная штукатурка цена","66","Омск","2","top","механизированная штукатурка","assigned","commercial","high","signals","landing","P03","От чего зависит цена штукатурки","6","механизированн* штукатурк* цен*"
"механизированная штукатурка цена","11318","Омская область","2","top","механизированная штукатурка","assigned","commercial","high","signals","landing","P03","От чего зависит цена штукатурки","6","механизированн* штукатурк* цен*"
"механизировать нанесение штукатурка","66","Омск","2","top","механизированная штукатурка","unassigned","unmapped","none","none","hold","","","",""
"механизировать нанесение штукатурка","11318","Омская область","2","top","механизированная штукатурка","unassigned","unmapped","none","none","hold","","","",""
"механизировать оборудование штукатурка","66","Омск","2","top","механизированная штукатурка","unassigned","unmapped","none","none","hold","","","",""
"механизировать оборудование штукатурка","11318","Омская область","2","top","механизированная штукатурка","unassigned","unmapped","none","none","hold","","","",""
"механизировать способ штукатурка","66","Омск","2","top","механизированная штукатурка","unassigned","unmapped","none","none","hold","","","",""
"механизировать способ штукатурка","11318","Омская область","2","top","механизированная штукатурка","unassigned","unmapped","none","none","hold","","","",""
"механизируемая штукатурка цена","66","Омск","2","top","механизированная штукатурка","unassigned","commercial","high","signals","landing","","","",""
"механизируемая штукатурка цена","11318","Омская область","2","top","механизированная штукатурка","unassigned","commercial","high","signals","landing","","","",""
"мини баня под ключ","66","Омск","2","top","баня под ключ","assigned","commercial","high","signals","landing","B01","Готовая баня как альтернатива долгой стройке","6","бан* под ключ"
"мини баня под ключ недорого","66","Омск","2","top","баня под ключ","assigned","commercial","high","signals","landing","B01","Готовая баня как альтернатива долгой стройке","6","бан* под ключ"
"мобильная баня 6 2.3","66","Омск","2","top","мобильная баня","assigned","commercial","low","intent-default","landing","B01","Готовая баня как альтернатива долгой стройке","4","мобильн* бан*"
"мобильная баня 6 2.3","11318","Омская область","2","top","мобильная баня","assigned","commercial","low","intent-default","landing","B01","Готовая баня как альтернатива долгой стройке","4","мобильн* бан*"
"мобильная баня аренда","66","Омск","2","top","мобильная баня","assigned","commercial","medium","commercial-head","landing","B01","Готовая баня как альтернатива долгой стройке","4","мобильн* бан*"
"мобильная баня бу","66","Омск","2","top","мобильная баня","assigned","commercial","medium","commercial-head","landing","B01","Готовая баня как альтернатива долгой стройке","4","мобильн* бан*"
"мобильная баня где","11318","Омская область","2","top","мобильная баня","assigned","commercial","medium","intent-tiebreak","landing","B01","Готовая баня как альтернатива долгой стройке","4","мобильн* бан*"
"мобильная баня из дерева","66","Омск","2","top","мобильная баня","assigned","commercial","medium","commercial-head","landing","B01","Готовая баня как альтернатива долгой стройке","4","мобильн* бан*"
"мобильная баня из дерева","11318","Омская область","2","top","мобильная баня","assigned","commercial","medium","commercial-head","landing","B01","Готовая баня как альтернатива долгой стройке","4","мобильн* бан*"
"мобильная баня изготовление","66","Омск","2","top","мобильная баня","assigned","commercial","medium","commercial-head","landing","B01","Готовая баня как альтернатива долгой стройке","4","мобильн* бан*"
"мобильная баня изготовление","11318","Омская область","2","top","мобильная баня","assigned","commercial","medium","commercial-head","landing","B01","Готовая баня как альтернатива долгой стройке","4","мобильн* бан*"
"мобильная баня ключ","66","Омск","2","top","мобильная баня","assigned","commercial","medium","commercial-head","landing","B01","Готовая баня как альтернатива долгой стройке","4","мобильн* бан*"
"мобильная баня красноярск","66","Омск","2","top","мобильная баня","assigned","commercial","medium","commercial-head","landing","B01","Готовая баня как альтернатива долгой стройке","4","мобильн* бан*"
"мобильная баня красноярск","11318","Омская область","2","top","мобильная баня","assigned","commercial","medium","commercial-head","landing","B01","Готовая баня как альтернатива долгой стройке","4","мобильн* бан*"
"мобильная баня крыша","11318","Омская область","2","top","мобильная баня","assigned","commercial","medium","commercial-head","landing","B01","Готовая баня как альтернатива долгой стройке","4","мобильн* бан*"
"мобильная баня купить недорого","66","Омск","2","top","мобильная баня","assigned","commercial","high","signals","landing","B01","Готовая баня как альтернатива долгой стройке","4","мобильн* бан*"
"мобильная баня на прицепе","11318","Омская область","2","top","мобильная баня","assigned","commercial","medium","commercial-head","landing","B01","Готовая баня как альтернатива долгой стройке","4","мобильн* бан*"
"мобильная баня недорого","66","Омск","2","top","мобильная баня","assigned","commercial","high","signals","landing","B01","Готовая баня как альтернатива долгой стройке","4","мобильн* бан*"
"мобильная баня палатка с печкой","66","Омск","2","top","мобильная баня","assigned","commercial","low","intent-default","landing","B01","Готовая баня как альтернатива долгой стройке","4","мобильн* бан*"
"мобильная баня палатка с печкой","11318","Омская область","2","top","мобильная баня","assigned","commercial","low","intent-default","landing","B01","Готовая баня как альтернатива долгой стройке","4","мобильн* бан*"
"мобильная баня палатка с печкой купить","66","Омск","2","top","мобильная баня","assigned","commercial","medium","signals","landing","B01","Готовая баня как альтернатива долгой стройке","4","мобильн* бан*"
"мобильная баня палатка с печкой купить","11318","Омская область","2","top","мобильная баня","assigned","commercial","medium","signals","landing","B01","Готовая баня как альтернатива долгой стройке","4","мобильн* бан*"
"мобильная баня производство","66","Омск","2","top","мобильная баня","assigned","commercial","medium","commercial-head","landing","B01","Готовая баня как альтернатива долгой стройке","4","мобильн* бан*"
"мобильная баня производство","11318","Омская область","2","top","мобильная баня","assigned","commercial","medium","commercial-head","landing","B01","Готовая баня как альтернатива долгой стройке","4","мобильн* бан*"
"мобильная баня с душем","66","Омск","2","top","мобильная баня","assigned","commercial","medium","commercial-head","landing","B01","Готовая баня как альтернатива долгой стройке","4","мобильн* бан*"
"мобильная баня с душем","11318","Омская область","2","top","мобильная баня","assigned","commercial","medium","commercial-head","landing","B01","Готовая баня как альтернатива долгой стройке","4","мобильн* бан*"
"мобильная баня с печкой купить","66","Омск","2","top","мобильная баня","assigned","commercial","medium","signals","landing","B01","Готовая баня как альтернатива долгой стройке","4","мобильн* бан*"
"мобильная баня с печкой купить","11318","Омская область","2","top","мобильная баня","assigned","commercial","medium","signals","landing","B01","Готовая баня как альтернатива долгой стройке","4","мобильн* бан*"
"мобильные бани 6 на 6","66","Омск","2","top","мобильная баня","assigned","commercial","low","intent-default","landing","B01","Готовая баня как альтернатива долгой стройке","4","мобильн* бан*"
"мобильные бани 6 на 6","11318","Омская область","2","top","мобильная баня","assigned","commercial","low","intent-default","landing","B01","Готовая баня как альтернатива долгой стройке","4","мобильн* бан*"
"мобильные бани бытовки","66","Омск","2","top","мобильная баня","assigned","commercial","medium","commercial-head","landing","B01","Готовая баня как альтернатива долгой стройке","4","мобильн* бан*"
"мобильные бани бытовки","11318","Омская область","2","top","мобильная баня","assigned","commercial","medium","commercial-head","landing","B01","Готовая баня как альтернатива долгой стройке","4","мобильн* бан*"
"мобильные бани в омске купить недорого","66","Омск","2","top","мобильная баня","assigned","commercial","high","signals","landing","B01","Готовая баня как альтернатива долгой стройке","4","мобильн* бан*"
"мобильные бани под","66","Омск","2","top","мобильная баня","assigned","commercial","medium","commercial-head","landing","B01","Готовая баня как альтернатива долгой стройке","4","мобильн* бан*"
"мобильные бани под ключ","66","Омск","2","top","мобильная баня","assigned","commercial","high","signals","landing","B01","Готовая баня как альтернатива долгой стройке","10","бан* под ключ|мобильн* бан*"
"мобильные деревянные бани","66","Омск","2","top","мобильная баня","unassigned","unmapped","none","none","hold","","","",""
"мобильные деревянные бани","11318","Омская область","2","top","мобильная баня","unassigned","unmapped","none","none","hold","","","",""
"мобильный дом баня","66","Омск","2","top","мобильная баня","unassigned","unmapped","none","none","hold","","","",""
"мобильный дом баня","11318","Омская область","2","top","мобильная баня","unassigned","unmapped","none","none","hold","","","",""
"можно ли строить баню на участке","11318","Омская область","2","top","баня на участок","assigned","informational","high","signals","guide","B02","Готовая баня или строить на участке","4","строит* бан*"
"монтаж печки в каркасной бане","66","Омск","2","top","каркасная баня","assigned","informational","low","intent-default","guide","B03","Квадро или каркасная баня","4","каркасн* бан*"
"надо ли регистрировать баню на земельном участке","11318","Омская область","2","top","баня на участок","unassigned","unmapped","none","none","hold","","","",""
"надо ли регистрировать баню на участке","11318","Омская область","2","top","баня на участок","unassigned","unmapped","none","none","hold","","","",""
"налог на баню на дачном участке","66","Омск","2","top","баня на участок","unassigned","unmapped","none","none","hold","","","",""
"налог на баню на дачном участке","11318","Омская область","2","top","баня на участок","unassigned","unmapped","none","none","hold","","","",""
"налог на баню на участке сколько","66","Омск","2","top","баня на участок","unassigned","informational","high","signals","guide","","","",""
"налог на баню на участке сколько","11318","Омская область","2","top","баня на участок","unassigned","informational","high","signals","guide","","","",""
"недорогие бани купить с доставкой","66","Омск","2","top","доставка бани","unassigned","commercial","high","signals","landing","","","",""
"недорогие бани купить с доставкой","11318","Омская область","2","top","доставка бани","unassigned","commercial","high","signals","landing","","","",""
"неотапливаемая баня зимой","11318","Омская область","2","top","баня зимой","assigned","informational","low","intent-default","guide","B17","Использование бани зимой в Омске","4","бан* зимой"
"нормы отступов бани на участке","66","Омск","2","top","баня на участок","unassigned","unmapped","none","none","hold","","","",""
"нужно ли регистрировать баню на земельном участке","11318","Омская область","2","top","баня на участок","unassigned","informational","high","signals","guide","","","",""
"оборудование для механизированной штукатурки","66","Омск","2","top","механизированная штукатурка","assigned","commercial","medium","commercial-head","landing","P01","Механизированная или ручная штукатурка","4","механизированн* штукатурк*"
"оборудование для механизированной штукатурки","11318","Омская область","2","top","механизированная штукатурка","assigned","commercial","medium","commercial-head","landing","P01","Механизированная или ручная штукатурка","4","механизированн* штукатурк*"
"огурцы на зиму на водяной бане","66","Омск","2","top","баня зимой","unassigned","unmapped","none","none","hold","","","",""
"оператор бурения скважин","66","Омск","2","top","бурение скважин","unassigned","commercial","medium","commercial-head","landing","","","",""
"определить воду бурение скважины","66","Омск","2","top","бурение скважин","unassigned","commercial","medium","commercial-head","landing","","","",""
"отступы на участке при строительстве бани","11318","Омская область","2","top","баня на участок","assigned","informational","low","intent-default","guide","B02","Готовая баня или строить на участке","8","строит* бан*|строительств* бан*"
"отступы при строительстве бани на земельном участке","11318","Омская область","2","top","баня на участок","assigned","informational","low","intent-default","guide","B02","Готовая баня или строить на участке","8","строит* бан*|строительств* бан*"
"печи в баню с доставкой","11318","Омская область","2","top","доставка бани","assigned","commercial","medium","signals","landing","B10","Стоимость доставки по Омску и области","6","бан* с доставк*"
"печка в каркасной бане","66","Омск","2","top","каркасная баня","assigned","commercial","medium","commercial-head","landing","B03","Квадро или каркасная баня","4","каркасн* бан*"
"печь интент для мобильной бани","66","Омск","2","top","мобильная баня","assigned","commercial","low","intent-default","landing","B01","Готовая баня как альтернатива долгой стройке","4","мобильн* бан*"
"печь интент для мобильной бани","11318","Омская область","2","top","мобильная баня","assigned","commercial","low","intent-default","landing","B01","Готовая баня как альтернатива долгой стройке","4","мобильн* бан*"
"пирог стены каркасной бани","66","Омск","2","top","каркасная баня","assigned","commercial","medium","commercial-head","landing","B03","Квадро или каркасная баня","4","каркасн* бан*"
"план каркасной бани","66","Омск","2","top","каркасная баня","assigned","commercial","medium","commercial-head","landing","B03","Квадро или каркасная баня","4","каркасн* бан*"
"план мобильной бани","66","Омск","2","top","мобильная баня","assigned","commercial","medium","commercial-head","landing","B01","Готовая баня как альтернатива долгой стройке","4","мобильн* бан*"
"план мобильной бани","11318","Омская область","2","top","мобильная баня","assigned","commercial","medium","commercial-head","landing","B01","Готовая баня как альтернатива долгой стройке","4","мобильн* бан*"
"планировка бани на участке","66","Омск","2","top","баня на участок","assigned","commercial","medium","commercial-head","landing","B06","Планировка: парная, мойка и комната отдыха","4","планировк* бан*"
"планировка бани на участке","11318","Омская область","2","top","баня на участок","assigned","commercial","medium","commercial-head","landing","B06","Планировка: парная, мойка и комната отдыха","4","планировк* бан*"
"плитка на пол в каркасной бане","66","Омск","2","top","каркасная баня","assigned","informational","low","intent-default","guide","B03","Квадро или каркасная баня","4","каркасн* бан*"
"площадка под мобильную баню","11318","Омская область","2","top","мобильная баня","assigned","commercial","medium","commercial-head","landing","B01","Готовая баня как альтернатива долгой стройке","4","мобильн* бан*"
"плывун при бурении скважины","66","Омск","2","top","бурение скважин","unassigned","commercial","medium","commercial-head","landing","","","",""
"пологи для бани готовые","66","Омск","2","top","готовая баня","unassigned","unmapped","none","none","hold","","","",""
"пологи для бани готовые","11318","Омская область","2","top","готовая баня","unassigned","unmapped","none","none","hold","","","",""
"поставить баню на участке под ключ","66","Омск","2","top","баня на участок|баня под ключ","unassigned","commercial","high","signals","landing","","","",""
"поставить баню на участке под ключ","11318","Омская область","2","top","баня на участок","unassigned","commercial","high","signals","landing","","","",""
"поставить баню на участке под ключ цена","66","Омск","2","top","баня на участок|баня под ключ","unassigned","commercial","high","signals","landing","","","",""
"поставить баню на участке под ключ цена","11318","Омская область","2","top","баня на участок","unassigned","commercial","high","signals","landing","","","",""
"поставить баню на участке цена","66","Омск","2","top","баня на участок","unassigned","commercial","medium","signals","landing","","","",""
"поставить баню на участке цена","11318","Омская область","2","top","баня на участок","unassigned","commercial","medium","signals","landing","","","",""
"поставить баню под ключ","66","Омск","2","top","баня под ключ","assigned","commercial","high","signals","landing","B01","Готовая баня как альтернатива долгой стройке","6","бан* под ключ"
"поставить баню под ключ цена","66","Омск","2","top","баня под ключ","assigned","commercial","high","signals","landing","B01","Готовая баня как альтернатива долгой стройке","6","бан* под ключ"
"построить баню из бруса под ключ","66","Омск","2","top","баня под ключ","unassigned","commercial","high","signals","landing","","","",""
"постройка бани на участке ижс","66","Омск","2","top","баня на участок","unassigned","unmapped","none","none","hold","","","",""
"постройка бани на участке ижс","11318","Омская область","2","top","баня на участок","unassigned","unmapped","none","none","hold","","","",""
"постройка бани своими руками пошагово каркасной","66","Омск","2","top","каркасная баня","unassigned","informational","high","signals","guide","","","",""
"постройка каркасной бани своими руками","66","Омск","2","top","каркасная баня","assigned","informational","high","signals","guide","B03","Квадро или каркасная баня","4","каркасн* бан*"
"правила расположения бани на участке","66","Омск","2","top","баня на участок","unassigned","unmapped","none","none","hold","","","",""
"правила расположения бани на участке","11318","Омская область","2","top","баня на участок","unassigned","unmapped","none","none","hold","","","",""
"правильный пирог парилки в каркасной бане","66","Омск","2","top","каркасная баня","assigned","informational","low","intent-default","guide","B03","Квадро или каркасная баня","4","каркасн* бан*"
"продажа бани на участке","66","Омск","2","top","баня на участок","unassigned","commercial","high","signals","landing","","","",""
"продажа мобильные бани","11318","Омская область","2","top","мобильная баня","assigned","commercial","high","signals","landing","B01","Готовая баня как альтернатива долгой стройке","4","мобильн* бан*"
"проект бани 5х3 каркасная","66","Омск","2","top","каркасная баня","unassigned","unmapped","none","none","hold","","","",""
"проект гаража бани на участке","66","Омск","2","top","баня на участок","unassigned","unmapped","none","none","hold","","","",""
"проект гаража бани на участке","11318","Омская область","2","top","баня на участок","unassigned","unmapped","none","none","hold","","","",""
"проект дома бани на участке","66","Омск","2","top","баня на участок","unassigned","unmapped","none","none","hold","","","",""
"проект дома гаража бани на участке","66","Омск","2","top","баня на участок","unassigned","unmapped","none","none","hold","","","",""
"проект дома гаража бани на участке","11318","Омская область","2","top","баня на участок","unassigned","unmapped","none","none","hold","","","",""
"проект и стоимость под ключ бани","66","Омск","2","top","баня под ключ","unassigned","commercial","high","signals","landing","","","",""
"проект мобильной бани 6 на 2.3","66","Омск","2","top","мобильная баня","assigned","commercial","low","intent-default","landing","B01","Готовая баня как альтернатива долгой стройке","4","мобильн* бан*"
"проект мобильной бани 6 на 2.3","11318","Омская область","2","top","мобильная баня","assigned","commercial","low","intent-default","landing","B01","Готовая баня как альтернатива долгой стройке","4","мобильн* бан*"
"проекты каркасных бань 4 4","66","Омск","2","top","каркасная баня","assigned","informational","low","intent-default","guide","B03","Квадро или каркасная баня","4","каркасн* бан*"
"производитель мобильных бань","66","Омск","2","top","мобильная баня","assigned","commercial","high","signals","landing","B01","Готовая баня как альтернатива долгой стройке","4","мобильн* бан*"
"производитель мобильных бань","11318","Омская область","2","top","мобильная баня","assigned","commercial","high","signals","landing","B01","Готовая баня как альтернатива долгой стройке","4","мобильн* бан*"
"проходим плывун при бурении скважины","66","Омск","2","top","бурение скважин","unassigned","unmapped","none","none","hold","","","",""
"процесс бурения скважины","66","Омск","2","top","бурение скважин","unassigned","commercial","medium","commercial-head","landing","","","",""
"разместить баню на участке","66","Омск","2","top","баня на участок","unassigned","commercial","medium","commercial-head","landing","","","",""
"разместить баню на участке","11318","Омская область","2","top","баня на участок","unassigned","commercial","medium","commercial-head","landing","","","",""
"расстояние до бани на дачном участке","66","Омск","2","top","баня на участок","unassigned","unmapped","none","none","hold","","","",""
"расстояние до бани на дачном участке","11318","Омская область","2","top","баня на участок","unassigned","unmapped","none","none","hold","","","",""
"расстояние между банями на соседних участках","66","Омск","2","top","баня на участок","unassigned","unmapped","none","none","hold","","","",""
"расстояние между банями на соседних участках","11318","Омская область","2","top","баня на участок","unassigned","unmapped","none","none","hold","","","",""
"расстояние постройки бани на участке","66","Омск","2","top","баня на участок","unassigned","unmapped","none","none","hold","","","",""
"расстояния на участке бани от границ","66","Омск","2","top","баня на участок","unassigned","unmapped","none","none","hold","","","",""
"расчет фундамента под баню","66","Омск","2","top","фундамент под баню","unassigned","unmapped","none","none","hold","","","",""
"расчет фундамента под баню","11318","Омская область","2","top","фундамент под баню","unassigned","unmapped","none","none","hold","","","",""
"регистрируем баню на земельном участке","66","Омск","2","top","баня на участок","unassigned","unmapped","none","none","hold","","","",""
"сборка мобильной бани","11318","Омская область","2","top","мобильная баня","assigned","commercial","medium","commercial-head","landing","B01","Готовая баня как альтернатива долгой стройке","4","мобильн* бан*"
"скважина в бане зимой","66","Омск","2","top","баня зимой","assigned","informational","low","intent-default","guide","B17","Использование бани зимой в Омске","4","бан* зимой"
"скважина в бане зимой","11318","Омская область","2","top","баня зимой","assigned","informational","low","intent-default","guide","B17","Использование бани зимой в Омске","4","бан* зимой"
"скважина на воду глубина бурения","66","Омск","2","top","бурение скважин","unassigned","unmapped","none","none","hold","","","",""
"сколько будет стоить доставка бани","11318","Омская область","2","top","доставка бани","assigned","informational","medium","signals","guide","B10","Стоимость доставки по Омску и области","4","доставк* бан*"
"сколько заливать фундамент под баню","66","Омск","2","top","фундамент под баню","assigned","informational","high","signals","guide","B14","Фундамент для мобильной или готовой бани","6","фундамент под бан*"
"сколько заливать фундамент под баню","11318","Омская область","2","top","фундамент под баню","assigned","informational","high","signals","guide","B14","Фундамент для мобильной или готовой бани","6","фундамент под бан*"
"сколько от забора баня на участке","66","Омск","2","top","баня на участок","unassigned","informational","high","signals","guide","","","",""
"сколько от забора баня на участке","11318","Омская область","2","top","баня на участок","unassigned","informational","high","signals","guide","","","",""
"сколько стоит готовая баня под ключ","11318","Омская область","2","top","готовая баня","assigned","commercial","high","signals","landing","B08","Что входит в баню под ключ","12","бан* под ключ|готов* бан* под ключ"
"сколько стоит доставка бани","11318","Омская область","2","top","доставка бани","assigned","commercial","medium","signals","landing","B10","Стоимость доставки по Омску и области","4","доставк* бан*"
"сколько стоит залить фундамент под баню","66","Омск","2","top","фундамент под баню","assigned","informational","medium","intent-tiebreak","guide","B14","Фундамент для мобильной или готовой бани","6","фундамент под бан*"
"сколько стоит залить фундамент под баню","11318","Омская область","2","top","фундамент под баню","assigned","informational","medium","intent-tiebreak","guide","B14","Фундамент для мобильной или готовой бани","6","фундамент под бан*"
"сколько стоит кедровая баня","66","Омск","2","top","кедровая баня","assigned","commercial","high","signals","landing","B20","Кедр против сосны и ели","4","кедров* бан*"
"сколько стоит кедровая баня","11318","Омская область","2","top","кедровая баня","assigned","commercial","high","signals","landing","B20","Кедр против сосны и ели","4","кедров* бан*"
"слив бани зимой","66","Омск","2","top","баня зимой","assigned","informational","low","intent-default","guide","B17","Использование бани зимой в Омске","4","бан* зимой"
"снять мобильную баню","66","Омск","2","top","мобильная баня","assigned","commercial","medium","commercial-head","landing","B01","Готовая баня как альтернатива долгой стройке","4","мобильн* бан*"
"снять мобильную баню","11318","Омская область","2","top","мобильная баня","assigned","commercial","medium","commercial-head","landing","B01","Готовая баня как альтернатива долгой стройке","4","мобильн* бан*"
"сруб кедровой бани","11318","Омская область","2","top","кедровая баня","assigned","commercial","medium","commercial-head","landing","B20","Кедр против сосны и ели","4","кедров* бан*"
"стоимость бани под ключ проекты и цены","66","Омск","2","top","баня под ключ","assigned","commercial","high","signals","landing","B01","Готовая баня как альтернатива долгой стройке","6","бан* под ключ"
"стоимость баня под ключ цена","66","Омск","2","top","баня под ключ","assigned","commercial","high","signals","landing","B09","Итоговая цена и доплаты","10","стоимост* бан*|бан* под ключ цен*"
"строительство бани дома на участке","11318","Омская область","2","top","баня на участок","assigned","informational","low","intent-default","guide","B02","Готовая баня или строить на участке","8","строит* бан*|строительств* бан*"
"строительство бани на участке ижс","66","Омск","2","top","баня на участок","assigned","informational","low","intent-default","guide","B02","Готовая баня или строить на участке","8","строит* бан*|строительств* бан*"
"строительство бани на участке ижс","11318","Омская область","2","top","баня на участок","assigned","informational","low","intent-default","guide","B02","Готовая баня или строить на участке","8","строит* бан*|строительств* бан*"
"строительство бани на участке снт","66","Омск","2","top","баня на участок","assigned","informational","low","intent-default","guide","B02","Готовая баня или строить на участке","8","строит* бан*|строительств* бан*"
"строительство бани на участке снт","11318","Омская область","2","top","баня на участок","assigned","informational","low","intent-default","guide","B02","Готовая баня или строить на участке","8","строит* бан*|строительств* бан*"
"строить бани под ключ","66","Омск","2","top","баня под ключ","assigned","commercial","high","signals","landing","B02","Готовая баня или строить на участке","10","строит* бан*|бан* под ключ"
"схема каркасной бани 6х4","66","Омск","2","top","каркасная баня","assigned","commercial","medium","commercial-head","landing","B03","Квадро или каркасная баня","4","каркасн* бан*"
"тумбы под баню вместо фундамента","66","Омск","2","top","фундамент под баню","unassigned","unmapped","none","none","hold","","","",""
"тумбы под баню вместо фундамента","11318","Омская область","2","top","фундамент под баню","unassigned","unmapped","none","none","hold","","","",""
"ударно канатное бурение скважин","66","Омск","2","top","бурение скважин","unassigned","commercial","medium","commercial-head","landing","","","",""
"ударное бурение скважин","66","Омск","2","top","бурение скважин","unassigned","commercial","medium","commercial-head","landing","","","",""
"ударный метод бурения скважин","66","Омск","2","top","бурение скважин","unassigned","commercial","medium","commercial-head","landing","","","",""
"укладка кирпичом под фундамент под баню","11318","Омская область","2","top","фундамент под баню","assigned","informational","low","intent-default","guide","B14","Фундамент для мобильной или готовой бани","6","фундамент под бан*"
"фундамент под баню 3 на 3","66","Омск","2","top","фундамент под баню","assigned","informational","low","intent-default","guide","B14","Фундамент для мобильной или готовой бани","6","фундамент под бан*"
"фундамент под баню 5х3","66","Омск","2","top","фундамент под баню","assigned","informational","low","intent-default","guide","B14","Фундамент для мобильной или готовой бани","6","фундамент под бан*"
"фундамент под баню 5х3","11318","Омская область","2","top","фундамент под баню","assigned","informational","low","intent-default","guide","B14","Фундамент для мобильной или готовой бани","6","фундамент под бан*"
"фундамент под баню 6 4","66","Омск","2","top","фундамент под баню","assigned","informational","low","intent-default","guide","B14","Фундамент для мобильной или готовой бани","6","фундамент под бан*"
"фундамент под баню 6 4","11318","Омская область","2","top","фундамент под баню","assigned","informational","low","intent-default","guide","B14","Фундамент для мобильной или готовой бани","6","фундамент под бан*"
"фундамент под баню 6 5","66","Омск","2","top","фундамент под баню","assigned","informational","low","intent-default","guide","B14","Фундамент для мобильной или готовой бани","6","фундамент под бан*"
"фундамент под баню 6 5","11318","Омская область","2","top","фундамент под баню","assigned","informational","low","intent-default","guide","B14","Фундамент для мобильной или готовой бани","6","фундамент под бан*"
"фундамент под баню 6 на 6","66","Омск","2","top","фундамент под баню","assigned","informational","low","intent-default","guide","B14","Фундамент для мобильной или готовой бани","6","фундамент под бан*"
"фундамент под баню 6х4","66","Омск","2","top","фундамент под баню","assigned","informational","low","intent-default","guide","B14","Фундамент для мобильной или готовой бани","6","фундамент под бан*"
"фундамент под баню 6х4","11318","Омская область","2","top","фундамент под баню","assigned","informational","low","intent-default","guide","B14","Фундамент для мобильной или готовой бани","6","фундамент под бан*"
"фундамент под баню 6х4 своими руками","66","Омск","2","top","фундамент под баню","assigned","informational","high","signals","guide","B14","Фундамент для мобильной или готовой бани","6","фундамент под бан*"
"фундамент под баню 6х4 своими руками","11318","Омская область","2","top","фундамент под баню","assigned","informational","high","signals","guide","B14","Фундамент для мобильной или готовой бани","6","фундамент под бан*"
"фундамент под баню под ключ","66","Омск","2","top","фундамент под баню","assigned","commercial","high","signals","landing","B01","Готовая баня как альтернатива долгой стройке","6","бан* под ключ"
"фундамент под баню под ключ","11318","Омская область","2","top","фундамент под баню","assigned","commercial","high","signals","landing","B01","Готовая баня как альтернатива долгой стройке","6","бан* под ключ"
"фундамент под баню пропорции","66","Омск","2","top","фундамент под баню","assigned","informational","low","intent-default","guide","B14","Фундамент для мобильной или готовой бани","6","фундамент под бан*"
"фундамент под баню пропорции","11318","Омская область","2","top","фундамент под баню","assigned","informational","low","intent-default","guide","B14","Фундамент для мобильной или готовой бани","6","фундамент под бан*"
"фундамент под баню сваи","66","Омск","2","top","фундамент под баню","assigned","informational","low","intent-default","guide","B14","Фундамент для мобильной или готовой бани","6","фундамент под бан*"
"фундамент под баню сваи","11318","Омская область","2","top","фундамент под баню","assigned","informational","low","intent-default","guide","B14","Фундамент для мобильной или готовой бани","6","фундамент под бан*"
"фундамент под маленькую баню","66","Омск","2","top","фундамент под баню","unassigned","unmapped","none","none","hold","","","",""
"фундамент под маленькую баню","11318","Омская область","2","top","фундамент под баню","unassigned","unmapped","none","none","hold","","","",""
"фундамент под сруб бани","11318","Омская область","2","top","фундамент под баню","unassigned","unmapped","none","none","hold","","","",""
"хозблок и баня на участке","66","Омск","2","top","баня на участок","unassigned","unmapped","none","none","hold","","","",""
"хозблок и баня на участке","11318","Омская область","2","top","баня на участок","unassigned","unmapped","none","none","hold","","","",""
"хотите построить баню на участке","11318","Омская область","2","top","баня на участок","unassigned","unmapped","none","none","hold","","","",""
"хочу баню на участке","11318","Омская область","2","top","баня на участок","unassigned","commercial","medium","commercial-head","landing","","","",""
"что значит бурение скважины","66","Омск","2","top","бурение скважин","unassigned","commercial","low","signals-tie","landing","","","",""
"что значит бурение скважины на песок","66","Омск","2","top","бурение скважин","unassigned","informational","high","signals","guide","","","",""
"штукатурка механизированная мешок","66","Омск","2","top","механизированная штукатурка","unassigned","unmapped","none","none","hold","","","",""
"штукатурка механизированная мешок","11318","Омская область","2","top","механизированная штукатурка","unassigned","unmapped","none","none","hold","","","",""
"штукатурка механизированная мешок цена","66","Омск","2","top","механизированная штукатурка","unassigned","commercial","medium","signals","landing","","","",""
"штукатурка механизированная мешок цена","11318","Омская область","2","top","механизированная штукатурка","unassigned","commercial","medium","signals","landing","","","",""
"штукатурка механизированным способом","66","Омск","2","top","механизированная штукатурка","unassigned","unmapped","none","none","hold","","","",""
"штукатурка механизированным способом","11318","Омская область","2","top","механизированная штукатурка","unassigned","unmapped","none","none","hold","","","",""
"штукатурка стен механизированным способом","66","Омск","2","top","механизированная штукатурка","unassigned","unmapped","none","none","hold","","","",""
"штукатурка стен механизированным способом","11318","Омская область","2","top","механизированная штукатурка","unassigned","unmapped","none","none","hold","","","",""
"штукатурка стен механизированным способом своими руками","66","Омск","2","top","механизированная штукатурка","unassigned","informational","high","signals","guide","","","",""
"штукатурка стен механизированным способом своими руками","11318","Омская область","2","top","механизированная штукатурка","unassigned","informational","high","signals","guide","","","",""
"аренда штукатурной станции для механизированной штукатурки","11318","Омская область","1","top","механизированная штукатурка","assigned","informational","low","intent-default","guide","P01","Механизированная или ручная штукатурка","4","механизированн* штукатурк*"
"бак баня зимой","11318","Омская область","1","top","баня зимой","assigned","informational","low","intent-default","guide","B17","Использование бани зимой в Омске","4","бан* зимой"
"бани готовые из бруса цены","66","Омск","1","top","готовая баня","unassigned","commercial","medium","signals","landing","","","",""
"бани готовые из бруса цены","11318","Омская область","1","top","готовая баня","unassigned","commercial","medium","signals","landing","","","",""
"бани из бруса зимой","11318","Омская область","1","top","баня зимой","unassigned","unmapped","none","none","hold","","","",""
"бани из бруса с доставкой","66","Омск","1","top","доставка бани","unassigned","commercial","medium","signals","landing","","","",""
"бани из бруса с доставкой","11318","Омская область","1","top","доставка бани","unassigned","commercial","medium","signals","landing","","","",""
"бани модульные на участок","66","Омск","1","top","баня на участок","unassigned","unmapped","none","none","hold","","","",""
"бани модульные на участок","11318","Омская область","1","top","баня на участок","unassigned","unmapped","none","none","hold","","","",""
"бани с доставкой москва","66","Омск","1","top","доставка бани","assigned","commercial","medium","signals","landing","B10","Стоимость доставки по Омску и области","6","бан* с доставк*"
"бани с доставкой москва","11318","Омская область","1","top","доставка бани","assigned","commercial","medium","signals","landing","B10","Стоимость доставки по Омску и области","6","бан* с доставк*"
"баню надо оформлять на участке","66","Омск","1","top","баня на участок","unassigned","unmapped","none","none","hold","","","",""
"баню надо оформлять на участке","11318","Омская область","1","top","баня на участок","unassigned","unmapped","none","none","hold","","","",""
"баню нужно регистрировать на земельном участке","66","Омск","1","top","баня на участок","unassigned","informational","high","signals","guide","","","",""
"баня 2х2","66","Омск","1","top","баня 2х2","assigned","commercial","medium","commercial-head","landing","B04","Как выбрать размер 2×2, 3×2 или 4×2","8","бан* 2х2|бан* 2×2"
"баня 2х2 своими руками","66","Омск","1","top","баня 2х2","assigned","informational","medium","signals","guide","B04","Как выбрать размер 2×2, 3×2 или 4×2","8","бан* 2х2|бан* 2×2"
"баня 2х2 своими руками","11318","Омская область","1","top","баня 2х2","assigned","informational","medium","signals","guide","B04","Как выбрать размер 2×2, 3×2 или 4×2","8","бан* 2х2|бан* 2×2"
"баня 3 4 готовая","11318","Омская область","1","top","готовая баня","unassigned","unmapped","none","none","hold","","","",""
"баня 4х2 5","66","Омск","1","top","баня 4х2","assigned","commercial","medium","commercial-head","landing","B04","Как выбрать размер 2×2, 3×2 или 4×2","8","бан* 4х2|бан* 4×2"
"баня 4х2 5","11318","Омская область","1","top","баня 4х2","assigned","commercial","medium","commercial-head","landing","B04","Как выбрать размер 2×2, 3×2 или 4×2","8","бан* 4х2|бан* 4×2"
"баня 4х2 каркасная","11318","Омская область","1","top","баня 4х2","assigned","commercial","medium","commercial-head","landing","B04","Как выбрать размер 2×2, 3×2 или 4×2","8","бан* 4х2|бан* 4×2"
"баня 4х2 планировка","66","Омск","1","top","баня 4х2","assigned","commercial","medium","commercial-head","landing","B04","Как выбрать размер 2×2, 3×2 или 4×2","8","бан* 4х2|бан* 4×2"
"баня 4х2 планировка","11318","Омская область","1","top","баня 4х2","assigned","commercial","medium","commercial-head","landing","B04","Как выбрать размер 2×2, 3×2 или 4×2","8","бан* 4х2|бан* 4×2"
"баня бочка 4х2","66","Омск","1","top","баня 4х2","unassigned","unmapped","none","none","hold","","","",""
"баня бочка 4х2","11318","Омская область","1","top","баня 4х2","unassigned","unmapped","none","none","hold","","","",""
"баня готовая 4 4","66","Омск","1","top","готовая баня","unassigned","unmapped","none","none","hold","","","",""
"баня готовая 5 4","66","Омск","1","top","готовая баня","unassigned","unmapped","none","none","hold","","","",""
"баня готовая беларусь купить цена","66","Омск","1","top","готовая баня","unassigned","commercial","high","signals","landing","","","",""
"баня готовая беларусь купить цена","11318","Омская область","1","top","готовая баня","unassigned","commercial","high","signals","landing","","","",""
"баня зима пхукет","66","Омск","1","top","баня зимой","unassigned","unmapped","none","none","hold","","","",""
"баня зима пхукет","11318","Омская область","1","top","баня зимой","unassigned","unmapped","none","none","hold","","","",""
"баня зимой на даче","66","Омск","1","top","баня зимой","assigned","informational","low","intent-default","guide","B17","Использование бани зимой в Омске","4","бан* зимой"
"баня зимой на даче","11318","Омская область","1","top","баня зимой","assigned","informational","low","intent-default","guide","B17","Использование бани зимой в Омске","4","бан* зимой"
"баня зимой отзывы","66","Омск","1","top","баня зимой","assigned","informational","low","intent-default","guide","B17","Использование бани зимой в Омске","4","бан* зимой"
"баня зимой отзывы","11318","Омская область","1","top","баня зимой","assigned","informational","low","intent-default","guide","B17","Использование бани зимой в Омске","4","бан* зимой"
"баня и летняя кухня на участке","11318","Омская область","1","top","баня на участок","unassigned","unmapped","none","none","hold","","","",""
"баня из бруса под ключ с доставкой","66","Омск","1","top","доставка бани","unassigned","commercial","high","signals","landing","","","",""
"баня из бруса под ключ с доставкой","11318","Омская область","1","top","доставка бани","unassigned","commercial","high","signals","landing","","","",""
"баня кухня на участке","11318","Омская область","1","top","баня на участок","unassigned","unmapped","none","none","hold","","","",""
"баня на арендованном участке","66","Омск","1","top","баня на участок","unassigned","unmapped","none","none","hold","","","",""
"баня на арендованном участке","11318","Омская область","1","top","баня на участок","unassigned","unmapped","none","none","hold","","","",""
"баня на дачном участке закон","66","Омск","1","top","баня на участок","unassigned","unmapped","none","none","hold","","","",""
"баня на каком расстоянии от соседского участка","66","Омск","1","top","баня на участок","unassigned","unmapped","none","none","hold","","","",""
"баня на каком расстоянии от соседского участка","11318","Омская область","1","top","баня на участок","unassigned","unmapped","none","none","hold","","","",""
"баня на участке 10 соток","66","Омск","1","top","баня на участок","unassigned","unmapped","none","none","hold","","","",""
"баня на участке 12 соток","66","Омск","1","top","баня на участок","unassigned","unmapped","none","none","hold","","","",""
"баня на участке 2 сотки","66","Омск","1","top","баня на участок","unassigned","unmapped","none","none","hold","","","",""
"баня на участке 3 сотки","66","Омск","1","top","баня на участок","unassigned","unmapped","none","none","hold","","","",""
"баня на участке 3 сотки","11318","Омская область","1","top","баня на участок","unassigned","unmapped","none","none","hold","","","",""
"баня на участке 4 сотки","11318","Омская область","1","top","баня на участок","unassigned","unmapped","none","none","hold","","","",""
"баня на участке 5 соток","66","Омск","1","top","баня на участок","unassigned","unmapped","none","none","hold","","","",""
"баня на участке ижс нормы","66","Омск","1","top","баня на участок","unassigned","unmapped","none","none","hold","","","",""
"баня на участке ижс нормы","11318","Омская область","1","top","баня на участок","unassigned","unmapped","none","none","hold","","","",""
"баня на участке недорого","66","Омск","1","top","баня на участок","unassigned","commercial","high","signals","landing","","","",""
"баня на участке нормы расстояния","66","Омск","1","top","баня на участок","unassigned","unmapped","none","none","hold","","","",""
"баня на участке от соседей","66","Омск","1","top","баня на участок","unassigned","unmapped","none","none","hold","","","",""
"баня на участке своими руками","11318","Омская область","1","top","баня на участок","unassigned","informational","high","signals","guide","","","",""
"баня на участке снт нормы расположения","66","Омск","1","top","баня на участок","unassigned","unmapped","none","none","hold","","","",""
"баня на участке снт нормы расположения","11318","Омская область","1","top","баня на участок","unassigned","unmapped","none","none","hold","","","",""
"баня на участке требования","66","Омск","1","top","баня на участок","unassigned","commercial","medium","commercial-head","landing","","","",""
"баня на участок 4 на 3","66","Омск","1","top","баня на участок","unassigned","unmapped","none","none","hold","","","",""
"баня на участок купить","66","Омск","1","top","баня на участок","unassigned","commercial","medium","signals","landing","","","",""
"баня на участок на что установить","66","Омск","1","top","баня на участок","unassigned","informational","high","signals","guide","","","",""
"баня на участок на что установить","11318","Омская область","1","top","баня на участок","unassigned","informational","high","signals","guide","","","",""
"баня на частном участке","66","Омск","1","top","баня на участок","unassigned","unmapped","none","none","hold","","","",""
"баня на частном участке","11318","Омская область","1","top","баня на участок","unassigned","unmapped","none","none","hold","","","",""
"баня от границы участка на каком","66","Омск","1","top","баня на участок","unassigned","unmapped","none","none","hold","","","",""
"баня от границы участка на каком расстоянии","66","Омск","1","top","баня на участок","unassigned","unmapped","none","none","hold","","","",""
"баня под ключ в беларуси цены готовая","66","Омск","1","top","готовая баня","assigned","commercial","high","signals","landing","B01","Готовая баня как альтернатива долгой стройке","6","бан* под ключ"
"баня под ключ в беларуси цены готовая","11318","Омская область","1","top","готовая баня","assigned","commercial","high","signals","landing","B01","Готовая баня как альтернатива долгой стройке","6","бан* под ключ"
"баня под ключ сборка на участке","66","Омск","1","top","баня на участок","assigned","commercial","high","signals","landing","B01","Готовая баня как альтернатива долгой стройке","6","бан* под ключ"
"баня построена на границе участка","66","Омск","1","top","баня на участок","unassigned","unmapped","none","none","hold","","","",""
"баня построена на границе участка","11318","Омская область","1","top","баня на участок","unassigned","unmapped","none","none","hold","","","",""
"баня с бассейном на участке","66","Омск","1","top","баня на участок","unassigned","unmapped","none","none","hold","","","",""
"баня с террасой на участке","66","Омск","1","top","баня на участок","unassigned","unmapped","none","none","hold","","","",""
"баня с террасой на участке","11318","Омская область","1","top","баня на участок","unassigned","unmapped","none","none","hold","","","",""
"баня сауна на участок","66","Омск","1","top","баня на участок","unassigned","unmapped","none","none","hold","","","",""
"баня сауна на участок","11318","Омская область","1","top","баня на участок","unassigned","unmapped","none","none","hold","","","",""
"баня со сборкой на участке","66","Омск","1","top","баня на участок","unassigned","unmapped","none","none","hold","","","",""
"баня собрать на участке","66","Омск","1","top","баня на участок","unassigned","unmapped","none","none","hold","","","",""
"баня собрать на участке","11318","Омская область","1","top","баня на участок","unassigned","unmapped","none","none","hold","","","",""
"баня соседей на границе участка","66","Омск","1","top","баня на участок","unassigned","unmapped","none","none","hold","","","",""
"баня соседей на границе участка","11318","Омская область","1","top","баня на участок","unassigned","unmapped","none","none","hold","","","",""
"баня строительство мобильная","66","Омск","1","top","мобильная баня","unassigned","unmapped","none","none","hold","","","",""
"баня строительство мобильная","11318","Омская область","1","top","мобильная баня","unassigned","unmapped","none","none","hold","","","",""
"бетонный фундамент под баню","66","Омск","1","top","фундамент под баню","assigned","informational","low","intent-default","guide","B14","Фундамент для мобильной или готовой бани","6","фундамент под бан*"
"бетонный фундамент под баню","11318","Омская область","1","top","фундамент под баню","assigned","informational","low","intent-default","guide","B14","Фундамент для мобильной или готовой бани","6","фундамент под бан*"
"видео готовых бань","66","Омск","1","top","готовая баня","assigned","commercial","medium","commercial-head","landing","B01","Готовая баня как альтернатива долгой стройке","4","готов* бан*"
"видео готовых бань","11318","Омская область","1","top","готовая баня","assigned","commercial","medium","commercial-head","landing","B01","Готовая баня как альтернатива долгой стройке","4","готов* бан*"
"видео фундаменты под баню","66","Омск","1","top","фундамент под баню","unassigned","unmapped","none","none","hold","","","",""
"винтовой фундамент под баню","66","Омск","1","top","фундамент под баню","assigned","informational","low","intent-default","guide","B14","Фундамент для мобильной или готовой бани","6","фундамент под бан*"
"винтовой фундамент под баню","11318","Омская область","1","top","фундамент под баню","assigned","informational","low","intent-default","guide","B14","Фундамент для мобильной или готовой бани","6","фундамент под бан*"
"водопровод в баню зимой","11318","Омская область","1","top","баня зимой","assigned","informational","low","intent-default","guide","B17","Использование бани зимой в Омске","4","бан* зимой"
"воду в баке бани зимой","11318","Омская область","1","top","баня зимой","assigned","informational","low","intent-default","guide","B17","Использование бани зимой в Омске","4","бан* зимой"
"высота ленточного фундамента под баню","66","Омск","1","top","фундамент под баню","unassigned","unmapped","none","none","hold","","","",""
"высота ленточного фундамента под баню","11318","Омская область","1","top","фундамент под баню","unassigned","unmapped","none","none","hold","","","",""
"где поставить баню на участке","11318","Омская область","1","top","баня на участок","unassigned","informational","high","signals","guide","","","",""
"гидроизоляция фундамента под баню","11318","Омская область","1","top","фундамент под баню","unassigned","unmapped","none","none","hold","","","",""
"гостевой бани на участке","11318","Омская область","1","top","баня на участок","unassigned","commercial","medium","commercial-head","landing","","","",""
"готовая баня 2 2","66","Омск","1","top","готовая баня","assigned","commercial","medium","commercial-head","landing","B01","Готовая баня как альтернатива долгой стройке","4","готов* бан*"
"готовая баня 2 3","66","Омск","1","top","готовая баня","assigned","commercial","medium","commercial-head","landing","B01","Готовая баня как альтернатива долгой стройке","4","готов* бан*"
"готовая баня 2 3","11318","Омская область","1","top","готовая баня","assigned","commercial","medium","commercial-head","landing","B01","Готовая баня как альтернатива долгой стройке","4","готов* бан*"
"готовая баня 5 5","66","Омск","1","top","готовая баня","assigned","commercial","medium","commercial-head","landing","B01","Готовая баня как альтернатива долгой стройке","4","готов* бан*"
"готовая баня беларусь недорого","66","Омск","1","top","готовая баня","assigned","commercial","high","signals","landing","B01","Готовая баня как альтернатива долгой стройке","4","готов* бан*"
"готовая баня беларусь недорого","11318","Омская область","1","top","готовая баня","assigned","commercial","high","signals","landing","B01","Готовая баня как альтернатива долгой стройке","4","готов* бан*"
"готовая баня из бруса под ключ цена","66","Омск","1","top","готовая баня","assigned","commercial","high","signals","landing","B01","Готовая баня как альтернатива долгой стройке","4","готов* бан*"
"готовая баня из бруса под ключ цена","11318","Омская область","1","top","готовая баня","assigned","commercial","high","signals","landing","B01","Готовая баня как альтернатива долгой стройке","4","готов* бан*"
"готовая баня под ключ авито","11318","Омская область","1","top","готовая баня","assigned","commercial","high","signals","landing","B08","Что входит в баню под ключ","12","бан* под ключ|готов* бан* под ключ"
"готовая планировка бани","66","Омск","1","top","готовая баня","assigned","informational","low","intent-default","guide","B06","Планировка: парная, мойка и комната отдыха","4","планировк* бан*"
"готовая планировка бани","11318","Омская область","1","top","готовая баня","assigned","informational","low","intent-default","guide","B06","Планировка: парная, мойка и комната отдыха","4","планировк* бан*"
"готовые бани 2 4","11318","Омская область","1","top","готовая баня","assigned","commercial","medium","commercial-head","landing","B01","Готовая баня как альтернатива долгой стройке","4","готов* бан*"
"готовые бани 5 6","11318","Омская область","1","top","готовая баня","assigned","commercial","medium","commercial-head","landing","B01","Готовая баня как альтернатива долгой стройке","4","готов* бан*"
"готовые бани бревно","66","Омск","1","top","готовая баня","assigned","commercial","medium","commercial-head","landing","B01","Готовая баня как альтернатива долгой стройке","4","готов* бан*"
"готовые бани бревно","11318","Омская область","1","top","готовая баня","assigned","commercial","medium","commercial-head","landing","B01","Готовая баня как альтернатива долгой стройке","4","готов* бан*"
"готовые бани бруса под","66","Омск","1","top","готовая баня","assigned","commercial","medium","commercial-head","landing","B01","Готовая баня как альтернатива долгой стройке","4","готов* бан*"
"готовые бани бруса под","11318","Омская область","1","top","готовая баня","assigned","commercial","medium","commercial-head","landing","B01","Готовая баня как альтернатива долгой стройке","4","готов* бан*"
"готовые бани в беларуси","66","Омск","1","top","готовая баня","assigned","commercial","medium","commercial-head","landing","B01","Готовая баня как альтернатива долгой стройке","4","готов* бан*"
"готовые бани в беларуси","11318","Омская область","1","top","готовая баня","assigned","commercial","medium","commercial-head","landing","B01","Готовая баня как альтернатива долгой стройке","4","готов* бан*"
"готовые бани в беларуси цены","66","Омск","1","top","готовая баня","assigned","commercial","medium","signals","landing","B01","Готовая баня как альтернатива долгой стройке","4","готов* бан*"
"готовые бани в беларуси цены","11318","Омская область","1","top","готовая баня","assigned","commercial","medium","signals","landing","B01","Готовая баня как альтернатива долгой стройке","4","готов* бан*"
"готовые бани из бруса под ключ","66","Омск","1","top","готовая баня","assigned","commercial","high","signals","landing","B01","Готовая баня как альтернатива долгой стройке","4","готов* бан*"
"готовые бани из бруса под ключ","11318","Омская область","1","top","готовая баня","assigned","commercial","high","signals","landing","B01","Готовая баня как альтернатива долгой стройке","4","готов* бан*"
"готовые бани из газобетона","66","Омск","1","top","готовая баня","assigned","commercial","medium","commercial-head","landing","B01","Готовая баня как альтернатива долгой стройке","4","готов* бан*"
"готовые бани из газобетона","11318","Омская область","1","top","готовая баня","assigned","commercial","medium","commercial-head","landing","B01","Готовая баня как альтернатива долгой стройке","4","готов* бан*"
"готовые бани красноярск","66","Омск","1","top","готовая баня","assigned","commercial","medium","commercial-head","landing","B01","Готовая баня как альтернатива долгой стройке","4","готов* бан*"
"готовые бани красноярск","11318","Омская область","1","top","готовая баня","assigned","commercial","medium","commercial-head","landing","B01","Готовая баня как альтернатива долгой стройке","4","готов* бан*"
"готовые бани на дровах","11318","Омская область","1","top","готовая баня","assigned","commercial","medium","commercial-head","landing","B01","Готовая баня как альтернатива долгой стройке","4","готов* бан*"
"готовые бани под ключ беларусь","66","Омск","1","top","готовая баня","assigned","commercial","high","signals","landing","B08","Что входит в баню под ключ","12","бан* под ключ|готов* бан* под ключ"
"готовые бани под ключ беларусь","11318","Омская область","1","top","готовая баня","assigned","commercial","high","signals","landing","B08","Что входит в баню под ключ","12","бан* под ключ|готов* бан* под ключ"
"готовые бани с доставкой в беларусь","66","Омск","1","top","готовая баня|доставка бани","assigned","commercial","medium","signals","landing","B10","Стоимость доставки по Омску и области","6","бан* с доставк*"
"готовые бани с доставкой в беларусь","11318","Омская область","1","top","готовая баня|доставка бани","assigned","commercial","medium","signals","landing","B10","Стоимость доставки по Омску и области","6","бан* с доставк*"
"готовые бани с террасой","11318","Омская область","1","top","готовая баня","assigned","commercial","medium","commercial-head","landing","B01","Готовая баня как альтернатива долгой стройке","4","готов* бан*"
"готовые бани сауны","66","Омск","1","top","готовая баня","assigned","commercial","medium","commercial-head","landing","B01","Готовая баня как альтернатива долгой стройке","4","готов* бан*"
"готовые бани сауны","11318","Омская область","1","top","готовая баня","assigned","commercial","medium","commercial-head","landing","B01","Готовая баня как альтернатива долгой стройке","4","готов* бан*"
"готовые бани сколько стоить","66","Омск","1","top","готовая баня","assigned","commercial","medium","intent-tiebreak","landing","B01","Готовая баня как альтернатива долгой стройке","4","готов* бан*"
"готовые бани сколько стоить","11318","Омская область","1","top","готовая баня","assigned","commercial","medium","intent-tiebreak","landing","B01","Готовая баня как альтернатива долгой стройке","4","готов* бан*"
"готовые варианты бань","66","Омск","1","top","готовая баня","unassigned","unmapped","none","none","hold","","","",""
"готовые варианты бань","11318","Омская область","1","top","готовая баня","unassigned","unmapped","none","none","hold","","","",""
"готовые мобильные бани ключ","66","Омск","1","top","готовая баня|мобильная баня","assigned","commercial","medium","commercial-head","landing","B01","Готовая баня как альтернатива долгой стройке","4","мобильн* бан*"
"готовые мобильные бани ключ","11318","Омская область","1","top","готовая баня|мобильная баня","assigned","commercial","medium","commercial-head","landing","B01","Готовая баня как альтернатива долгой стройке","4","мобильн* бан*"
"готовые мобильные бани под ключ","66","Омск","1","top","готовая баня|мобильная баня","assigned","commercial","high","signals","landing","B01","Готовая баня как альтернатива долгой стройке","10","бан* под ключ|мобильн* бан*"
"готовые мобильные бани под ключ","11318","Омская область","1","top","готовая баня|мобильная баня","assigned","commercial","high","signals","landing","B01","Готовая баня как альтернатива долгой стройке","10","бан* под ключ|мобильн* бан*"
"готовые проекты бань из газобетона","66","Омск","1","top","готовая баня","unassigned","unmapped","none","none","hold","","","",""
"готовые проекты бань из газобетона","11318","Омская область","1","top","готовая баня","unassigned","unmapped","none","none","hold","","","",""
"готовый бизнес бани сауны","66","Омск","1","top","готовая баня","unassigned","unmapped","none","none","hold","","","",""
"готовый бизнес бани сауны","11318","Омская область","1","top","готовая баня","unassigned","unmapped","none","none","hold","","","",""
"границы бани на земельном участке","66","Омск","1","top","баня на участок","unassigned","unmapped","none","none","hold","","","",""
"границы бани на земельном участке","11318","Омская область","1","top","баня на участок","unassigned","unmapped","none","none","hold","","","",""
"двухэтажная баня на участке","66","Омск","1","top","баня на участок","unassigned","commercial","medium","commercial-head","landing","","","",""
"дешево бани под ключ с доставкой","66","Омск","1","top","доставка бани","assigned","commercial","high","signals","landing","B01","Готовая баня как альтернатива долгой стройке","6","бан* под ключ"
"дешево бани под ключ с доставкой","11318","Омская область","1","top","доставка бани","assigned","commercial","high","signals","landing","B01","Готовая баня как альтернатива долгой стройке","6","бан* под ключ"
"дешевые готовые бани под ключ","66","Омск","1","top","готовая баня","assigned","commercial","high","signals","landing","B08","Что входит в баню под ключ","12","бан* под ключ|готов* бан* под ключ"
"дом баня на садовом участке","66","Омск","1","top","баня на участок","unassigned","unmapped","none","none","hold","","","",""
"дом баня на садовом участке","11318","Омская область","1","top","баня на участок","unassigned","unmapped","none","none","hold","","","",""
"дом баня на участке 10","66","Омск","1","top","баня на участок","unassigned","unmapped","none","none","hold","","","",""
"дом баня на участке 10 соток","66","Омск","1","top","баня на участок","unassigned","unmapped","none","none","hold","","","",""
"дом баня на участке 12 соток","66","Омск","1","top","баня на участок","unassigned","unmapped","none","none","hold","","","",""
"дом баня на участке 6 соток","66","Омск","1","top","баня на участок","unassigned","unmapped","none","none","hold","","","",""
"дома бани с доставкой","66","Омск","1","top","доставка бани","assigned","commercial","medium","signals","landing","B10","Стоимость доставки по Омску и области","6","бан* с доставк*"
"дома бани с доставкой","11318","Омская область","1","top","доставка бани","assigned","commercial","medium","signals","landing","B10","Стоимость доставки по Омску и области","6","бан* с доставк*"
"доставка бань по области","11318","Омская область","1","top","доставка бани","assigned","commercial","medium","signals","landing","B10","Стоимость доставки по Омску и области","4","доставк* бан*"
"заказать доставку бани","66","Омск","1","top","доставка бани","assigned","commercial","high","signals","landing","B10","Стоимость доставки по Омску и области","4","доставк* бан*"
"заказать доставку бани","11318","Омская область","1","top","доставка бани","assigned","commercial","high","signals","landing","B10","Стоимость доставки по Омску и области","4","доставк* бан*"
"залить фундамент под печку в бане","66","Омск","1","top","фундамент под баню","unassigned","unmapped","none","none","hold","","","",""
"залить фундамент под печку в бане","11318","Омская область","1","top","фундамент под баню","unassigned","unmapped","none","none","hold","","","",""
"застраховать баню на участке","66","Омск","1","top","баня на участок","unassigned","commercial","medium","commercial-head","landing","","","",""
"застраховать баню на участке","11318","Омская область","1","top","баня на участок","unassigned","commercial","medium","commercial-head","landing","","","",""
"использование бани зимой","66","Омск","1","top","баня зимой","assigned","informational","low","intent-default","guide","B17","Использование бани зимой в Омске","4","бан* зимой"
"использование бани зимой","11318","Омская область","1","top","баня зимой","assigned","informational","low","intent-default","guide","B17","Использование бани зимой в Омске","4","бан* зимой"
"как делать фундамент под баню","66","Омск","1","top","фундамент под баню","assigned","informational","high","signals","guide","B14","Фундамент для мобильной или готовой бани","6","фундамент под бан*"
"как делать фундамент под баню","11318","Омская область","1","top","фундамент под баню","assigned","informational","high","signals","guide","B14","Фундамент для мобильной или готовой бани","6","фундамент под бан*"
"как завести воду в баню зимой","66","Омск","1","top","баня зимой","assigned","informational","high","signals","guide","B17","Использование бани зимой в Омске","4","бан* зимой"
"как завести воду в баню зимой","11318","Омская область","1","top","баня зимой","assigned","informational","high","signals","guide","B17","Использование бани зимой в Омске","4","бан* зимой"
"как залить фундамент под баню 3 3","66","Омск","1","top","фундамент под баню","assigned","informational","high","signals","guide","B14","Фундамент для мобильной или готовой бани","6","фундамент под бан*"
"как залить фундамент под баню 3 3","11318","Омская область","1","top","фундамент под баню","assigned","informational","high","signals","guide","B14","Фундамент для мобильной или готовой бани","6","фундамент под бан*"
"как залить фундамент под баню 3х4 своими","66","Омск","1","top","фундамент под баню","assigned","informational","high","signals","guide","B14","Фундамент для мобильной или готовой бани","6","фундамент под бан*"
"как залить фундамент под баню 3х4 своими","11318","Омская область","1","top","фундамент под баню","assigned","informational","high","signals","guide","B14","Фундамент для мобильной или готовой бани","6","фундамент под бан*"
"как залить фундамент под печь в бане","66","Омск","1","top","фундамент под баню","unassigned","informational","high","signals","guide","","","",""
"как залить фундамент под печь в бане","11318","Омская область","1","top","фундамент под баню","unassigned","informational","high","signals","guide","","","",""
"как зарегистрировать баню на дачном участке","66","Омск","1","top","баня на участок","unassigned","informational","high","signals","guide","","","",""
"как зарегистрировать баню на дачном участке","11318","Омская область","1","top","баня на участок","unassigned","informational","high","signals","guide","","","",""
"как зарегистрировать баню на участке","66","Омск","1","top","баня на участок","unassigned","informational","high","signals","guide","","","",""
"как зарегистрировать баню на участке","11318","Омская область","1","top","баня на участок","unassigned","informational","high","signals","guide","","","",""
"как зарегистрировать построенную баню на участке","66","Омск","1","top","баня на участок","unassigned","informational","high","signals","guide","","","",""
"как зимой просушивать баню","66","Омск","1","top","баня зимой","unassigned","informational","high","signals","guide","","","",""
"как зимой просушивать баню","11318","Омская область","1","top","баня зимой","unassigned","informational","high","signals","guide","","","",""
"как переместить баню на участке","11318","Омская область","1","top","баня на участок","unassigned","informational","high","signals","guide","","","",""
"как переместить баню на участке своими руками","11318","Омская область","1","top","баня на участок","unassigned","informational","high","signals","guide","","","",""
"как правильно залить фундамент под баню","66","Омск","1","top","фундамент под баню","assigned","informational","high","signals","guide","B14","Фундамент для мобильной или готовой бани","6","фундамент под бан*"
"как правильно залить фундамент под баню","11318","Омская область","1","top","фундамент под баню","assigned","informational","high","signals","guide","B14","Фундамент для мобильной или готовой бани","6","фундамент под бан*"
"как правильно расположить баню на участке","66","Омск","1","top","баня на участок","unassigned","informational","high","signals","guide","","","",""
"как правильно сушить баню зимой","66","Омск","1","top","баня зимой","assigned","informational","high","signals","guide","B17","Использование бани зимой в Омске","4","бан* зимой"
"как правильно сушить баню зимой","11318","Омская область","1","top","баня зимой","assigned","informational","high","signals","guide","B17","Использование бани зимой в Омске","4","бан* зимой"
"как провести водопровод в баню неотапливаемую зимой","11318","Омская область","1","top","баня зимой","unassigned","informational","high","signals","guide","","","",""
"как расположить дом и баню на участке","11318","Омская область","1","top","баня на участок","unassigned","informational","high","signals","guide","","","",""
"как собрать мобильную баню","11318","Омская область","1","top","мобильная баня","assigned","commercial","medium","intent-tiebreak","landing","B01","Готовая баня как альтернатива долгой стройке","4","мобильн* бан*"
"как сушить бани зимой","66","Омск","1","top","баня зимой","assigned","informational","high","signals","guide","B17","Использование бани зимой в Омске","4","бан* зимой"
"как сушить бани зимой","11318","Омская область","1","top","баня зимой","assigned","informational","high","signals","guide","B17","Использование бани зимой в Омске","4","бан* зимой"
"как топить баню зимой","66","Омск","1","top","баня зимой","assigned","informational","high","signals","guide","B17","Использование бани зимой в Омске","4","бан* зимой"
"как топить баню зимой","11318","Омская область","1","top","баня зимой","assigned","informational","high","signals","guide","B17","Использование бани зимой в Омске","4","бан* зимой"
"как хранить веники для бани зимой","66","Омск","1","top","баня зимой","assigned","informational","high","signals","guide","B17","Использование бани зимой в Омске","4","бан* зимой"
"как хранить веники для бани зимой","11318","Омская область","1","top","баня зимой","assigned","informational","high","signals","guide","B17","Использование бани зимой в Омске","4","бан* зимой"
"какая штукатурка для механизированной штукатурки","66","Омск","1","top","механизированная штукатурка","assigned","informational","high","signals","guide","P01","Механизированная или ручная штукатурка","4","механизированн* штукатурк*"
"какая штукатурка для механизированной штукатурки","11318","Омская область","1","top","механизированная штукатурка","assigned","informational","high","signals","guide","P01","Механизированная или ручная штукатурка","4","механизированн* штукатурк*"
"какой размер фундамента под баню","66","Омск","1","top","фундамент под баню","unassigned","informational","high","signals","guide","","","",""
"какой размер фундамента под баню","11318","Омская область","1","top","фундамент под баню","unassigned","informational","high","signals","guide","","","",""
"какой фундамент выбрать под баню","66","Омск","1","top","фундамент под баню","unassigned","informational","high","signals","guide","","","",""
"какой фундамент выбрать под баню","11318","Омская область","1","top","фундамент под баню","unassigned","informational","high","signals","guide","","","",""
"какую баню поставить на участке","66","Омск","1","top","баня на участок","unassigned","unmapped","none","none","hold","","","",""
"калькулятор механизированной штукатурки","66","Омск","1","top","механизированная штукатурка","assigned","commercial","medium","commercial-head","landing","P01","Механизированная или ручная штукатурка","4","механизированн* штукатурк*"
"калькулятор механизированной штукатурки","11318","Омская область","1","top","механизированная штукатурка","assigned","commercial","medium","commercial-head","landing","P01","Механизированная или ручная штукатурка","4","механизированн* штукатурк*"
"каркасная баня 2х2","66","Омск","1","top","баня 2х2","assigned","commercial","medium","commercial-head","landing","B04","Как выбрать размер 2×2, 3×2 или 4×2","8","бан* 2х2|бан* 2×2"
"каркасная баня 2х2","11318","Омская область","1","top","баня 2х2","assigned","commercial","medium","commercial-head","landing","B04","Как выбрать размер 2×2, 3×2 или 4×2","8","бан* 2х2|бан* 2×2"
"каркасная баня 2х2 своими руками","66","Омск","1","top","баня 2х2","assigned","informational","high","signals","guide","B04","Как выбрать размер 2×2, 3×2 или 4×2","8","бан* 2х2|бан* 2×2"
"каркасная баня 2х2 своими руками","11318","Омская область","1","top","баня 2х2","assigned","informational","high","signals","guide","B04","Как выбрать размер 2×2, 3×2 или 4×2","8","бан* 2х2|бан* 2×2"
"кедровая баня на дровах","66","Омск","1","top","кедровая баня","assigned","commercial","medium","commercial-head","landing","B20","Кедр против сосны и ели","4","кедров* бан*"
"кедровая баня на дровах","11318","Омская область","1","top","кедровая баня","assigned","commercial","medium","commercial-head","landing","B20","Кедр против сосны и ели","4","кедров* бан*"
"кедровая баня польза","66","Омск","1","top","кедровая баня","assigned","commercial","medium","commercial-head","landing","B20","Кедр против сосны и ели","4","кедров* бан*"
"кедровая баня польза","11318","Омская область","1","top","кедровая баня","assigned","commercial","medium","commercial-head","landing","B20","Кедр против сосны и ели","4","кедров* бан*"
"кедровая вагонка для бани","66","Омск","1","top","кедровая баня","unassigned","unmapped","none","none","hold","","","",""
"кедровая вагонка для бани","11318","Омская область","1","top","кедровая баня","unassigned","unmapped","none","none","hold","","","",""
"кедровая вагонка для бани плюсы и минусы","66","Омск","1","top","кедровая баня","unassigned","unmapped","none","none","hold","","","",""
"кедровая вагонка для бани плюсы и минусы","11318","Омская область","1","top","кедровая баня","unassigned","unmapped","none","none","hold","","","",""
"кедровое масло бани","66","Омск","1","top","кедровая баня","unassigned","unmapped","none","none","hold","","","",""
"кедровое масло бани","11318","Омская область","1","top","кедровая баня","unassigned","unmapped","none","none","hold","","","",""
"компания мобильные бани","11318","Омская область","1","top","мобильная баня","assigned","commercial","medium","commercial-head","landing","B01","Готовая баня как альтернатива долгой стройке","4","мобильн* бан*"
"купить баню в беларуси готовую под ключ","66","Омск","1","top","готовая баня","unassigned","commercial","high","signals","landing","","","",""
"купить баню в беларуси готовую под ключ","11318","Омская область","1","top","готовая баня","unassigned","commercial","high","signals","landing","","","",""
"купить баню из бруса с доставкой","66","Омск","1","top","доставка бани","unassigned","commercial","high","signals","landing","","","",""
"купить баню из бруса с доставкой","11318","Омская область","1","top","доставка бани","unassigned","commercial","high","signals","landing","","","",""
"купить баню на дачный участок","66","Омск","1","top","баня на участок","unassigned","commercial","medium","signals","landing","","","",""
"купить баню с доставкой беларусь","66","Омск","1","top","доставка бани","assigned","commercial","high","signals","landing","B10","Стоимость доставки по Омску и области","6","бан* с доставк*"
"купить баню с доставкой беларусь","11318","Омская область","1","top","доставка бани","assigned","commercial","high","signals","landing","B10","Стоимость доставки по Омску и области","6","бан* с доставк*"
"купить баню с доставкой дешево","66","Омск","1","top","доставка бани","assigned","commercial","high","signals","landing","B10","Стоимость доставки по Омску и области","6","бан* с доставк*"
"купить баню с доставкой дешево","11318","Омская область","1","top","доставка бани","assigned","commercial","high","signals","landing","B10","Стоимость доставки по Омску и области","6","бан* с доставк*"
"купить готовую баню в беларуси","66","Омск","1","top","готовая баня","assigned","commercial","medium","signals","landing","B01","Готовая баня как альтернатива долгой стройке","4","готов* бан*"
"купить готовую баню в беларуси","11318","Омская область","1","top","готовая баня","assigned","commercial","medium","signals","landing","B01","Готовая баня как альтернатива долгой стройке","4","готов* бан*"
"купить готовую баню из бруса","66","Омск","1","top","готовая баня","assigned","commercial","medium","signals","landing","B01","Готовая баня как альтернатива долгой стройке","4","готов* бан*"
"купить готовую баню из бруса","11318","Омская область","1","top","готовая баня","assigned","commercial","medium","signals","landing","B01","Готовая баня как альтернатива долгой стройке","4","готов* бан*"
"купить готовую баню недорого в беларуси","66","Омск","1","top","готовая баня","assigned","commercial","high","signals","landing","B01","Готовая баня как альтернатива долгой стройке","4","готов* бан*"
"купить готовую баню недорого в беларуси","11318","Омская область","1","top","готовая баня","assigned","commercial","high","signals","landing","B01","Готовая баня как альтернатива долгой стройке","4","готов* бан*"
"купить готовую мобильную баню","66","Омск","1","top","готовая баня|мобильная баня","assigned","commercial","high","signals","landing","B01","Готовая баня как альтернатива долгой стройке","4","мобильн* бан*"
"купить готовую мобильную баню","11318","Омская область","1","top","готовая баня|мобильная баня","assigned","commercial","high","signals","landing","B01","Готовая баня как альтернатива долгой стройке","4","мобильн* бан*"
"купить дом баню на участке","66","Омск","1","top","баня на участок","unassigned","commercial","medium","signals","landing","","","",""
"купить мобильную баню авито","11318","Омская область","1","top","мобильная баня","assigned","commercial","high","signals","landing","B01","Готовая баня как альтернатива долгой стройке","4","мобильн* бан*"
"купить мобильную баню под ключ","66","Омск","1","top","мобильная баня","assigned","commercial","high","signals","landing","B01","Готовая баня как альтернатива долгой стройке","10","бан* под ключ|мобильн* бан*"
"купить мобильную баню под ключ","11318","Омская область","1","top","мобильная баня","assigned","commercial","high","signals","landing","B01","Готовая баня как альтернатива долгой стройке","10","бан* под ключ|мобильн* бан*"
"купить печь в баню с доставкой","11318","Омская область","1","top","доставка бани","assigned","commercial","high","signals","landing","B10","Стоимость доставки по Омску и области","6","бан* с доставк*"
"купить печь для мобильной бани палатки","66","Омск","1","top","мобильная баня","assigned","commercial","medium","signals","landing","B01","Готовая баня как альтернатива долгой стройке","4","мобильн* бан*"
"купить печь для мобильной бани палатки","11318","Омская область","1","top","мобильная баня","assigned","commercial","medium","signals","landing","B01","Готовая баня как альтернатива долгой стройке","4","мобильн* бан*"
"летняя баня на участке","11318","Омская область","1","top","баня на участок","unassigned","commercial","medium","commercial-head","landing","","","",""
"лучшие мобильные бани","66","Омск","1","top","мобильная баня","assigned","commercial","medium","commercial-head","landing","B01","Готовая баня как альтернатива долгой стройке","4","мобильн* бан*"
"лучшие мобильные бани","11318","Омская область","1","top","мобильная баня","assigned","commercial","medium","commercial-head","landing","B01","Готовая баня как альтернатива долгой стройке","4","мобильн* бан*"
"марка бетона под фундамент бани","66","Омск","1","top","фундамент под баню","unassigned","unmapped","none","none","hold","","","",""
"марка бетона под фундамент бани","11318","Омская область","1","top","фундамент под баню","unassigned","unmapped","none","none","hold","","","",""
"механизированная станция для штукатурки","11318","Омская область","1","top","механизированная штукатурка","unassigned","unmapped","none","none","hold","","","",""
"механизированная штукатурка дома","66","Омск","1","top","механизированная штукатурка","assigned","commercial","medium","commercial-head","landing","P01","Механизированная или ручная штукатурка","4","механизированн* штукатурк*"
"механизированная штукатурка дома","11318","Омская область","1","top","механизированная штукатурка","assigned","commercial","medium","commercial-head","landing","P01","Механизированная или ручная штукатурка","4","механизированн* штукатурк*"
"механизированная штукатурка каким материалом","66","Омск","1","top","механизированная штукатурка","assigned","commercial","medium","commercial-head","landing","P01","Механизированная или ручная штукатурка","4","механизированн* штукатурк*"
"механизированная штукатурка каким материалом","11318","Омская область","1","top","механизированная штукатурка","assigned","commercial","medium","commercial-head","landing","P01","Механизированная или ручная штукатурка","4","механизированн* штукатурк*"
"механизированная штукатурка кв","66","Омск","1","top","механизированная штукатурка","assigned","commercial","medium","commercial-head","landing","P01","Механизированная или ручная штукатурка","4","механизированн* штукатурк*"
"механизированная штукатурка кв","11318","Омская область","1","top","механизированная штукатурка","assigned","commercial","medium","commercial-head","landing","P01","Механизированная или ручная штукатурка","4","механизированн* штукатурк*"
"механизированная штукатурка помещений","66","Омск","1","top","механизированная штукатурка","assigned","commercial","medium","commercial-head","landing","P01","Механизированная или ручная штукатурка","4","механизированн* штукатурк*"
"механизированная штукатурка помещений","11318","Омская область","1","top","механизированная штукатурка","assigned","commercial","medium","commercial-head","landing","P01","Механизированная или ручная штукатурка","4","механизированн* штукатурк*"
"механизированная штукатурка стоит","66","Омск","1","top","механизированная штукатурка","assigned","commercial","high","signals","landing","P01","Механизированная или ручная штукатурка","4","механизированн* штукатурк*"
"механизированная штукатурка стоит","11318","Омская область","1","top","механизированная штукатурка","assigned","commercial","high","signals","landing","P01","Механизированная или ручная штукатурка","4","механизированн* штукатурк*"
"механизированной штукатурки метр квадратный","66","Омск","1","top","механизированная штукатурка","assigned","commercial","medium","commercial-head","landing","P01","Механизированная или ручная штукатурка","4","механизированн* штукатурк*"
"механизированной штукатурки метр квадратный","11318","Омская область","1","top","механизированная штукатурка","assigned","commercial","medium","commercial-head","landing","P01","Механизированная или ручная штукатурка","4","механизированн* штукатурк*"
"механизировать смесь штукатурка","66","Омск","1","top","механизированная штукатурка","unassigned","unmapped","none","none","hold","","","",""
"механизировать смесь штукатурка","11318","Омская область","1","top","механизированная штукатурка","unassigned","unmapped","none","none","hold","","","",""
"минусы кедровой бани","66","Омск","1","top","кедровая баня","assigned","commercial","medium","commercial-head","landing","B20","Кедр против сосны и ели","4","кедров* бан*"
"минусы кедровой бани","11318","Омская область","1","top","кедровая баня","assigned","commercial","medium","commercial-head","landing","B20","Кедр против сосны и ели","4","кедров* бан*"
"мобильная баня 10","66","Омск","1","top","мобильная баня","assigned","commercial","medium","commercial-head","landing","B01","Готовая баня как альтернатива долгой стройке","4","мобильн* бан*"
"мобильная баня 10","11318","Омская область","1","top","мобильная баня","assigned","commercial","medium","commercial-head","landing","B01","Готовая баня как альтернатива долгой стройке","4","мобильн* бан*"
"мобильная баня вес","11318","Омская область","1","top","мобильная баня","assigned","commercial","medium","commercial-head","landing","B01","Готовая баня как альтернатива долгой стройке","4","мобильн* бан*"
"мобильная баня дешево","66","Омск","1","top","мобильная баня","assigned","commercial","medium","commercial-head","landing","B01","Готовая баня как альтернатива долгой стройке","4","мобильн* бан*"
"мобильная баня дешево","11318","Омская область","1","top","мобильная баня","assigned","commercial","medium","commercial-head","landing","B01","Готовая баня как альтернатива долгой стройке","4","мобильн* бан*"
"мобильная баня для дачи","66","Омск","1","top","мобильная баня","assigned","commercial","medium","commercial-head","landing","B01","Готовая баня как альтернатива долгой стройке","4","мобильн* бан*"
"мобильная баня для дачи","11318","Омская область","1","top","мобильная баня","assigned","commercial","medium","commercial-head","landing","B01","Готовая баня как альтернатива долгой стройке","4","мобильн* бан*"
"мобильная баня из бруса","66","Омск","1","top","мобильная баня","assigned","commercial","medium","commercial-head","landing","B01","Готовая баня как альтернатива долгой стройке","4","мобильн* бан*"
"мобильная баня из бруса","11318","Омская область","1","top","мобильная баня","assigned","commercial","medium","commercial-head","landing","B01","Готовая баня как альтернатива долгой стройке","4","мобильн* бан*"
"мобильная баня мб","66","Омск","1","top","мобильная баня","assigned","commercial","medium","commercial-head","landing","B01","Готовая баня как альтернатива долгой стройке","4","мобильн* бан*"
"мобильная баня мб","11318","Омская область","1","top","мобильная баня","assigned","commercial","medium","commercial-head","landing","B01","Готовая баня как альтернатива долгой стройке","4","мобильн* бан*"
"мобильная баня мб 10","66","Омск","1","top","мобильная баня","assigned","commercial","medium","commercial-head","landing","B01","Готовая баня как альтернатива долгой стройке","4","мобильн* бан*"
"мобильная баня мб 10","11318","Омская область","1","top","мобильная баня","assigned","commercial","medium","commercial-head","landing","B01","Готовая баня как альтернатива долгой стройке","4","мобильн* бан*"
"мобильная баня на колесах","66","Омск","1","top","мобильная баня","assigned","commercial","medium","commercial-head","landing","B01","Готовая баня как альтернатива долгой стройке","4","мобильн* бан*"
"мобильная баня на колесах","11318","Омская область","1","top","мобильная баня","assigned","commercial","medium","commercial-head","landing","B01","Готовая баня как альтернатива долгой стройке","4","мобильн* бан*"
"мобильная баня на колесах аренда","66","Омск","1","top","мобильная баня","assigned","commercial","low","intent-default","landing","B01","Готовая баня как альтернатива долгой стройке","4","мобильн* бан*"
"мобильная баня на колесах аренда","11318","Омская область","1","top","мобильная баня","assigned","commercial","low","intent-default","landing","B01","Готовая баня как альтернатива долгой стройке","4","мобильн* бан*"
"мобильная баня на прицепе","66","Омск","1","top","мобильная баня","assigned","commercial","medium","commercial-head","landing","B01","Готовая баня как альтернатива долгой стройке","4","мобильн* бан*"
"мобильная баня на сваях","66","Омск","1","top","мобильная баня","assigned","commercial","medium","commercial-head","landing","B14","Фундамент для мобильной или готовой бани","6","бан* на сва*"
"мобильная баня на сваях","11318","Омская область","1","top","мобильная баня","assigned","commercial","medium","commercial-head","landing","B14","Фундамент для мобильной или готовой бани","6","бан* на сва*"
"мобильная баня под ключ купить дешево","66","Омск","1","top","мобильная баня","assigned","commercial","high","signals","landing","B01","Готовая баня как альтернатива долгой стройке","10","бан* под ключ|мобильн* бан*"
"мобильная баня под ключ купить дешево","11318","Омская область","1","top","мобильная баня","assigned","commercial","high","signals","landing","B01","Готовая баня как альтернатива долгой стройке","10","бан* под ключ|мобильн* бан*"
"мобильная баня mobiba","11318","Омская область","1","top","мобильная баня","assigned","commercial","medium","commercial-head","landing","B01","Готовая баня как альтернатива долгой стройке","4","мобильн* бан*"
"мобильные бани под ключ цены","11318","Омская область","1","top","мобильная баня","assigned","commercial","high","signals","landing","B01","Готовая баня как альтернатива долгой стройке","10","бан* под ключ|мобильн* бан*"
"мобильные бани профилированного бруса","66","Омск","1","top","мобильная баня","assigned","commercial","medium","commercial-head","landing","B01","Готовая баня как альтернатива долгой стройке","4","мобильн* бан*"
"мобильные бани профилированного бруса","11318","Омская область","1","top","мобильная баня","assigned","commercial","medium","commercial-head","landing","B01","Готовая баня как альтернатива долгой стройке","4","мобильн* бан*"
"можно ли строить баню на дачном участке","66","Омск","1","top","баня на участок","assigned","informational","high","signals","guide","B02","Готовая баня или строить на участке","4","строит* бан*"
"можно ли строить баню на дачном участке","11318","Омская область","1","top","баня на участок","assigned","informational","high","signals","guide","B02","Готовая баня или строить на участке","4","строит* бан*"
"можно ли строить баню на участке","66","Омск","1","top","баня на участок","assigned","informational","high","signals","guide","B02","Готовая баня или строить на участке","4","строит* бан*"
"надо ли оформлять баню на участке","66","Омск","1","top","баня на участок","unassigned","unmapped","none","none","hold","","","",""
"неотапливаемая баня зимой","66","Омск","1","top","баня зимой","assigned","informational","low","intent-default","guide","B17","Использование бани зимой в Омске","4","бан* зимой"
"новосибирск баня с доставкой","11318","Омская область","1","top","доставка бани","assigned","commercial","medium","signals","landing","B10","Стоимость доставки по Омску и области","6","бан* с доставк*"
"норма установки бани на участке","66","Омск","1","top","баня на участок","assigned","informational","low","intent-default","guide","B11","Как проходит доставка и установка","4","установк* бан*"
"нормативы постройки бани на участке","66","Омск","1","top","баня на участок","unassigned","unmapped","none","none","hold","","","",""
"нормативы постройки бани на участке расстояние","66","Омск","1","top","баня на участок","unassigned","unmapped","none","none","hold","","","",""
"нормативы установки бани на участке","66","Омск","1","top","баня на участок","assigned","informational","low","intent-default","guide","B11","Как проходит доставка и установка","4","установк* бан*"
"нормативы установки бани на участке","11318","Омская область","1","top","баня на участок","assigned","informational","low","intent-default","guide","B11","Как проходит доставка и установка","4","установк* бан*"
"нормы для постройки бани на участке","66","Омск","1","top","баня на участок","unassigned","unmapped","none","none","hold","","","",""
"нормы расположения бани на участке","66","Омск","1","top","баня на участок","unassigned","unmapped","none","none","hold","","","",""
"нормы расположения бани на участке","11318","Омская область","1","top","баня на участок","unassigned","unmapped","none","none","hold","","","",""
"нормы строительства бани на участке ижс","66","Омск","1","top","баня на участок","assigned","informational","low","intent-default","guide","B02","Готовая баня или строить на участке","8","строит* бан*|строительств* бан*"
"нормы строительства бани на участке ижс отступы","66","Омск","1","top","баня на участок","assigned","informational","low","intent-default","guide","B02","Готовая баня или строить на участке","8","строит* бан*|строительств* бан*"
"нужен ли фундамент под баню","66","Омск","1","top","фундамент под баню","assigned","informational","high","signals","guide","B14","Фундамент для мобильной или готовой бани","6","фундамент под бан*"
"нужен ли фундамент под баню","11318","Омская область","1","top","фундамент под баню","assigned","informational","high","signals","guide","B14","Фундамент для мобильной или готовой бани","6","фундамент под бан*"
"нужно ли оформлять баню на своем участке","11318","Омская область","1","top","баня на участок","unassigned","informational","high","signals","guide","","","",""
"нужно ли оформлять баню на участке","66","Омск","1","top","баня на участок","unassigned","informational","high","signals","guide","","","",""
"нужно ли регистрировать баню на земельном участке","66","Омск","1","top","баня на участок","unassigned","informational","high","signals","guide","","","",""
"нужно оформлять баню на своем участке","11318","Омская область","1","top","баня на участок","unassigned","informational","high","signals","guide","","","",""
"обогреватель для бани зимой какой","11318","Омская область","1","top","баня зимой","assigned","informational","high","signals","guide","B17","Использование бани зимой в Омске","4","бан* зимой"
"обогреватель для бани зимой какой выбрать","11318","Омская область","1","top","баня зимой","assigned","informational","high","signals","guide","B17","Использование бани зимой в Омске","4","бан* зимой"
"опалубка для ленточного фундамента под баню","66","Омск","1","top","фундамент под баню","unassigned","unmapped","none","none","hold","","","",""
"опалубка для ленточного фундамента под баню","11318","Омская область","1","top","фундамент под баню","unassigned","unmapped","none","none","hold","","","",""
"опалубка для фундамента под баню","66","Омск","1","top","фундамент под баню","unassigned","unmapped","none","none","hold","","","",""
"опалубка для фундамента под баню","11318","Омская область","1","top","фундамент под баню","unassigned","unmapped","none","none","hold","","","",""
"отступы баня на участке ижс","66","Омск","1","top","баня на участок","unassigned","unmapped","none","none","hold","","","",""
"отступы для бани на участке","66","Омск","1","top","баня на участок","unassigned","unmapped","none","none","hold","","","",""
"отступы на участке при строительстве бани","66","Омск","1","top","баня на участок","assigned","informational","low","intent-default","guide","B02","Готовая баня или строить на участке","8","строит* бан*|строительств* бан*"
"отступы при строительстве бани на земельном участке","66","Омск","1","top","баня на участок","assigned","informational","low","intent-default","guide","B02","Готовая баня или строить на участке","8","строит* бан*|строительств* бан*"
"оформить баню на участке в собственность","66","Омск","1","top","баня на участок","unassigned","unmapped","none","none","hold","","","",""
"оформить баню на участке ижс","66","Омск","1","top","баня на участок","unassigned","unmapped","none","none","hold","","","",""
"пеноблок под фундамент бани","11318","Омская область","1","top","фундамент под баню","unassigned","unmapped","none","none","hold","","","",""
"печь для мобильной бани купить","66","Омск","1","top","мобильная баня","assigned","commercial","medium","signals","landing","B01","Готовая баня как альтернатива долгой стройке","4","мобильн* бан*"
"печь для мобильной бани купить","11318","Омская область","1","top","мобильная баня","assigned","commercial","medium","signals","landing","B01","Готовая баня как альтернатива долгой стройке","4","мобильн* бан*"
"печь для мобильной бани палатки","66","Омск","1","top","мобильная баня","assigned","commercial","low","intent-default","landing","B01","Готовая баня как альтернатива долгой стройке","4","мобильн* бан*"
"печь для мобильной бани палатки","11318","Омская область","1","top","мобильная баня","assigned","commercial","low","intent-default","landing","B01","Готовая баня как альтернатива долгой стройке","4","мобильн* бан*"
"планировка дома бани на участке","66","Омск","1","top","баня на участок","unassigned","unmapped","none","none","hold","","","",""
"плита под баню вместо фундамента","11318","Омская область","1","top","фундамент под баню","unassigned","unmapped","none","none","hold","","","",""
"пользоваться баней зимой","66","Омск","1","top","баня зимой","assigned","informational","low","intent-default","guide","B17","Использование бани зимой в Омске","4","бан* зимой"
"пользоваться баней зимой","11318","Омская область","1","top","баня зимой","assigned","informational","low","intent-default","guide","B17","Использование бани зимой в Омске","4","бан* зимой"
"помидоры на зиму на водяной бане","66","Омск","1","top","баня зимой","unassigned","unmapped","none","none","hold","","","",""
"порно баня зима","66","Омск","1","top","баня зимой","unassigned","unmapped","none","none","hold","","","",""
"порно баня зима","11318","Омская область","1","top","баня зимой","unassigned","unmapped","none","none","hold","","","",""
"после механизированной штукатурки","66","Омск","1","top","механизированная штукатурка","assigned","commercial","medium","commercial-head","landing","P01","Механизированная или ручная штукатурка","4","механизированн* штукатурк*"
"после механизированной штукатурки","11318","Омская область","1","top","механизированная штукатурка","assigned","commercial","medium","commercial-head","landing","P01","Механизированная или ручная штукатурка","4","механизированн* штукатурк*"
"построить баню на земельном участке","66","Омск","1","top","баня на участок","unassigned","unmapped","none","none","hold","","","",""
"построить баню на земельном участке","11318","Омская область","1","top","баня на участок","unassigned","unmapped","none","none","hold","","","",""
"построить баню на участке нормы","66","Омск","1","top","баня на участок","unassigned","unmapped","none","none","hold","","","",""
"построить баню на участке нормы","11318","Омская область","1","top","баня на участок","unassigned","unmapped","none","none","hold","","","",""
"построить мобильную баню","66","Омск","1","top","мобильная баня","assigned","commercial","medium","commercial-head","landing","B01","Готовая баня как альтернатива долгой стройке","4","мобильн* бан*"
"постройка бани на садовом участке","66","Омск","1","top","баня на участок","unassigned","unmapped","none","none","hold","","","",""
"правила установки бани на участке","66","Омск","1","top","баня на участок","assigned","informational","low","intent-default","guide","B11","Как проходит доставка и установка","4","установк* бан*"
"правила установки бани на участке","11318","Омская область","1","top","баня на участок","assigned","informational","low","intent-default","guide","B11","Как проходит доставка и установка","4","установк* бан*"
"правильное расположение бани на участке","66","Омск","1","top","баня на участок","unassigned","unmapped","none","none","hold","","","",""
"правильный фундамент под баню","66","Омск","1","top","фундамент под баню","assigned","informational","low","intent-default","guide","B14","Фундамент для мобильной или готовой бани","6","фундамент под бан*"
"прибор для механизированной штукатурки","66","Омск","1","top","механизированная штукатурка","assigned","commercial","medium","commercial-head","landing","P01","Механизированная или ручная штукатурка","4","механизированн* штукатурк*"
"прибор для механизированной штукатурки","11318","Омская область","1","top","механизированная штукатурка","assigned","commercial","medium","commercial-head","landing","P01","Механизированная или ручная штукатурка","4","механизированн* штукатурк*"
"продается готовая баня","66","Омск","1","top","готовая баня","assigned","commercial","medium","commercial-head","landing","B01","Готовая баня как альтернатива долгой стройке","4","готов* бан*"
"продается готовая баня","11318","Омская область","1","top","готовая баня","assigned","commercial","medium","commercial-head","landing","B01","Готовая баня как альтернатива долгой стройке","4","готов* бан*"
"продажа мобильные бани","66","Омск","1","top","мобильная баня","assigned","commercial","high","signals","landing","B01","Готовая баня как альтернатива долгой стройке","4","мобильн* бан*"
"проект баня 4х2","11318","Омская область","1","top","баня 4х2","assigned","commercial","medium","commercial-head","landing","B04","Как выбрать размер 2×2, 3×2 или 4×2","8","бан* 4х2|бан* 4×2"
"размер фундамента под баню 3 5","66","Омск","1","top","фундамент под баню","unassigned","unmapped","none","none","hold","","","",""
"размер фундамента под баню 3 5","11318","Омская область","1","top","фундамент под баню","unassigned","unmapped","none","none","hold","","","",""
"размеры фундамента под печку в бане","66","Омск","1","top","фундамент под баню","unassigned","unmapped","none","none","hold","","","",""
"размеры фундамента под печку в бане","11318","Омская область","1","top","фундамент под баню","unassigned","unmapped","none","none","hold","","","",""
"размещение бани и дома на участке","66","Омск","1","top","баня на участок","unassigned","unmapped","none","none","hold","","","",""
"размещение бани и дома на участке","11318","Омская область","1","top","баня на участок","unassigned","unmapped","none","none","hold","","","",""
"размещение бани на участке","66","Омск","1","top","баня на участок","unassigned","commercial","medium","commercial-head","landing","","","",""
"расположение бани на участке 6 соток","66","Омск","1","top","баня на участок","unassigned","unmapped","none","none","hold","","","",""
"расположение бани на участке ижс","66","Омск","1","top","баня на участок","unassigned","unmapped","none","none","hold","","","",""
"расположение бани на участке ижс","11318","Омская область","1","top","баня на участок","unassigned","unmapped","none","none","hold","","","",""
"расположение бани на участке снт","66","Омск","1","top","баня на участок","unassigned","unmapped","none","none","hold","","","",""
"расположение бани на участке снт","11318","Омская область","1","top","баня на участок","unassigned","unmapped","none","none","hold","","","",""
"расположить дом и баню на участке","66","Омск","1","top","баня на участок","unassigned","unmapped","none","none","hold","","","",""
"расстояние бани на участке от соседей","66","Омск","1","top","баня на участок","unassigned","unmapped","none","none","hold","","","",""
"расстояние дома от бани на участке","66","Омск","1","top","баня на участок","unassigned","unmapped","none","none","hold","","","",""
"рассчитать фундамент под баню","66","Омск","1","top","фундамент под баню","assigned","informational","low","intent-default","guide","B14","Фундамент для мобильной или готовой бани","6","фундамент под бан*"
"рассчитать фундамент под баню","11318","Омская область","1","top","фундамент под баню","assigned","informational","low","intent-default","guide","B14","Фундамент для мобильной или готовой бани","6","фундамент под бан*"
"салат на зиму на водяной бане","66","Омск","1","top","баня зимой","unassigned","unmapped","none","none","hold","","","",""
"сборка бани на участке","66","Омск","1","top","баня на участок","unassigned","commercial","medium","commercial-head","landing","","","",""
"свайный фундамент под баню","66","Омск","1","top","фундамент под баню","assigned","informational","low","intent-default","guide","B14","Фундамент для мобильной или готовой бани","6","фундамент под бан*"
"сделать ленточный фундамент под баню","66","Омск","1","top","фундамент под баню","assigned","informational","low","intent-default","guide","B14","Фундамент для мобильной или готовой бани","6","фундамент под бан*"
"сделать ленточный фундамент под баню","11318","Омская область","1","top","фундамент под баню","assigned","informational","low","intent-default","guide","B14","Фундамент для мобильной или готовой бани","6","фундамент под бан*"
"сколько сохнет механизированная штукатурка","66","Омск","1","top","механизированная штукатурка","assigned","informational","medium","intent-tiebreak","guide","P01","Механизированная или ручная штукатурка","4","механизированн* штукатурк*"
"сколько сохнет механизированная штукатурка","11318","Омская область","1","top","механизированная штукатурка","assigned","informational","medium","intent-tiebreak","guide","P01","Механизированная или ручная штукатурка","4","механизированн* штукатурк*"
"сколько стоит готовая баня под ключ","66","Омск","1","top","готовая баня","assigned","commercial","high","signals","landing","B08","Что входит в баню под ключ","12","бан* под ключ|готов* бан* под ключ"
"сколько стоит квадратный метр механизированной штукатурки","66","Омск","1","top","механизированная штукатурка","assigned","informational","medium","intent-tiebreak","guide","P01","Механизированная или ручная штукатурка","4","механизированн* штукатурк*"
"сколько стоит квадратный метр механизированной штукатурки","11318","Омская область","1","top","механизированная штукатурка","assigned","informational","medium","intent-tiebreak","guide","P01","Механизированная или ручная штукатурка","4","механизированн* штукатурк*"
"сколько стоит метр механизированной штукатурки","66","Омск","1","top","механизированная штукатурка","assigned","informational","medium","intent-tiebreak","guide","P01","Механизированная или ручная штукатурка","4","механизированн* штукатурк*"
"сколько стоит метр механизированной штукатурки","11318","Омская область","1","top","механизированная штукатурка","assigned","informational","medium","intent-tiebreak","guide","P01","Механизированная или ручная штукатурка","4","механизированн* штукатурк*"
"сколько стоит механизированная штукатурка","66","Омск","1","top","механизированная штукатурка","assigned","commercial","high","signals","landing","P01","Механизированная или ручная штукатурка","4","механизированн* штукатурк*"
"сколько стоит механизированная штукатурка","11318","Омская область","1","top","механизированная штукатурка","assigned","commercial","high","signals","landing","P01","Механизированная или ручная штукатурка","4","механизированн* штукатурк*"
"сколько стоит механизированная штукатурка стен","66","Омск","1","top","механизированная штукатурка","assigned","informational","medium","intent-tiebreak","guide","P01","Механизированная или ручная штукатурка","4","механизированн* штукатурк*"
"сколько стоит механизированная штукатурка стен","11318","Омская область","1","top","механизированная штукатурка","assigned","informational","medium","intent-tiebreak","guide","P01","Механизированная или ручная штукатурка","4","механизированн* штукатурк*"
"сколько стоит построить баню на участке","66","Омск","1","top","баня на участок","unassigned","commercial","low","signals-tie","landing","","","",""
"сколько стоит построить баню на участке","11318","Омская область","1","top","баня на участок","unassigned","commercial","low","signals-tie","landing","","","",""
"смесь для механизированной штукатурки","66","Омск","1","top","механизированная штукатурка","assigned","commercial","medium","commercial-head","landing","P01","Механизированная или ручная штукатурка","4","механизированн* штукатурк*"
"смесь для механизированной штукатурки","11318","Омская область","1","top","механизированная штукатурка","assigned","commercial","medium","commercial-head","landing","P01","Механизированная или ручная штукатурка","4","механизированн* штукатурк*"
"соседи построили баню на границе участка","66","Омск","1","top","баня на участок","unassigned","unmapped","none","none","hold","","","",""
"соседи построили баню на границе участка","11318","Омская область","1","top","баня на участок","unassigned","unmapped","none","none","hold","","","",""
"станция механизированной штукатурки аренда","11318","Омская область","1","top","механизированная штукатурка","assigned","commercial","medium","commercial-head","landing","P01","Механизированная или ручная штукатурка","4","механизированн* штукатурк*"
"стоимость бани на участке","11318","Омская область","1","top","баня на участок","assigned","commercial","high","signals","landing","B09","Итоговая цена и доплаты","4","стоимост* бан*"
"стоимость кедровых бань","66","Омск","1","top","кедровая баня","assigned","commercial","high","signals","landing","B20","Кедр против сосны и ели","4","кедров* бан*"
"стоимость кедровых бань","11318","Омская область","1","top","кедровая баня","assigned","commercial","high","signals","landing","B20","Кедр против сосны и ели","4","кедров* бан*"
"стоимость фундамента под баню","11318","Омская область","1","top","фундамент под баню","unassigned","commercial","medium","signals","landing","","","",""
"строительство бани дома на участке","66","Омск","1","top","баня на участок","assigned","informational","low","intent-default","guide","B02","Готовая баня или строить на участке","8","строит* бан*|строительств* бан*"
"температура в бане зимой","66","Омск","1","top","баня зимой","assigned","informational","low","intent-default","guide","B17","Использование бани зимой в Омске","4","бан* зимой"
"температура в бане зимой","11318","Омская область","1","top","баня зимой","assigned","informational","low","intent-default","guide","B17","Использование бани зимой в Омске","4","бан* зимой"
"топка бани зимой","66","Омск","1","top","баня зимой","assigned","informational","low","intent-default","guide","B17","Использование бани зимой в Омске","4","бан* зимой"
"топка бани зимой","11318","Омская область","1","top","баня зимой","assigned","informational","low","intent-default","guide","B17","Использование бани зимой в Омске","4","бан* зимой"
"установка бани на участке правила и нормативы","66","Омск","1","top","баня на участок","assigned","informational","low","intent-default","guide","B11","Как проходит доставка и установка","4","установк* бан*"
"установка бани на участке правила и нормативы","11318","Омская область","1","top","баня на участок","assigned","informational","low","intent-default","guide","B11","Как проходит доставка и установка","4","установк* бан*"
"установка для механизированной штукатурки","66","Омск","1","top","механизированная штукатурка","assigned","commercial","medium","commercial-head","landing","P01","Механизированная или ручная штукатурка","4","механизированн* штукатурк*"
"установка для механизированной штукатурки","11318","Омская область","1","top","механизированная штукатурка","assigned","commercial","medium","commercial-head","landing","P01","Механизированная или ручная штукатурка","4","механизированн* штукатурк*"
"установка механизированная штукатурка стен","66","Омск","1","top","механизированная штукатурка","assigned","commercial","medium","commercial-head","landing","P01","Механизированная или ручная штукатурка","4","механизированн* штукатурк*"
"установка механизированная штукатурка стен","11318","Омская область","1","top","механизированная штукатурка","assigned","commercial","medium","commercial-head","landing","P01","Механизированная или ручная штукатурка","4","механизированн* штукатурк*"
"фасадная механизированная штукатурка","66","Омск","1","top","механизированная штукатурка","assigned","commercial","medium","commercial-head","landing","P01","Механизированная или ручная штукатурка","4","механизированн* штукатурк*"
"фасадная механизированная штукатурка","11318","Омская область","1","top","механизированная штукатурка","assigned","commercial","medium","commercial-head","landing","P01","Механизированная или ручная штукатурка","4","механизированн* штукатурк*"
"фото бань зимой","66","Омск","1","top","баня зимой","assigned","informational","low","intent-default","guide","B17","Использование бани зимой в Омске","4","бан* зимой"
"фото бань зимой","11318","Омская область","1","top","баня зимой","assigned","informational","low","intent-default","guide","B17","Использование бани зимой в Омске","4","бан* зимой"
"фундамент 20 20 под баню","66","Омск","1","top","фундамент под баню","unassigned","unmapped","none","none","hold","","","",""
"фундамент 20 20 под баню","11318","Омская область","1","top","фундамент под баню","unassigned","unmapped","none","none","hold","","","",""
"фундамент из покрышек под баню","11318","Омская область","1","top","фундамент под баню","unassigned","unmapped","none","none","hold","","","",""
"фундамент под баню 3 на 5","66","Омск","1","top","фундамент под баню","assigned","informational","low","intent-default","guide","B14","Фундамент для мобильной или готовой бани","6","фундамент под бан*"
"фундамент под баню 3на 4","66","Омск","1","top","фундамент под баню","assigned","informational","low","intent-default","guide","B14","Фундамент для мобильной или готовой бани","6","фундамент под бан*"
"фундамент под баню 3на 4","11318","Омская область","1","top","фундамент под баню","assigned","informational","low","intent-default","guide","B14","Фундамент для мобильной или готовой бани","6","фундамент под бан*"
"фундамент под баню 3х3","66","Омск","1","top","фундамент под баню","assigned","informational","low","intent-default","guide","B14","Фундамент для мобильной или готовой бани","6","фундамент под бан*"
"фундамент под баню 3х3","11318","Омская область","1","top","фундамент под баню","assigned","informational","low","intent-default","guide","B14","Фундамент для мобильной или готовой бани","6","фундамент под бан*"
"фундамент под баню 3х4","66","Омск","1","top","фундамент под баню","assigned","informational","low","intent-default","guide","B14","Фундамент для мобильной или готовой бани","6","фундамент под бан*"
"фундамент под баню 3х4","11318","Омская область","1","top","фундамент под баню","assigned","informational","low","intent-default","guide","B14","Фундамент для мобильной или готовой бани","6","фундамент под бан*"
"фундамент под баню 3х4 своими руками","66","Омск","1","top","фундамент под баню","assigned","informational","high","signals","guide","B14","Фундамент для мобильной или готовой бани","6","фундамент под бан*"
"фундамент под баню 3х4 своими руками","11318","Омская область","1","top","фундамент под баню","assigned","informational","high","signals","guide","B14","Фундамент для мобильной или готовой бани","6","фундамент под бан*"
"фундамент под баню винтовые сваи","66","Омск","1","top","фундамент под баню","assigned","informational","low","intent-default","guide","B14","Фундамент для мобильной или готовой бани","6","фундамент под бан*"
"фундамент под баню винтовые сваи","11318","Омская область","1","top","фундамент под баню","assigned","informational","low","intent-default","guide","B14","Фундамент для мобильной или готовой бани","6","фундамент под бан*"
"фундамент под баню под кирпич","66","Омск","1","top","фундамент под баню","assigned","informational","low","intent-default","guide","B14","Фундамент для мобильной или готовой бани","6","фундамент под бан*"
"фундамент под брусовую баню","66","Омск","1","top","фундамент под баню","unassigned","unmapped","none","none","hold","","","",""
"фундамент под брусовую баню","11318","Омская область","1","top","фундамент под баню","unassigned","unmapped","none","none","hold","","","",""
"фундамент под железную печь в бане","66","Омск","1","top","фундамент под баню","unassigned","unmapped","none","none","hold","","","",""
"фундамент под железную печь в бане","11318","Омская область","1","top","фундамент под баню","unassigned","unmapped","none","none","hold","","","",""
"фундамент под печку в бане","66","Омск","1","top","фундамент под баню","unassigned","unmapped","none","none","hold","","","",""
"фундамент под пол бани","66","Омск","1","top","фундамент под баню","unassigned","unmapped","none","none","hold","","","",""
"ходите в баню зимой","11318","Омская область","1","top","баня зимой","assigned","informational","low","intent-default","guide","B17","Использование бани зимой в Омске","4","бан* зимой"
"хотите построить баню на участке","66","Омск","1","top","баня на участок","unassigned","unmapped","none","none","hold","","","",""
"хочу баню на участке","66","Омск","1","top","баня на участок","unassigned","commercial","medium","commercial-head","landing","","","",""
"цементная смесь для механизированной штукатурки","66","Омск","1","top","механизированная штукатурка","assigned","informational","low","intent-default","guide","P01","Механизированная или ручная штукатурка","4","механизированн* штукатурк*"
"цементная смесь для механизированной штукатурки","11318","Омская область","1","top","механизированная штукатурка","assigned","informational","low","intent-default","guide","P01","Механизированная или ручная штукатурка","4","механизированн* штукатурк*"
"цементно песчаная смесь для штукатурки механизированной","66","Омск","1","top","механизированная штукатурка","unassigned","unmapped","none","none","hold","","","",""
"цементно песчаная смесь для штукатурки механизированной","11318","Омская область","1","top","механизированная штукатурка","unassigned","unmapped","none","none","hold","","","",""
"чем отличается механизированная штукатурка","66","Омск","1","top","механизированная штукатурка","assigned","commercial","medium","commercial-head","landing","P01","Механизированная или ручная штукатурка","4","механизированн* штукатурк*"
"чем отличается механизированная штукатурка","11318","Омская область","1","top","механизированная штукатурка","assigned","commercial","medium","commercial-head","landing","P01","Механизированная или ручная штукатурка","4","механизированн* штукатурк*"
"штукатурка для механизированного нанесения","66","Омск","1","top","механизированная штукатурка","unassigned","unmapped","none","none","hold","","","",""
"штукатурка для механизированного нанесения","11318","Омская область","1","top","механизированная штукатурка","unassigned","unmapped","none","none","hold","","","",""
"штукатурка механизированная артем","66","Омск","1","top","механизированная штукатурка","unassigned","unmapped","none","none","hold","","","",""
"штукатурка механизированная артем","11318","Омская область","1","top","механизированная штукатурка","unassigned","unmapped","none","none","hold","","","",""
"штукатурка механизированная гипсовая или цементная","66","Омск","1","top","механизированная штукатурка","unassigned","informational","high","signals","guide","","","",""
"штукатурка механизированная гипсовая или цементная","11318","Омская область","1","top","механизированная штукатурка","unassigned","informational","high","signals","guide","","","",""
"штукатурная станция для механизированной штукатурки","11318","Омская область","1","top","механизированная штукатурка","assigned","informational","low","intent-default","guide","P01","Механизированная или ручная штукатурка","4","механизированн* штукатурк*"