phrase,region_id,region_name,count,types,seeds
"стяжки","11318","Омская область","10407","association","полусухая стяжка"
"бура","11318","Омская область","9043","association","бурение скважин"
"стяжки","66","Омск","8222","association","полусухая стяжка"
"бура","66","Омск","6247","association","бурение скважин"
"банное","11318","Омская область","4988","association","готовая баня"
"стяжка пола","11318","Омская область","3958","association","полусухая стяжка"
"банное","66","Омск","3617","association","готовая баня"
"стяжка пола","66","Омск","3090","association","полусухая стяжка"
"буровая","11318","Омская область","1764","association","бурение скважин"
"полусухая стяжка","11318","Омская область","1636","top","полусухая стяжка"
"баня под ключ","11318","Омская область","1521","top","баня под ключ"
"зимние ботинки","11318","Омская область","1438","association","баня зимой"
"полусухая стяжка","66","Омск","1320","top","полусухая стяжка"
"бурят","11318","Омская область","1190","association","бурение скважин"
"буровая","66","Омск","1175","association","бурение скважин"
"зимние ботинки","66","Омск","1143","association","баня зимой"
"готовые бани","11318","Омская область","1124","top","готовая баня"
"банька","11318","Омская область","1070","association","готовая баня"
"полусухая стяжка пола","11318","Омская область","1005","top","полусухая стяжка"
"баня под ключ","66","Омск","948","top","баня под ключ"
"каркасная баня","11318","Омская область","900","association|top","баня под ключ|каркасная баня"
"бурят","66","Омск","884","association","бурение скважин"
"полусухая стяжка пола","66","Омск","802","top","полусухая стяжка"
"баня под ключ в омске","11318","Омская область","779","top","баня под ключ"
"механизированная штукатурка","11318","Омская область","766","top","механизированная штукатурка"
"механизированной штукатуркой механизируемая штукатурка","11318","Омская область","766","top","механизированная штукатурка"
"механизировать штукатурка","11318","Омская область","766","top","механизированная штукатурка"
"борщевая заправка на зиму в банках","11318","Омская область","756","association","баня зимой"
"банька","66","Омск","732","association","готовая баня"
"щи на зиму","11318","Омская область","728","association","баня зимой"
"готовые бани","66","Омск","719","top","готовая баня"
"бурение скважин","11318","Омская область","690","top","бурение скважин"
"банный комплекс","11318","Омская область","645","association","баня 2х2|баня 4х2|баня на участок|готовая баня|доставка бани"
"каркасная баня","66","Омск","637","association|top","баня под ключ|каркасная баня"
"механизированная штукатурка","66","Омск","559","top","механизированная штукатурка"
"механизированной штукатуркой механизируемая штукатурка","66","Омск","559","top","механизированная штукатурка"
"механизировать штукатурка","66","Омск","559","top","механизированная штукатурка"
"банный комплекс","66","Омск","558","association","баня 2х2|баня 4х2|баня на участок|готовая баня|доставка бани"
"готовые бани в омске","11318","Омская область","546","top","готовая баня"
"бабы в бане","11318","Омская область","515","association","баня зимой|мобильная баня"
"купить готовую баню","11318","Омская область","502","top","готовая баня"
"бурение скважин","66","Омск","486","top","бурение скважин"
"баня под ключ цена","11318","Омская область","474","top","баня под ключ"
"баня под ключ в омске","66","Омск","469","top","баня под ключ"
"буровая установка","11318","Омская область","423","association","бурение скважин"
"буровые установки","11318","Омская область","423","association","бурение скважин"
"борщевая заправка на зиму в банках","66","Омск","407","association","баня зимой"
"дрова для бани","11318","Омская область","396","association","кедровая баня"
"щи на зиму в банках","11318","Омская область","389","association","баня зимой"
"строительство бани","11318","Омская область","383","association","фундамент под баню"
"баня под ключ омск цены","11318","Омская область","367","top","баня под ключ"
"мобильная баня","11318","Омская область","364","top","мобильная баня"
"дерево для бани","11318","Омская область","363","association","кедровая баня"
"парно в бане","11318","Омская область","361","association","баня под ключ"
"купить баню под ключ","11318","Омская область","351","top","баня под ключ"
"готовые бани в омске","66","Омск","348","top","готовая баня"
"купить готовую баню","66","Омск","344","top","готовая баня"
"бани в омске купить готовую","11318","Омская область","332","top","готовая баня"
"щи на зиму в банках рецепты","11318","Омская область","331","association","баня зимой"
"щи на зиму","66","Омск","324","association","баня зимой"
"баня под ключ недорого","11318","Омская область","316","top","баня под ключ"
"стяжки пластиковые","11318","Омская область","312","association","полусухая стяжка"
"буровая установка","66","Омск","309","association","бурение скважин"
"буровые установки","66","Омск","309","association","бурение скважин"
"бабы в бане","66","Омск","303","association","баня зимой|мобильная баня"
"девки в бане","11318","Омская область","298","association","баня зимой|мобильная баня"
"строительство бани","66","Омск","293","association","фундамент под баню"
"купить баню под ключ в омске","11318","Омская область","291","top","баня под ключ"
"баня на участке","11318","Омская область","290","top","баня на участок"
"баня под ключ в омске недорого","11318","Омская область","285","top","баня под ключ"
"заготовка для борща на зиму в банках","11318","Омская область","285","association","баня зимой"
"мобильная баня","66","Омск","260","top","мобильная баня"
"баня под ключ цена","66","Омск","258","top","баня под ключ"
"штукатурная смесь","11318","Омская область","249","association","механизированная штукатурка"
"бани в омске купить готовую","66","Омск","241","top","готовая баня"
"строим баню","11318","Омская область","240","association","фундамент под баню"
"купить баню под ключ","66","Омск","237","top","баня под ключ"
"дерево для бани","66","Омск","236","association","кедровая баня"
"парно в бане","66","Омск","227","association","баня под ключ"
"сухая стяжка пола","11318","Омская область","223","association","полусухая стяжка"
"дрова для бани","66","Омск","218","association","кедровая баня"
"баня на сваях","11318","Омская область","213","association","фундамент под баню"
"баня под ключ недорого","66","Омск","208","top","баня под ключ"
"баня на участке","66","Омск","202","top","баня на участок"
"готовая баня цена","11318","Омская область","202","top","готовая баня"
"заготовка для борща на зиму в банках","66","Омск","200","association","баня зимой"
"бурильщик","11318","Омская область","199","association","бурение скважин"
"ххх в бане","11318","Омская область","199","association","каркасная баня"
"баня под ключ омск цены","66","Омск","198","top","баня под ключ"
"стяжки пластиковые","66","Омск","197","association","полусухая стяжка"
"штукатурная смесь","66","Омск","197","association","механизированная штукатурка"
"баня купить под ключ недорого","11318","Омская область","192","top","баня под ключ"
"как штукатурить стены","11318","Омская область","191","association","механизированная штукатурка"
"купить баню под ключ в омске","66","Омск","190","top","баня под ключ"
"фундамент под баню","11318","Омская область","183","top","фундамент под баню"
"баня недорого под ключ цены","11318","Омская область","182","top","баня под ключ"
"баня под ключ в омске недорого","66","Омск","178","top","баня под ключ"
"баня с доставкой","11318","Омская область","178","top","доставка бани"
"ямобур","11318","Омская область","178","association","бурение скважин"
"купить баню в омске под ключ недорого","11318","Омская область","176","top","баня под ключ"
"тини бани","11318","Омская область","175","association","баня под ключ"
"щи на зиму в банках","66","Омск","174","association","баня зимой"
"каркас для ванны","11318","Омская область","171","association","каркасная баня"
"стяжка пола в квартире","11318","Омская область","167","association","полусухая стяжка"
"девки в бане","66","Омск","166","association","баня зимой|мобильная баня"
"каркасная баня своими руками","11318","Омская область","166","top","каркасная баня"
"бани под ключ фото","11318","Омская область","159","top","баня под ключ"
"стяжка пола в квартире","66","Омск","158","association","полусухая стяжка"
"готовые бани под","11318","Омская область","152","top","готовая баня"
"щи на зиму в банках рецепты","66","Омск","151","association","баня зимой"
"как штукатурить стены","66","Омск","149","association","механизированная штукатурка"
"сухая стяжка пола","66","Омск","149","association","полусухая стяжка"
"строим баню","66","Омск","148","association","фундамент под баню"
"баня под ключ фото цены","11318","Омская область","145","top","баня под ключ"
"бурение скважин в омске","11318","Омская область","145","top","бурение скважин"
"бурильщик","66","Омск","144","association","бурение скважин"
"бани с доставкой омск","11318","Омская область","143","top","доставка бани"
"баня готовый ключ","11318","Омская область","143","top","готовая баня"
"готовая баня под ключ","11318","Омская область","143","top","баня под ключ|готовая баня"
"тини бани","66","Омск","142","association","баня под ключ"
"фото бани под ключ в омске","11318","Омская область","139","top","баня под ключ"
"баня купить под ключ недорого","66","Омск","137","top","баня под ключ"
"каркас для ванны","66","Омск","136","association","каркасная баня"
"бани под ключ омск цена фото","11318","Омская область","134","top","баня под ключ"
"купить баню под ключ цена","11318","Омская область","134","top","баня под ключ"
"купить сауну","11318","Омская область","134","association","доставка бани"
"сауна купить","11318","Омская область","134","association","доставка бани"
"баня зимой","11318","Омская область","130","top","баня зимой"
"баня с доставкой","66","Омск","130","top","доставка бани"
"кедровые бани","11318","Омская область","130","top","кедровая баня"
"купить баню в омске под ключ цена","11318","Омская область","130","top","баня под ключ"
"баня ню","11318","Омская область","128","association","каркасная баня"
"готовая баня цена","66","Омск","127","top","готовая баня"
"баня бочка под ключ","11318","Омская область","126","top","баня под ключ"
"ямобур","66","Омск","125","association","бурение скважин"
"готовые бани в омске цены","11318","Омская область","122","top","готовая баня"
"кедровые бани","66","Омск","121","top","кедровая баня"
"мобильные бани в омске","11318","Омская область","121","top","мобильная баня"
"купить баню в омске под ключ недорого","66","Омск","120","top","баня под ключ"
"бурение скважин на воду","11318","Омская область","117","top","бурение скважин"
"фундамент под баню","66","Омск","116","top","фундамент под баню"
"купить бани под ключ недорого цена","11318","Омская область","114","top","баня под ключ"
"цементно песчаная стяжка","11318","Омская область","113","association","полусухая стяжка"
"бурение скважин в омске","66","Омск","106","top","бурение скважин"
"ххх в бане","66","Омск","106","association","каркасная баня"
"бани с доставкой омск","66","Омск","105","top","доставка бани"
"баня недорого под ключ цены","66","Омск","105","top","баня под ключ"
"тани бани","11318","Омская область","105","association","кедровая баня"
"баня под ключ с доставкой","11318","Омская область","103","top","баня под ключ|доставка бани"
"баня под с доставкой","11318","Омская область","103","top","доставка бани"
"баня ню","66","Омск","101","association","каркасная баня"
"буровая машина","11318","Омская область","101","association","бурение скважин"
"каркас бани","11318","Омская область","101","association","каркасная баня"
"баня бочка под ключ цена","11318","Омская область","100","top","баня под ключ"
"каркасная баня своими руками","66","Омск","98","top","каркасная баня"
"цементно песчаная стяжка","66","Омск","98","association","полусухая стяжка"
"баня на сваях","66","Омск","97","association","фундамент под баню"
"баня из кедра","11318","Омская область","95","association","кедровая баня"
"полусухая стяжка пола омск","11318","Омская область","94","top","полусухая стяжка"
"готовые бани под ключ в омске","11318","Омская область","93","top","баня под ключ|готовая баня"
"бани под ключ недорого фото","11318","Омская область","92","top","баня под ключ"
"бани под ключ цена и фото недорого","11318","Омская область","92","top","баня под ключ"
"полусухая стяжка пола омск","66","Омск","91","top","полусухая стяжка"
"купить сауну","66","Омск","90","association","доставка бани"
"сауна купить","66","Омск","90","association","доставка бани"
"готовые бани с доставкой","11318","Омская область","88","top","готовая баня|доставка бани"
"какая стяжка полусухая","11318","Омская область","88","top","полусухая стяжка"
"готовые бани под","66","Омск","86","top","готовая баня"
"сауна это","11318","Омская область","86","association","баня на участок"
"бани мани","11318","Омская область","84","association","баня зимой|каркасная баня"
"бани под ключ фото","66","Омск","83","top","баня под ключ"
"банька парилка","11318","Омская область","82","association","баня 2х2|баня 4х2|баня на участок|готовая баня|доставка бани"
"баня зимой","66","Омск","82","top","баня зимой"
"как сделать стяжку пола","11318","Омская область","82","association","полусухая стяжка"
"оштукатуривание стен","11318","Омская область","82","association","механизированная штукатурка"
"баня из кедра","66","Омск","81","association","кедровая баня"
"купить баню под ключ цена","66","Омск","81","top","баня под ключ"
"сруб бани цена","11318","Омская область","81","association","баня под ключ"
"стяжка пола это","11318","Омская область","81","association","полусухая стяжка"
"готовая баня недорого","11318","Омская область","80","top","готовая баня"
"мобильная баня купить","11318","Омская область","80","top","мобильная баня"
"угловая баня","11318","Омская область","80","association","баня под ключ"
"банный день","11318","Омская область","79","association","баня 2х2"
"как оштукатурить стену","11318","Омская область","78","association","механизированная штукатурка"
"какая стяжка полусухая","66","Омск","78","top","полусухая стяжка"
"купить баню в омске под ключ цена","66","Омск","78","top","баня под ключ"
"фото готовых бань","11318","Омская область","78","top","готовая баня"
"цена готовой бани под ключ","11318","Омская область","77","top","баня под ключ|готовая баня"
"баня готовый ключ","66","Омск","76","top","готовая баня"
"баня с доставкой и установкой","11318","Омская область","76","top","доставка бани"
"готовая баня под ключ","66","Омск","76","top","баня под ключ|готовая баня"
"готовые бани с доставкой","66","Омск","76","top","готовая баня|доставка бани"
"кедровые бани омск","11318","Омская область","76","top","кедровая баня"
"пол в каркасной бане","11318","Омская область","76","top","каркасная баня"
"готовая баня цена фото","11318","Омская область","75","top","готовая баня"
"предбанник в бане","11318","Омская область","75","association","каркасная баня"
"установка бани под ключ","11318","Омская область","75","top","баня под ключ"
"баня под ключ фото цены","66","Омск","74","top","баня под ключ"
"баня недорого доставка","11318","Омская область","73","top","доставка бани"
"баня под ключ с доставкой недорого","11318","Омская область","73","top","баня под ключ|доставка бани"
"кедровые бани омск","66","Омск","73","top","кедровая баня"
"мобильные бани в омске","66","Омск","72","top","мобильная баня"
"баня с доставкой и установкой под ключ","11318","Омская область","71","top","баня под ключ|доставка бани"
"купить бани под ключ недорого цена","66","Омск","71","top","баня под ключ"
"бани бочки под ключ омск","11318","Омская область","70","top","баня под ключ"
"баня на дачном участке","11318","Омская область","70","top","баня на участок"
"как заштукатурить стену","11318","Омская область","70","association","механизированная штукатурка"
"купить мобильную баню в омске","11318","Омская область","70","top","мобильная баня"
"сауна это","66","Омск","70","association","баня на участок"
"бурение скважин на воду","66","Омск","69","top","бурение скважин"
"стяжка пола это","66","Омск","69","association","полусухая стяжка"
"купить баню с доставкой","11318","Омская область","68","top","доставка бани"
"сибирские бани","11318","Омская область","68","association","кедровая баня"
"готовые бани в омске цены","66","Омск","67","top","готовая баня"
"ппу для бани","11318","Омская область","67","association","баня под ключ"
"баня под ключ с доставкой","66","Омск","65","top","баня под ключ|доставка бани"
"баня под с доставкой","66","Омск","65","top","доставка бани"
"бура что это","11318","Омская область","65","association","бурение скважин"
"буровая машина","66","Омск","65","association","бурение скважин"
"готовые бани в омске цены и фото","11318","Омская область","65","top","готовая баня"
"ню в бане","11318","Омская область","65","association","баня зимой|баня под ключ|каркасная баня|мобильная баня"
"тани бани","66","Омск","65","association","кедровая баня"
"оштукатуривание стен","66","Омск","64","association","механизированная штукатурка"
"баня на дачном участке","66","Омск","63","top","баня на участок"
"готовые бани с доставкой омск","11318","Омская область","63","top","готовая баня|доставка бани"
"фото бани под ключ в омске","66","Омск","63","top","баня под ключ"
"бани под ключ омск цена фото","66","Омск","62","top","баня под ключ"
"баня бочка под ключ цена в омске","11318","Омская область","62","top","баня под ключ"
"бурение скважин под","11318","Омская область","62","top","бурение скважин"
"купить баню с доставкой в омске","11318","Омская область","62","top","доставка бани"
"сетка для стяжки пола","11318","Омская область","62","association","полусухая стяжка"
"баня бочка под ключ","66","Омск","60","top","баня под ключ"
"как сделать стяжку пола","66","Омск","60","association","полусухая стяжка"
"сибирские бани","66","Омск","60","association","кедровая баня"
"купить баню с доставкой","66","Омск","59","top","доставка бани"
"буровой раствор","11318","Омская область","58","association","бурение скважин"
"как париться в бане","11318","Омская область","58","association","каркасная баня"
"готовые бани с доставкой омск","66","Омск","57","top","готовая баня|доставка бани"
"купить готовую баню с доставкой","11318","Омская область","57","top","готовая баня|доставка бани"
"штукатурно клеевая смесь","11318","Омская область","56","association","механизированная штукатурка"
"банные печки","11318","Омская область","55","association","фундамент под баню"
"бурение скважин на воду в омске","11318","Омская область","55","top","бурение скважин"
"бурение скважин цена","11318","Омская область","55","top","бурение скважин"
"каркасная баня в омске","11318","Омская область","55","top","каркасная баня"
"купить баню с доставкой в омске","66","Омск","55","top","доставка бани"
"банный день","66","Омск","54","association","баня 2х2"
"баня купить готовую цена","11318","Омская область","54","top","готовая баня"
"бурильная установка","11318","Омская область","54","association","бурение скважин"
"каркасная баня в омске","66","Омск","54","top","каркасная баня"
"каркасная баня пошаговая","11318","Омская область","54","top","каркасная баня"
"купить баню бу","11318","Омская область","54","association","баня под ключ"
"купить готовую баню в омске с доставкой","11318","Омская область","54","top","готовая баня|доставка бани"
"пристройка к бане","11318","Омская область","53","association","фундамент под баню"
"банный рай","11318","Омская область","52","association","кедровая баня"
"доставка бани цена","11318","Омская область","52","top","доставка бани"
"каркасная баня своими руками пошаговая","11318","Омская область","52","top","каркасная баня"
"парение в бане","11318","Омская область","52","association","каркасная баня"
"чем штукатурить стены","11318","Омская область","52","association","механизированная штукатурка"
"бани в омске купить готовую цена омск","11318","Омская область","51","top","готовая баня"
"бани мани","66","Омск","51","association","баня зимой|каркасная баня"
"купить готовую баню с доставкой","66","Омск","51","top","готовая баня|доставка бани"
"баня с доставкой и установкой цена","11318","Омская область","50","top","доставка бани"
"гараж баня на участке","11318","Омская область","50","top","баня на участок"
"песня банька парилка","11318","Омская область","50","association","баня 2х2|баня зимой|мобильная баня"
"полусухая стяжка в квартире","11318","Омская область","50","top","полусухая стяжка"
"баня лука","11318","Омская область","49","association","каркасная баня"
"купить готовую баню в омске с доставкой","66","Омск","49","top","готовая баня|доставка бани"
"полусухая стяжка в квартире","66","Омск","49","top","полусухая стяжка"
"предбанник в бане","66","Омск","49","association","каркасная баня"
"сетка для стяжки пола","66","Омск","49","association","полусухая стяжка"
"угловая баня","66","Омск","49","association","баня под ключ"
"бани купить готовые недорогие","11318","Омская область","48","top","готовая баня"
"баня с доставкой и установкой","66","Омск","48","top","доставка бани"
"готовые бани под ключ недорого","11318","Омская область","48","top","баня под ключ|готовая баня"
"пол в каркасной бане","66","Омск","48","top","каркасная баня"
"сруб бани цена","66","Омск","48","association","баня под ключ"
"банные печки","66","Омск","47","association","фундамент под баню"
"банька парилка","66","Омск","47","association","баня 2х2|баня 4х2|баня на участок|готовая баня|доставка бани"
"буровой раствор","66","Омск","47","association","бурение скважин"
"полусухая стяжка своими руками","11318","Омская область","47","top","полусухая стяжка"
"русская банька","11318","Омская область","47","association","готовая баня"
"строительство бани под ключ","11318","Омская область","47","top","баня под ключ"
"установка бани под ключ цена","11318","Омская область","47","top","баня под ключ"
"бурение скважин под ключ","11318","Омская область","46","top","бурение скважин"
"бурение скважин скважина ключ","11318","Омская область","46","top","бурение скважин"
"готовая баня на дачу","66","Омск","46","top","готовая баня"
"готовая баня под ключ недорого цена","11318","Омская область","46","top","баня под ключ|готовая баня"
"готовые бани недорого цены","11318","Омская область","46","top","готовая баня"
"как оштукатурить стену","66","Омск","46","association","механизированная штукатурка"
"как сделать пол в бане на сваях","11318","Омская область","46","association","фундамент под баню"
"bani","11318","Омская область","46","association","баня на участок|готовая баня|мобильная баня"
"бани недорогие готовые под ключ омск","11318","Омская область","45","top","баня под ключ|готовая баня"
"полусухая стяжка цена","11318","Омская область","45","top","полусухая стяжка"
"скважина после бурения","11318","Омская область","45","top","бурение скважин"
"смесь для стяжки пола","11318","Омская область","45","association","полусухая стяжка"
"строительство бани на участке","11318","Омская область","45","top","баня на участок"
"строительство бани под ключ","66","Омск","45","top","баня под ключ"
"баня с доставкой под ключ цена","11318","Омская область","44","top","баня под ключ|доставка бани"
"доставка бани на дачу","66","Омск","44","top","доставка бани"
"доставка бани на дачу","11318","Омская область","44","top","доставка бани"
"инструкция каркасной бани","11318","Омская область","44","top","каркасная баня"
"как заштукатурить стену","66","Омск","44","association","механизированная штукатурка"
"каркасная баня пошаговая инструкция","11318","Омская область","44","top","каркасная баня"
"каркасная баня своими руками пошаговая инструкция","11318","Омская область","44","top","каркасная баня"
"купить готовую баню на дачу","66","Омск","44","top","готовая баня"
"купить готовую баню на дачу","11318","Омская область","44","top","готовая баня"
"модульная баня под ключ","11318","Омская область","44","top","баня под ключ"
"бани омск купить готовые недорого","11318","Омская область","43","top","готовая баня"
"банни займ","11318","Омская область","43","association","доставка бани"
"баня недорого доставка","66","Омск","43","top","доставка бани"
"баня под ключ с доставкой недорого","66","Омск","43","top","баня под ключ|доставка бани"
"баня с доставкой и установкой под ключ","66","Омск","43","top","баня под ключ|доставка бани"
"готовые бани под ключ в омске","66","Омск","43","top","баня под ключ|готовая баня"
"полусухая стяжка в омске","11318","Омская область","43","top","полусухая стяжка"
"полусухая стяжка пола в квартире","11318","Омская область","43","top","полусухая стяжка"
"стены каркасной бани","11318","Омская область","43","top","каркасная баня"
"установка бани под ключ","66","Омск","43","top","баня под ключ"
"бани под ключ недорого фото","66","Омск","42","top","баня под ключ"
"бани под ключ цена и фото недорого","66","Омск","42","top","баня под ключ"
"баня купить готовую цена","66","Омск","42","top","готовая баня"
"бурильная установка","66","Омск","42","association","бурение скважин"
"купить баню бу","66","Омск","42","association","баня под ключ"
"полусухая стяжка пола в квартире","66","Омск","42","top","полусухая стяжка"
"цена готовой бани под ключ","66","Омск","42","top","баня под ключ|готовая баня"
"банный рай","66","Омск","41","association","кедровая баня"
"баня на участок план","11318","Омская область","41","top","баня на участок"
"бурение под скважины омск","11318","Омская область","41","top","бурение скважин"
"бурение скважин каких","11318","Омская область","41","top","бурение скважин"
"бурение скважины омск цена","11318","Омская область","41","top","бурение скважин"
"каркас бани","66","Омск","41","association","каркасная баня"
"каркас полка в бане","11318","Омская область","41","association","каркасная баня"
"парение в бане","66","Омск","41","association","каркасная баня"
"штукатурно клеевая смесь","66","Омск","41","association","механизированная штукатурка"
"бани в омске купить готовую цена омск","66","Омск","40","top","готовая баня"
"бура что это","66","Омск","40","association","бурение скважин"
"бурение скважин под","66","Омск","40","top","бурение скважин"
"бурение скважин под воду","11318","Омская область","40","top","бурение скважин"
"готовая баня недорого","66","Омск","40","top","готовая баня"
"готовые бани под ключ фото","11318","Омская область","40","top","баня под ключ|готовая баня"
"готовые бани под ключ фото цена","11318","Омская область","40","top","баня под ключ|готовая баня"
"купить баню под ключ недорого фото","11318","Омская область","40","top","баня под ключ"
"купить баню под ключ фото","11318","Омская область","40","top","баня под ключ"
"купить баню под ключ цена фото","11318","Омская область","40","top","баня под ключ"
"купить омске баню под ключ фото","11318","Омская область","40","top","баня под ключ"
"полусухая стяжка цена","66","Омск","40","top","полусухая стяжка"
"строительство бани на участке","66","Омск","40","top","баня на участок"
"фото готовых бань","66","Омск","40","top","готовая баня"
"фундаментная балка","66","Омск","40","association","фундамент под баню"
"фундаментная балка","11318","Омская область","40","association","фундамент под баню"
"баня бочка под ключ цена","66","Омск","39","top","баня под ключ"
"бурение скважин в омске под ключ","11318","Омская область","39","top","бурение скважин"
"мобильная баня купить","66","Омск","39","top","мобильная баня"
"ню в бане","66","Омск","39","association","баня зимой|баня под ключ|каркасная баня|мобильная баня"
"полусухая стяжка в омске","66","Омск","39","top","полусухая стяжка"
"полусухая стяжка сколько","11318","Омская область","39","top","полусухая стяжка"
"пристройка к бане","66","Омск","39","association","фундамент под баню"
"готовая баня цена фото","66","Омск","37","top","готовая баня"
"как париться в бане","66","Омск","37","association","каркасная баня"
"чем штукатурить стены","66","Омск","37","association","механизированная штукатурка"
"bani","66","Омск","37","association","баня на участок|готовая баня|мобильная баня"
"банни займ","66","Омск","36","association","доставка бани"
"бурение скважин на воду цена","11318","Омская область","36","top","бурение скважин"
"строительство каркасной бани","11318","Омская область","36","association|top","каркасная баня|фундамент под баню"
"бурение под скважину цена","11318","Омская область","35","top","бурение скважин"
"заливка полусухой стяжки","11318","Омская область","35","top","полусухая стяжка"
"полусухая стяжка теплый","11318","Омская область","35","top","полусухая стяжка"
"проект каркасной бани","11318","Омская область","35","top","каркасная баня"
"скважина бурение под ключ цена","11318","Омская область","35","top","бурение скважин"
"заливка полусухой стяжки","66","Омск","34","top","полусухая стяжка"
"купить готовую баню под ключ","11318","Омская область","34","top","баня под ключ|готовая баня"
"сандуновские бани","11318","Омская область","34","association","баня зимой|кедровая баня"
"формы бань на участке","11318","Омская область","34","top","баня на участок"
"бани бочки под ключ омск","66","Омск","33","top","баня под ключ"
"бани под ключ от производителя","11318","Омская область","33","top","баня под ключ"
"баня при въезде на участок","11318","Омская область","33","top","баня на участок"
"баня с доставкой и установкой цена","66","Омск","33","top","доставка бани"
"бурение скважин каких","66","Омск","33","top","бурение скважин"
"бурение скважин на воду в омске","66","Омск","33","top","бурение скважин"
"доставка бани цена","66","Омск","33","top","доставка бани"
"полусухая стяжка купить","11318","Омская область","33","top","полусухая стяжка"
"сколько стоит баня под ключ","11318","Омская область","33","top","баня под ключ"
"строительство каркасной бани","66","Омск","33","association|top","каркасная баня|фундамент под баню"
"бани под ключ недорого от производителя","11318","Омская область","32","top","баня под ключ"
"бурение скважин на воду под ключ","11318","Омская область","32","top","бурение скважин"
"бурение скважин под ключ","66","Омск","32","top","бурение скважин"
"бурение скважин скважина ключ","66","Омск","32","top","бурение скважин"
"бурения скважины воду ключ","11318","Омская область","32","top","бурение скважин"
"каркасный дом баня","66","Омск","32","top","каркасная баня"
"каркасный дом баня","11318","Омская область","32","top","каркасная баня"
"k12 ru банька","11318","Омская область","32","association","баня 2х2|баня 4х2|готовая баня"
"баня под ключ без посредников","11318","Омская область","31","top","баня под ключ"
"баня под ключ недорого без посредников","11318","Омская область","31","top","баня под ключ"
"бурение скважины на воду под ключ цена","11318","Омская область","31","top","бурение скважин"
"как отштукатурить стены","11318","Омская область","31","association","механизированная штукатурка"
"каркасная баня 2 2","11318","Омская область","31","top","каркасная баня"
"каркасная баня купить","11318","Омская область","31","top","каркасная баня"
"куплю баню под ключ недорого без посредников","11318","Омская область","31","top","баня под ключ"
"лучшая полусухая стяжка","11318","Омская область","31","top","полусухая стяжка"
"построить баню на участке","11318","Омская область","31","top","баня на участок"
"сваи для бани","11318","Омская область","31","association","фундамент под баню"
"скважина после бурения","66","Омск","31","top","бурение скважин"
"цена на бурение скважины под воду","11318","Омская область","31","top","бурение скважин"
"12к банька","11318","Омская область","30","association","баня 2х2|баня 4х2|готовая баня|доставка бани|мобильная баня"
"баня сруб 3х4","11318","Омская область","30","association","баня под ключ"
"бурение под скважины омск","66","Омск","30","top","бурение скважин"
"бурение скважины на воду цена омск","11318","Омская область","30","top","бурение скважин"
"как отштукатурить стены","66","Омск","30","association","механизированная штукатурка"
"каркасная баня пошаговая","66","Омск","30","top","каркасная баня"
"каркасная баня своими руками пошаговая","66","Омск","30","top","каркасная баня"
"кедровая баня омск демьяна","11318","Омская область","30","top","кедровая баня"
"купить мобильную баню в омске","66","Омск","30","top","мобильная баня"
"модульная баня под ключ","66","Омск","30","top","баня под ключ"
"омск бурение скважин под ключ цена","11318","Омская область","30","top","бурение скважин"
"полусухая цементная стяжка","66","Омск","30","top","полусухая стяжка"
"полусухая цементная стяжка","11318","Омская область","30","top","полусухая стяжка"
"расстояние бани на участке","11318","Омская область","30","top","баня на участок"
"смесь для стяжки пола","66","Омск","30","association","полусухая стяжка"
"таз для бани","11318","Омская область","30","association","каркасная баня"
"баня готовая под ключ с доставкой","11318","Омская область","29","top","баня под ключ|готовая баня|доставка бани"
"бурение скважин в омске под ключ","66","Омск","29","top","бурение скважин"
"буровой насос","11318","Омская область","29","association","бурение скважин"
"готовый баня сколько","11318","Омская область","29","top","готовая баня"
"каркасная баня купить омск","11318","Омская область","29","top","каркасная баня"
"каркасная баня на сваях","11318","Омская область","29","top","каркасная баня"
"кедровая баня омск демьяна","66","Омск","29","top","кедровая баня"
"бани купить готовые недорогие","66","Омск","28","top","готовая баня"
"баня из бруса под ключ","11318","Омская область","28","top","баня под ключ"
"баня с доставкой под ключ цена","66","Омск","28","top","баня под ключ|доставка бани"
"буровой насос","66","Омск","28","association","бурение скважин"
"готовые бани с доставкой и установкой","11318","Омская область","28","top","готовая баня|доставка бани"
"готовые бани установкой","11318","Омская область","28","top","готовая баня"
"заливка пола полусухой стяжкой","66","Омск","28","top","полусухая стяжка"
"заливка пола полусухой стяжкой","11318","Омская область","28","top","полусухая стяжка"
"каркасная баня 3 3","11318","Омская область","28","top","каркасная баня"
"каркасная баня купить","66","Омск","28","top","каркасная баня"
"лучшая полусухая стяжка","66","Омск","28","top","полусухая стяжка"
"модульная баня под ключ цена","11318","Омская область","28","top","баня под ключ"
"полусухая стяжка пола цена","11318","Омская область","28","top","полусухая стяжка"
"полусухая стяжка теплый","66","Омск","28","top","полусухая стяжка"
"раствор для стяжки пола","11318","Омская область","28","association","полусухая стяжка"
"теплая каркасная баня","11318","Омская область","28","top","каркасная баня"
"установка бани под ключ цена","66","Омск","28","top","баня под ключ"
"k12 ru банька","66","Омск","28","association","баня 2х2|баня 4х2|готовая баня"
"аппарат полусухой стяжки","66","Омск","27","top","полусухая стяжка"
"аппарат полусухой стяжки","11318","Омская область","27","top","полусухая стяжка"
"бани под ключ от производителя цена","11318","Омская область","27","top","баня под ключ"
"баня лука","66","Омск","27","association","каркасная баня"
"бурение скважин цена","66","Омск","27","top","бурение скважин"
"готовые бани в омске цены и фото","66","Омск","27","top","готовая баня"
"полусухая стяжка пола своими руками","11318","Омская область","27","top","полусухая стяжка"
"полусухая стяжка после заливки","66","Омск","27","top","полусухая стяжка"
"полусухая стяжка после заливки","11318","Омская область","27","top","полусухая стяжка"
"ппу для бани","66","Омск","27","association","баня под ключ"
"русская банька","66","Омск","27","association","готовая баня"
"стены каркасной бани","66","Омск","27","top","каркасная баня"
"стройка бани","11318","Омская область","27","association","фундамент под баню"
"бурение абиссинской скважины","66","Омск","26","top","бурение скважин"
"бурение абиссинской скважины","11318","Омская область","26","top","бурение скважин"
"каркасная баня купить омск","66","Омск","26","top","каркасная баня"
"каркасная модульная баня","66","Омск","26","top","каркасная баня"
"каркасная модульная баня","11318","Омская область","26","top","каркасная баня"
"омск строительство бань под ключ","66","Омск","26","top","баня под ключ"
"омск строительство бань под ключ","11318","Омская область","26","top","баня под ключ"
"полусухая стяжка купить","66","Омск","26","top","полусухая стяжка"
"полусухая стяжка своими руками","66","Омск","26","top","полусухая стяжка"
"полусухая стяжка сколько","66","Омск","26","top","полусухая стяжка"
"пролив полусухой стяжки","11318","Омская область","26","top","полусухая стяжка"
"сколько бурение скважин","11318","Омская область","26","top","бурение скважин"
"бания","11318","Омская область","25","association","готовая баня"
"инструкция каркасной бани","66","Омск","25","top","каркасная баня"
"как сделать полусухую стяжку","11318","Омская область","25","top","полусухая стяжка"
"каркасная баня пошаговая инструкция","66","Омск","25","top","каркасная баня"
"каркасная баня своими руками пошаговая инструкция","66","Омск","25","top","каркасная баня"
"купить готовую баню под ключ в омске","11318","Омская область","25","top","баня под ключ|готовая баня"
"полусухая стяжка пола цена","66","Омск","25","top","полусухая стяжка"
"пролив полусухой стяжки","66","Омск","25","top","полусухая стяжка"
"стоим каркасную баню","11318","Омская область","25","top","каркасная баня"
"строительство бани под ключ цена","11318","Омская область","25","top","баня под ключ"
"баня бочка под ключ цена в омске","66","Омск","24","top","баня под ключ"
"баня на земельном участке","11318","Омская область","24","top","баня на участок"
"буровой станок","11318","Омская область","24","association","бурение скважин"
"готовая баня под ключ недорого цена","66","Омск","24","top","баня под ключ|готовая баня"
"готовые бани недорого цены","66","Омск","24","top","готовая баня"
"готовые бани под ключ недорого","66","Омск","24","top","баня под ключ|готовая баня"
"каркасный модульный дом баня","66","Омск","24","top","каркасная баня"
"каркасный модульный дом баня","11318","Омская область","24","top","каркасная баня"
"купить дом баня каркасная","66","Омск","24","top","каркасная баня"
"купить дом баня каркасная","11318","Омская область","24","top","каркасная баня"
"модульные бани под ключ омск","11318","Омская область","24","top","баня под ключ"
"модульные каркасные бани купить","66","Омск","24","top","каркасная баня"
"модульные каркасные бани купить","11318","Омская область","24","top","каркасная баня"
"модульный каркасный дом баню купить в омске","66","Омск","24","top","каркасная баня"
"модульный каркасный дом баню купить в омске","11318","Омская область","24","top","каркасная баня"
"парилка в каркасной бане","66","Омск","24","top","каркасная баня"
"парилка в каркасной бане","11318","Омская область","24","top","каркасная баня"
"пол после полусухой стяжки","11318","Омская область","24","top","полусухая стяжка"
"постройка бани на участке","11318","Омская область","24","top","баня на участок"
"проект каркасной бани","66","Омск","24","top","каркасная баня"
"сандуновские бани","66","Омск","24","association","баня зимой|кедровая баня"
"сухая стяжка пола что это","11318","Омская область","24","association","полусухая стяжка"
"адрес мобильные бани","66","Омск","23","top","мобильная баня"
"адрес мобильные бани","11318","Омская область","23","top","мобильная баня"
"бани омск купить готовые недорого","66","Омск","23","top","готовая баня"
"бурение скважины омск цена","66","Омск","23","top","бурение скважин"
"готовые бани 3 3","11318","Омская область","23","top","готовая баня"
"готовые бани под установку","11318","Омская область","23","top","готовая баня"
"дом гараж баня на участке","11318","Омская область","23","top","баня на участок"
"каркасная баня отзывы","11318","Омская область","23","top","каркасная баня"
"мобильные бани цена","11318","Омская область","23","top","мобильная баня"
"модульная баня под ключ цена омск","11318","Омская область","23","top","баня под ключ"
"озеро банное","11318","Омская область","23","association","кедровая баня"
"строим баню на участке","11318","Омская область","23","top","баня на участок"
"эро в бане","11318","Омская область","23","association","фундамент под баню"
"баня готовая под ключ с доставкой","66","Омск","22","top","баня под ключ|готовая баня|доставка бани"
"баня под ключ область","11318","Омская область","22","top","баня под ключ"
"бурение скважин под воду","66","Омск","22","top","бурение скважин"
"бурение скважины своими руками","11318","Омская область","22","top","бурение скважин"
"гараж баня на участке","66","Омск","22","top","баня на участок"
"глубина бурения скважин","11318","Омская область","22","top","бурение скважин"
"готовые бани с доставкой и установкой","66","Омск","22","top","готовая баня|доставка бани"
"готовые бани установкой","66","Омск","22","top","готовая баня"
"как делать стяжку пола","11318","Омская область","22","association","полусухая стяжка"
"каркасная баня 3 3","66","Омск","22","top","каркасная баня"
"каркасные перегородки в бане","11318","Омская область","22","top","каркасная баня"
"купить готовую баню под ключ","66","Омск","22","top","баня под ключ|готовая баня"
"лучшая каркасная баня","11318","Омская область","22","top","каркасная баня"
"пол после полусухой стяжки","66","Омск","22","top","полусухая стяжка"
"полусухая стяжка крыши","66","Омск","22","top","полусухая стяжка"
"полусухая стяжка крыши","11318","Омская область","22","top","полусухая стяжка"
"полусухая стяжка на плоской крыше","66","Омск","22","top","полусухая стяжка"
"полусухая стяжка на плоской крыше","11318","Омская область","22","top","полусухая стяжка"
"строительство бани под ключ цена","66","Омск","22","top","баня под ключ"
"бани недорогие готовые под ключ омск","66","Омск","21","top","баня под ключ|готовая баня"
"банные процедуры","11318","Омская область","21","association","баня на участок"
"баня из бруса под ключ","66","Омск","21","top","баня под ключ"
"баня под ключ в тюмени","11318","Омская область","21","top","баня под ключ"
"бурение под скважину цена","66","Омск","21","top","бурение скважин"
"бурение скважин на воду цена","66","Омск","21","top","бурение скважин"
"дешевые готовые бани","11318","Омская область","21","top","готовая баня"
"какой фундамент под баню","11318","Омская область","21","top","фундамент под баню"
"каркасная баня стоит ли","11318","Омская область","21","top","каркасная баня"
"кедровая баня на демьяна бедного","66","Омск","21","top","кедровая баня"
"кедровая баня на демьяна бедного","11318","Омская область","21","top","кедровая баня"
"кедровый парк бани","66","Омск","21","top","кедровая баня"
"кедровый парк бани","11318","Омская область","21","top","кедровая баня"
"ленточный фундамент под баню","11318","Омская область","21","top","фундамент под баню"
"песня банька парилка","66","Омск","21","association","баня 2х2|баня зимой|мобильная баня"
"полусухая стяжка пола на керамзит","66","Омск","21","top","полусухая стяжка"
"полусухая стяжка пола после заливки","66","Омск","21","top","полусухая стяжка"
"полусухая стяжка пола после заливки","11318","Омская область","21","top","полусухая стяжка"
"полусухая стяжка пола своими руками","66","Омск","21","top","полусухая стяжка"
"полусухая стяжка швы","11318","Омская область","21","top","полусухая стяжка"
"построить баню на участке","66","Омск","21","top","баня на участок"
"сваи для бани","66","Омск","21","association","фундамент под баню"
"скважина бурение под ключ цена","66","Омск","21","top","бурение скважин"
"сколько стоит готовая баня","11318","Омская область","21","top","готовая баня"
"станция для полусухой стяжки","11318","Омская область","21","top","полусухая стяжка"
"строительство бани на дачном участке","11318","Омская область","21","top","баня на участок"
"теплый пол в каркасной бане","11318","Омская область","21","top","каркасная баня"
"установка бань под ключ фото","11318","Омская область","21","top","баня под ключ"
"акулы у буровой","11318","Омская область","20","association","бурение скважин"
"бани под ключ баничева","66","Омск","20","top","баня под ключ"
"бани под ключ баничева","11318","Омская область","20","top","баня под ключ"
"банный дворик","11318","Омская область","20","association","баня 2х2|баня на участок"
"банный дом","11318","Омская область","20","association","доставка бани"
"баня с предбанником","11318","Омская область","20","association","каркасная баня"
"бурение скважин на воду под ключ","66","Омск","20","top","бурение скважин"
"бурение скважины на воду под ключ цена","66","Омск","20","top","бурение скважин"
"бурение скважины на воду цена омск","66","Омск","20","top","бурение скважин"
"бурения скважины воду ключ","66","Омск","20","top","бурение скважин"
"готовая баня 3 3 цена омск","11318","Омская область","20","top","готовая баня"
"делают ли каркасные бани","11318","Омская область","20","top","каркасная баня"
"диаметр бурения скважин","66","Омск","20","top","бурение скважин"
"диаметр бурения скважин","11318","Омская область","20","top","бурение скважин"
"каркасная баня отзывы","66","Омск","20","top","каркасная баня"
"каркасная баня фото","11318","Омская область","20","top","каркасная баня"
"кедровая баня на демьяна бедного омск","66","Омск","20","top","кедровая баня"
"кедровая баня на демьяна бедного омск","11318","Омская область","20","top","кедровая баня"
"мобильные бани адреса омск","66","Омск","20","top","мобильная баня"
"мобильные бани адреса омск","11318","Омская область","20","top","мобильная баня"
"омск бурение скважин под ключ цена","66","Омск","20","top","бурение скважин"
"полусухая стяжка пола омск цена","11318","Омская область","20","top","полусухая стяжка"
"скважины бурение область","11318","Омская область","20","top","бурение скважин"
"стоит ли делать каркасную баню","11318","Омская область","20","top","каркасная баня"
"строительство бань в омске под ключ цены","66","Омск","20","top","баня под ключ"
"строительство бань в омске под ключ цены","11318","Омская область","20","top","баня под ключ"
"цена на бурение скважины под воду","66","Омск","20","top","бурение скважин"
"авито готовые бани","11318","Омская область","19","top","готовая баня"
"баница","11318","Омская область","19","association","готовая баня"
"банный дворик","66","Омск","19","association","баня 2х2|баня на участок"
"баня бочка под ключ фото","11318","Омская область","19","top","баня под ключ"
"баня бочка под ключ цена фото","11318","Омская область","19","top","баня под ключ"
"баня на дачу под ключ","66","Омск","19","top","баня под ключ"
"баня на дачу под ключ","11318","Омская область","19","top","баня под ключ"
"глубина бурения скважин","66","Омск","19","top","бурение скважин"
"долото для бурения скважин","66","Омск","19","top","бурение скважин"
"долото для бурения скважин","11318","Омская область","19","top","бурение скважин"
"дом с баней на участке","11318","Омская область","19","top","баня на участок"
"каркасная баня 2 2","66","Омск","19","top","каркасная баня"
"каркасные бани под","11318","Омская область","19","top","каркасная баня"
"купить готовые бани под ключ цена","11318","Омская область","19","top","баня под ключ|готовая баня"
"мобильные бани цена","66","Омск","19","top","мобильная баня"
"строительство бани на дачном участке","66","Омск","19","top","баня на участок"
"штукатурная смесь для наружных работ","66","Омск","19","association","механизированная штукатурка"
"штукатурная смесь для наружных работ","11318","Омская область","19","association","механизированная штукатурка"
"а4 баня","11318","Омская область","18","association","баня под ключ"
"бани под ключ от производителя","66","Омск","18","top","баня под ключ"
"баня на участке снт","11318","Омская область","18","top","баня на участок"
"баня под ключ в тюмени","66","Омск","18","top","баня под ключ"
"бурение скважин купить","66","Омск","18","top","бурение скважин"
"бурение скважин купить","11318","Омская область","18","top","бурение скважин"
"залив фундамента под баню","66","Омск","18","top","фундамент под баню"
"залив фундамента под баню","11318","Омская область","18","top","фундамент под баню"
"заливка пола в квартире полусухой стяжкой","66","Омск","18","top","полусухая стяжка"
"заливка пола в квартире полусухой стяжкой","11318","Омская область","18","top","полусухая стяжка"
"заливка полусухой стяжки в квартире","66","Омск","18","top","полусухая стяжка"
"заливка полусухой стяжки в квартире","11318","Омская область","18","top","полусухая стяжка"
"как построить каркасную баню","11318","Омская область","18","top","каркасная баня"
"как сделать полусухую стяжку","66","Омск","18","top","полусухая стяжка"
"каркасная баня 2.5 на 2.5","11318","Омская область","18","top","каркасная баня"
"каркасная баня отзывы владельцев","11318","Омская область","18","top","каркасная баня"
"каркасная баня своими руками пошаговые фото","11318","Омская область","18","top","каркасная баня"
"каркасная баня своими руками фото","11318","Омская область","18","top","каркасная баня"
"каркасная баня фото пошаговое","11318","Омская область","18","top","каркасная баня"
"купить баню под ключ недорого фото","66","Омск","18","top","баня под ключ"
"купить баню под ключ фото","66","Омск","18","top","баня под ключ"
"купить баню под ключ цена фото","66","Омск","18","top","баня под ключ"
"купить омске баню под ключ фото","66","Омск","18","top","баня под ключ"
"расстояние бани на участке","66","Омск","18","top","баня на участок"
"схема каркасной бани","11318","Омская область","18","top","каркасная баня"
"утеплитель для каркасной бани","11318","Омская область","18","top","каркасная баня"
"бани 2 3 каркасные","11318","Омская область","17","top","каркасная баня"
"бани под ключ недорого от производителя","66","Омск","17","top","баня под ключ"
"банные процедуры","66","Омск","17","association","баня на участок"
"баня на земельном участке","66","Омск","17","top","баня на участок"
"баня под ключ от производителей купить","11318","Омская область","17","top","баня под ключ"
"бурение скважин видео","11318","Омская область","17","top","бурение скважин"
"бурение скважин омская область","11318","Омская область","17","top","бурение скважин"
"готовые бани от производителя","11318","Омская область","17","top","готовая баня"
"готовые бани от производителя и цены","11318","Омская область","17","top","готовая баня"
"готовые бани под ключ от производителя","11318","Омская область","17","top","баня под ключ|готовая баня"
"готовые бани под ключ фото","66","Омск","17","top","баня под ключ|готовая баня"
"готовые бани под ключ фото цена","66","Омск","17","top","баня под ключ|готовая баня"
"каркасная баня материал","11318","Омская область","17","top","каркасная баня"
"каркасная баня отзывы владельцев","66","Омск","17","top","каркасная баня"
"каркасная баня толщина","11318","Омская область","17","top","каркасная баня"
"купить готовую баню под ключ недорого","11318","Омская область","17","top","баня под ключ|готовая баня"
"модульная баня под ключ цена","66","Омск","17","top","баня под ключ"
"ооо бурение скважин","11318","Омская область","17","top","бурение скважин"
"полусухая стяжка пола омск цена","66","Омск","17","top","полусухая стяжка"
"полы под полусухую стяжку","11318","Омская область","17","top","полусухая стяжка"
"сколько бурение скважин","66","Омск","17","top","бурение скважин"
"строительство бань в тюмени под ключ","66","Омск","17","top","баня под ключ"
"строительство бань в тюмени под ключ","11318","Омская область","17","top","баня под ключ"
"стройка бани","66","Омск","17","association","фундамент под баню"
"баня на участок план","66","Омск","16","top","баня на участок"
"бурение скважины своими руками","66","Омск","16","top","бурение скважин"
"буровой станок","66","Омск","16","association","бурение скважин"
"вода после бурения скважины","11318","Омская область","16","top","бурение скважин"
"готовая баня с доставкой цена","11318","Омская область","16","top","готовая баня|доставка бани"
"готовые бани под установку","66","Омск","16","top","готовая баня"
"готовые бани с доставкой и установкой цена","11318","Омская область","16","top","готовая баня|доставка бани"
"как построить каркасную баню","66","Омск","16","top","каркасная баня"
"как сделать полусухую стяжку пола","11318","Омская область","16","top","полусухая стяжка"
"купель для бани","11318","Омская область","16","association","каркасная баня"
"механизированная штукатурка стен","66","Омск","16","top","механизированная штукатурка"
"механизированная штукатурка стен","11318","Омская область","16","top","механизированная штукатурка"
"механизируемая штукатурка стен","66","Омск","16","top","механизированная штукатурка"
"механизируемая штукатурка стен","11318","Омская область","16","top","механизированная штукатурка"
"полусухая или мокрая стяжка","66","Омск","16","top","полусухая стяжка"
"полусухая или мокрая стяжка","11318","Омская область","16","top","полусухая стяжка"
"полусухая стяжка материал","11318","Омская область","16","top","полусухая стяжка"
"полусухая стяжка отзывы","66","Омск","16","top","полусухая стяжка"
"полусухая стяжка отзывы","11318","Омская область","16","top","полусухая стяжка"
"полы под полусухую стяжку","66","Омск","16","top","полусухая стяжка"
"проект бани под ключ","66","Омск","16","top","баня под ключ"
"проект бани под ключ","11318","Омская область","16","top","баня под ключ"
"проливной пол в каркасной бане","11318","Омская область","16","top","каркасная баня"
"ручное бурение скважин","11318","Омская область","16","top","бурение скважин"
"сухая стяжка пола что это","66","Омск","16","association","полусухая стяжка"
"таз для бани","66","Омск","16","association","каркасная баня"
"эро в бане","66","Омск","16","association","фундамент под баню"
"а4 баня","66","Омск","15","association","баня под ключ"
"бани 2 3 каркасные","66","Омск","15","top","каркасная баня"
"банный дом","66","Омск","15","association","доставка бани"
"баня купить готовую недорого цена","11318","Омская область","15","top","готовая баня"
"баня морж","66","Омск","15","association","баня под ключ"
"баня морж","11318","Омская область","15","association","баня под ключ"
"баня под ключ без посредников","66","Омск","15","top","баня под ключ"
"баня под ключ недорого без посредников","66","Омск","15","top","баня под ключ"
"баня с предбанником","66","Омск","15","association","каркасная баня"
"бурение скважин диаметр 600","66","Омск","15","top","бурение скважин"
"бурение скважин диаметр 600","11318","Омская область","15","top","бурение скважин"
"бурение скважины шнеком","66","Омск","15","top","бурение скважин"
"бурение скважины шнеком","11318","Омская область","15","top","бурение скважин"
"буровая платформа","11318","Омская область","15","association","бурение скважин"
"буровой бурение скважин","11318","Омская область","15","top","бурение скважин"
"готовая баня г омск","11318","Омская область","15","top","готовая баня"
"готовые бани в области","11318","Омская область","15","top","готовая баня"
"какой утеплитель для каркасной бани","11318","Омская область","15","top","каркасная баня"
"каркас полка в бане","66","Омск","15","association","каркасная баня"
"каркасная баня толщина","66","Омск","15","top","каркасная баня"
"каркасные бани под","66","Омск","15","top","каркасная баня"
"каркасные перегородки в бане","66","Омск","15","top","каркасная баня"
"купель для бани","66","Омск","15","association","каркасная баня"
"куплю баню под ключ недорого без посредников","66","Омск","15","top","баня под ключ"
"ленточный фундамент под баню","66","Омск","15","top","фундамент под баню"
"мобильная баня в омске цена","11318","Омская область","15","top","мобильная баня"
"нужна ли баня на участке","11318","Омская область","15","top","баня на участок"
"план дома и бани на участке","11318","Омская область","15","top","баня на участок"
"полусухая стяжка инструкция","11318","Омская область","15","top","полусухая стяжка"
"полусухая стяжка пошаговая инструкция","11318","Омская область","15","top","полусухая стяжка"
"полусухая стяжка своими руками пошаговая","11318","Омская область","15","top","полусухая стяжка"
"полусухая стяжка своими руками пошаговая инструкция","11318","Омская область","15","top","полусухая стяжка"
"постройка бани на участке","66","Омск","15","top","баня на участок"
"станция для полусухой стяжки","66","Омск","15","top","полусухая стяжка"
"строим баню на участке","66","Омск","15","top","баня на участок"
"утепление каркасной бани","11318","Омская область","15","top","каркасная баня"
"фундамент под баню 5 5","11318","Омская область","15","top","фундамент под баню"
"фундамент под баню своими руками","11318","Омская область","15","top","фундамент под баню"
"шнек для бурения скважин","66","Омск","15","top","бурение скважин"
"шнек для бурения скважин","11318","Омская область","15","top","бурение скважин"
"бани 4 4 под ключ","11318","Омская область","14","top","баня под ключ"
"бания","66","Омск","14","association","готовая баня"
"баня бочка под ключ фото","66","Омск","14","top","баня под ключ"
"баня бочка под ключ цена фото","66","Омск","14","top","баня под ключ"
"баня в рассрочку под ключ","11318","Омская область","14","top","баня под ключ"
"баня из бревна под ключ","11318","Омская область","14","top","баня под ключ"
"баня на участке снт","66","Омск","14","top","баня на участок"
"готовая баня с доставкой цена","66","Омск","14","top","готовая баня|доставка бани"
"готовые бани с доставкой и установкой цена","66","Омск","14","top","готовая баня|доставка бани"
"готовый баня сколько","66","Омск","14","top","готовая баня"
"дешевые готовые бани","66","Омск","14","top","готовая баня"
"зима время бани","66","Омск","14","top","баня зимой"
"зима время бани","11318","Омская область","14","top","баня зимой"
"как делать стяжку пола","66","Омск","14","association","полусухая стяжка"
"каркасная баня 2.5 на 2.5","66","Омск","14","top","каркасная баня"
"каркасная баня 4 на 4","11318","Омская область","14","top","каркасная баня"
"каркасная баня 6 на 6","66","Омск","14","top","каркасная баня"
"каркасная баня 6 на 6","11318","Омская область","14","top","каркасная баня"
"каркасная баня материал","66","Омск","14","top","каркасная баня"
"каркасная баня на сваях","66","Омск","14","top","каркасная баня"
"каркасная баня цена","66","Омск","14","top","каркасная баня"
"каркасная баня цена","11318","Омская область","14","top","каркасная баня"
"каркасную мобильную баню","66","Омск","14","top","каркасная баня|мобильная баня"
"каркасную мобильную баню","11318","Омская область","14","top","каркасная баня|мобильная баня"
"купить готовую баню под ключ в омске","66","Омск","14","top","баня под ключ|готовая баня"
"купить готовые бани под ключ цена","66","Омск","14","top","баня под ключ|готовая баня"
"купить дешевые готовые бани","66","Омск","14","top","готовая баня"
"купить дешевые готовые бани","11318","Омская область","14","top","готовая баня"
"мобильная баня в омске цена","66","Омск","14","top","мобильная баня"
"модульная баня под ключ цена омск","66","Омск","14","top","баня под ключ"
"модульные бани под ключ омск","66","Омск","14","top","баня под ключ"
"пирог каркасной бани","11318","Омская область","14","top","каркасная баня"
"полуручка для полусухой стяжки","66","Омск","14","top","полусухая стяжка"
"полуручка для полусухой стяжки","11318","Омская область","14","top","полусухая стяжка"
"полусухая стяжка пола швы","11318","Омская область","14","top","полусухая стяжка"
"правило для полусухой стяжки","11318","Омская область","14","top","полусухая стяжка"
"раствор для стяжки пола","66","Омск","14","association","полусухая стяжка"
"ручное бурение скважин","66","Омск","14","top","бурение скважин"
"стоимость бани под ключ","11318","Омская область","14","top","баня под ключ"
"сухая стяжка пола своими руками","11318","Омская область","14","association","полусухая стяжка"
"угловая каркасная баня","11318","Омская область","14","top","каркасная баня"
"акулы у буровой","66","Омск","13","association","бурение скважин"
"банимен","11318","Омская область","13","association","готовая баня"
"баня в рассрочку под ключ","66","Омск","13","top","баня под ключ"
"баня на дачу недорого под ключ","66","Омск","13","top","баня под ключ"
"баня на дачу недорого под ключ","11318","Омская область","13","top","баня под ключ"
"баня на участке нормы","11318","Омская область","13","top","баня на участок"
"баня под ключ от производителей купить","66","Омск","13","top","баня под ключ"
"баня под ключ отзывы","66","Омск","13","top","баня под ключ"
"баня под ключ отзывы","11318","Омская область","13","top","баня под ключ"
"баня сруб 3х4","66","Омск","13","association","баня под ключ"
"бурение лидерных скважин","66","Омск","13","top","бурение скважин"
"бурение лидерных скважин","11318","Омская область","13","top","бурение скважин"
"бурение скважин видео","66","Омск","13","top","бурение скважин"
"бурение скважин курган","66","Омск","13","top","бурение скважин"
"бурение скважин курган","11318","Омская область","13","top","бурение скважин"
"бурение скважин нефти","11318","Омская область","13","top","бурение скважин"
"бурение скважин отзывы","11318","Омская область","13","top","бурение скважин"
"дом гараж баня на участке","66","Омск","13","top","баня на участок"
"каркасная баня 2 4","11318","Омская область","13","top","каркасная баня"
"каркасная баня фото","66","Омск","13","top","каркасная баня"
"квадратный метр полусухой стяжки","11318","Омская область","13","top","полусухая стяжка"
"кедровый парк омск баня","66","Омск","13","top","кедровая баня"
"кедровый парк омск баня","11318","Омская область","13","top","кедровая баня"
"минимальная полусухая стяжка","11318","Омская область","13","top","полусухая стяжка"
"минусы каркасной бани","11318","Омская область","13","top","каркасная баня"
"мобильная баня палатка","11318","Омская область","13","top","мобильная баня"
"озеро банное","66","Омск","13","association","кедровая баня"
"перед полусухой стяжкой","11318","Омская область","13","top","полусухая стяжка"
"план дома бани гаража на участке","11318","Омская область","13","top","баня на участок"
"полусухая стяжка на керамзит можно ли","66","Омск","13","top","полусухая стяжка"
"полусухая стяжка на керамзит можно ли","11318","Омская область","13","top","полусухая стяжка"
"пошаговая инструкция с фото каркасной бани","11318","Омская область","13","top","каркасная баня"
"проливной пол в каркасной бане","66","Омск","13","top","каркасная баня"
"строительство каркасной бани своими руками","66","Омск","13","top","каркасная баня"
"строительство каркасной бани своими руками","11318","Омская область","13","top","каркасная баня"
"сухая стяжка пола что это такое","11318","Омская область","13","association","полусухая стяжка"
"толщина полусухой стяжки","11318","Омская область","13","top","полусухая стяжка"
"чертеж каркасной бани","11318","Омская область","13","top","каркасная баня"
"штукатурная машина","11318","Омская область","13","association","механизированная штукатурка"
"щитовая баня","11318","Омская область","13","association","каркасная баня"
"авито бурение скважин","11318","Омская область","12","top","бурение скважин"
"бани под ключ от производителя цена","66","Омск","12","top","баня под ключ"
"банимен","66","Омск","12","association","готовая баня"
"баня 4 4 фундамент под баню","11318","Омская область","12","top","фундамент под баню"
"баня на участке нормы","66","Омск","12","top","баня на участок"
"баня область цена под ключ","11318","Омская область","12","top","баня под ключ"
"бурение нефтяных скважин","11318","Омская область","12","top","бурение скважин"
"вода после бурения скважины","66","Омск","12","top","бурение скважин"
"готовая баня г омск","66","Омск","12","top","готовая баня"
"готовые бани 3 3","66","Омск","12","top","готовая баня"
"диаметр шнека для бурения скважин","66","Омск","12","top","бурение скважин"
"диаметр шнека для бурения скважин","11318","Омская область","12","top","бурение скважин"
"диаметры шнеков для бурения скважин","66","Омск","12","top","бурение скважин"
"диаметры шнеков для бурения скважин","11318","Омская область","12","top","бурение скважин"
"как залить фундамент под баню","66","Омск","12","top","фундамент под баню"
"как залить фундамент под баню","11318","Омская область","12","top","фундамент под баню"
"как ухаживать за полусухой стяжкой","66","Омск","12","top","полусухая стяжка"
"как ухаживать за полусухой стяжкой","11318","Омская область","12","top","полусухая стяжка"
"минимальная полусухая стяжка","66","Омск","12","top","полусухая стяжка"
"нужна ли баня на участке","66","Омск","12","top","баня на участок"
"пленка полусухой стяжки пола","11318","Омская область","12","top","полусухая стяжка"
"полусухая стяжка бетона","11318","Омская область","12","top","полусухая стяжка"
"полусухая стяжка пола какая хорошая","11318","Омская область","12","top","полусухая стяжка"
"полусухая стяжка швы","66","Омск","12","top","полусухая стяжка"
"полусухой стяжки пола квадратный","11318","Омская область","12","top","полусухая стяжка"
"полусухой стяжки пола квадратный метр","11318","Омская область","12","top","полусухая стяжка"
"поставить баню на участке","11318","Омская область","12","top","баня на участок"
"построить баню под ключ","66","Омск","12","top","баня под ключ"
"построить баню под ключ","11318","Омская область","12","top","баня под ключ"
"постройка каркасной бани","11318","Омская область","12","top","каркасная баня"
"промыть скважину бурения","11318","Омская область","12","top","бурение скважин"
"расположен бани на участке","11318","Омская область","12","top","баня на участок"
"стяжка пола полусухая мокрая","66","Омск","12","top","полусухая стяжка"
"стяжка пола полусухая мокрая","11318","Омская область","12","top","полусухая стяжка"
"толщина полусухой стяжки","66","Омск","12","top","полусухая стяжка"
"укладка полусухой стяжки","11318","Омская область","12","top","полусухая стяжка"
"установка для бурения скважин","11318","Омская область","12","top","бурение скважин"
"устройство полусухой стяжки","11318","Омская область","12","top","полусухая стяжка"
"утепление каркасной бани","66","Омск","12","top","каркасная баня"
"формы бань на участке","66","Омск","12","top","баня на участок"
"фундаментные и бетонные работы","11318","Омская область","12","association","фундамент под баню"
"шнековое бурение скважин","66","Омск","12","top","бурение скважин"
"шнековое бурение скважин","11318","Омская область","12","top","бурение скважин"
"аппарат полусухая стяжка москва брикман","66","Омск","11","top","полусухая стяжка"
"аппарат полусухая стяжка москва брикман","11318","Омская область","11","top","полусухая стяжка"
"бани под ключ в новосибирске","11318","Омская область","11","top","баня под ключ"
"банные штучки","11318","Омская область","11","association","баня 2х2|баня 4х2"
"баня брус ключ под цена","11318","Омская область","11","top","баня под ключ"
"баня готовая под ключ с доставкой цена","11318","Омская область","11","top","баня под ключ|готовая баня|доставка бани"
"баня из сруба под ключ","11318","Омская область","11","top","баня под ключ"
"баня каркасная из бруса","11318","Омская область","11","top","каркасная баня"
"баня купить готовую недорого цена","66","Омск","11","top","готовая баня"
"баня на участке сколько стоит","11318","Омская область","11","top","баня на участок"
"баня под ключ 3 3","11318","Омская область","11","top","баня под ключ"
"баня при въезде на участок","66","Омск","11","top","баня на участок"
"бурение прокачать скважину","66","Омск","11","top","бурение скважин"
"бурение прокачать скважину","11318","Омская область","11","top","бурение скважин"
"бурение скважин можно","11318","Омская область","11","top","бурение скважин"
"готовые бани в калачинске","11318","Омская область","11","top","готовая баня"
"как приготовить полусухую стяжку","66","Омск","11","top","полусухая стяжка"
"как приготовить полусухую стяжку","11318","Омская область","11","top","полусухая стяжка"
"как приготовить полусухую стяжку для пола","66","Омск","11","top","полусухая стяжка"
"как приготовить полусухую стяжку для пола","11318","Омская область","11","top","полусухая стяжка"
"как утеплить каркасную баню","11318","Омская область","11","top","каркасная баня"
"как ухаживать после полусухой стяжкой пола","66","Омск","11","top","полусухая стяжка"
"как ухаживать после полусухой стяжкой пола","11318","Омская область","11","top","полусухая стяжка"
"каркасная баня мойка","66","Омск","11","top","каркасная баня"
"каркасная баня мойка","11318","Омская область","11","top","каркасная баня"
"каркасная баня плюсы и минусы","11318","Омская область","11","top","каркасная баня"
"квадратный метр полусухой стяжки","66","Омск","11","top","полусухая стяжка"
"купить баню бочку под ключ","11318","Омская область","11","top","баня под ключ"
"купить готовую баню из сруба","11318","Омская область","11","top","готовая баня"
"купить готовую баню под ключ недорого","66","Омск","11","top","баня под ключ|готовая баня"
"оборудование для бурения скважин","11318","Омская область","11","top","бурение скважин"
"перед полусухой стяжкой","66","Омск","11","top","полусухая стяжка"
"плюсы каркасных бань","11318","Омская область","11","top","каркасная баня"
"полив полусухой стяжки","11318","Омская область","11","top","полусухая стяжка"
"полусухая стяжка бетона","66","Омск","11","top","полусухая стяжка"
"полусухая стяжка инструкция","66","Омск","11","top","полусухая стяжка"
"полусухая стяжка как ухаживать после заливки","66","Омск","11","top","полусухая стяжка"
"полусухая стяжка как ухаживать после заливки","11318","Омская область","11","top","полусухая стяжка"
"полусухая стяжка как ухаживать после заливки пола","66","Омск","11","top","полусухая стяжка"
"полусухая стяжка как ухаживать после заливки пола","11318","Омская область","11","top","полусухая стяжка"
"полусухая стяжка москва","66","Омск","11","top","полусухая стяжка"
"полусухая стяжка москва","11318","Омская область","11","top","полусухая стяжка"
"полусухая стяжка пола инструкция","11318","Омская область","11","top","полусухая стяжка"
"полусухая стяжка пола как ухаживать","66","Омск","11","top","полусухая стяжка"
"полусухая стяжка пола как ухаживать","11318","Омская область","11","top","полусухая стяжка"
"полусухая стяжка пола какая хорошая","66","Омск","11","top","полусухая стяжка"
"полусухая стяжка пола пошаговая инструкция","11318","Омская область","11","top","полусухая стяжка"
"полусухая стяжка пола своими руками пошаговая","11318","Омская область","11","top","полусухая стяжка"
"полусухая стяжка пола своими руками пошаговая инструкция","11318","Омская область","11","top","полусухая стяжка"
"полусухая стяжка пошаговая инструкция","66","Омск","11","top","полусухая стяжка"
"полусухая стяжка своими руками пошаговая","66","Омск","11","top","полусухая стяжка"
"полусухая стяжка своими руками пошаговая инструкция","66","Омск","11","top","полусухая стяжка"
"помидоры на зиму на водяной бане","11318","Омская область","11","top","баня зимой"
"правильное бурение скважины","11318","Омская область","11","top","бурение скважин"
"расположен бани на участке","66","Омск","11","top","баня на участок"
"скважины вода бурение область","11318","Омская область","11","top","бурение скважин"
"стоимость баня под ключ цена","11318","Омская область","11","top","баня под ключ"
"трещины в полусухой стяжке","66","Омск","11","top","полусухая стяжка"
"трещины в полусухой стяжке","11318","Омская область","11","top","полусухая стяжка"
"установка бань под ключ фото","66","Омск","11","top","баня под ключ"
"устройство каркасной бани","66","Омск","11","top","каркасная баня"
"устройство каркасной бани","11318","Омская область","11","top","каркасная баня"
"фундамент под баню своими руками","66","Омск","11","top","фундамент под баню"
"фундамент под печь в бане","11318","Омская область","11","top","фундамент под баню"
"штукатурный пистолет","66","Омск","11","association","механизированная штукатурка"
"штукатурный пистолет","11318","Омская область","11","association","механизированная штукатурка"
"б у аппарат полусухой стяжки","66","Омск","10","top","полусухая стяжка"
"б у аппарат полусухой стяжки","11318","Омская область","10","top","полусухая стяжка"
"бани из бруса под ключ омск","11318","Омская область","10","top","баня под ключ"
"баница","66","Омск","10","association","готовая баня"
"банные штучки","66","Омск","10","association","баня 2х2|баня 4х2"
"банный комплекс пар","66","Омск","10","association","баня на участок|готовая баня|доставка бани"
"банный комплекс пар","11318","Омская область","10","association","баня на участок|готовая баня|доставка бани"
"банька парилка скачать","11318","Омская область","10","association","баня 4х2|мобильная баня"
"баню под ключ с печкой","11318","Омская область","10","top","баня под ключ"
"баня готовая построить","11318","Омская область","10","top","готовая баня"
"баня дача каркасные","66","Омск","10","top","каркасная баня"
"баня дача каркасные","11318","Омская область","10","top","каркасная баня"
"баня каркасная из бруса","66","Омск","10","top","каркасная баня"
"баня под ключ проекты и цены","66","Омск","10","top","баня под ключ"
"баня под ключ проекты и цены","11318","Омская область","10","top","баня под ключ"
"бурение разведочных скважин","11318","Омская область","10","top","бурение скважин"
"бурение скважин расценка","11318","Омская область","10","top","бурение скважин"
"бурение скважин фото","11318","Омская область","10","top","бурение скважин"
"гипсовый механизировать штукатурка","66","Омск","10","top","механизированная штукатурка"
"гипсовый механизировать штукатурка","11318","Омская область","10","top","механизированная штукатурка"
"готовая баня 3 3 цена омск","66","Омск","10","top","готовая баня"
"готовая баня в рассрочку","66","Омск","10","top","готовая баня"
"готовая баня в рассрочку","11318","Омская область","10","top","готовая баня"
"готовая баня омск 2на 3 цена","66","Омск","10","top","готовая баня"
"готовая баня омск 2на 3 цена","11318","Омская область","10","top","готовая баня"
"готовые срубы бань цена","66","Омск","10","top","готовая баня"
"готовые срубы бань цена","11318","Омская область","10","top","готовая баня"
"готовые срубы для бани","66","Омск","10","top","готовая баня"
"готовые срубы для бани","11318","Омская область","10","top","готовая баня"
"готовые срубы для бани цены и фото","66","Омск","10","top","готовая баня"
"готовые срубы для бани цены и фото","11318","Омская область","10","top","готовая баня"
"долото для бурения скважин скальной породы курган","66","Омск","10","top","бурение скважин"
"долото для бурения скважин скальной породы курган","11318","Омская область","10","top","бурение скважин"
"как делается полусухая стяжка","11318","Омская область","10","top","полусухая стяжка"
"какой фундамент под баню","66","Омск","10","top","фундамент под баню"
"каркасная баня 6 на 2.5","66","Омск","10","top","каркасная баня"
"каркасная баня 6 на 2.5","11318","Омская область","10","top","каркасная баня"
"каркасная баня своими руками пошаговые фото","66","Омск","10","top","каркасная баня"
"каркасная баня своими руками фото","66","Омск","10","top","каркасная баня"
"каркасная баня фото пошаговое","66","Омск","10","top","каркасная баня"
"лучшая готовая баня","11318","Омская область","10","top","готовая баня"
"лучшая каркасная баня","66","Омск","10","top","каркасная баня"
"механизированная гипсовая штукатурка","66","Омск","10","top","механизированная штукатурка"
"механизированная гипсовая штукатурка","11318","Омская область","10","top","механизированная штукатурка"
"мобильная баня палатка","66","Омск","10","top","мобильная баня"
"огурцы на зиму на водяной бане","11318","Омская область","10","top","баня зимой"
"отделка бани под ключ","11318","Омская область","10","top","баня под ключ"
"пирог каркасной бани","66","Омск","10","top","каркасная баня"
"пленка полусухой стяжки пола","66","Омск","10","top","полусухая стяжка"
"полив полусухой стяжки","66","Омск","10","top","полусухая стяжка"
"полусухая стяжка материал","66","Омск","10","top","полусухая стяжка"
"полусухая стяжка пола за метр","11318","Омская область","10","top","полусухая стяжка"
"полусухая стяжка пола инструкция","66","Омск","10","top","полусухая стяжка"
"полусухая стяжка пола квадратный метр материалами","11318","Омская область","10","top","полусухая стяжка"
"полусухая стяжка пола пошаговая инструкция","66","Омск","10","top","полусухая стяжка"
"полусухая стяжка пола своими руками пошаговая","66","Омск","10","top","полусухая стяжка"
"полусухая стяжка пола своими руками пошаговая инструкция","66","Омск","10","top","полусухая стяжка"
"полусухая стяжка с материалом за метр","11318","Омская область","10","top","полусухая стяжка"
"полусухой стяжки пола квадратный","66","Омск","10","top","полусухая стяжка"
"полусухой стяжки пола квадратный метр","66","Омск","10","top","полусухая стяжка"
"правильные каркасные бани","11318","Омская область","10","top","каркасная баня"
"расположение бани на участке","66","Омск","10","top","баня на участок"
"расположение бани на участке","11318","Омская область","10","top","баня на участок"
"сколько стоит баня под ключ цена","11318","Омская область","10","top","баня под ключ"
"сухая стяжка пола что это такое","66","Омск","10","association","полусухая стяжка"
"телескопическое бурение скважин","66","Омск","10","top","бурение скважин"
"телескопическое бурение скважин","11318","Омская область","10","top","бурение скважин"
"теплая баня зимой","11318","Омская область","10","top","баня зимой"
"устройство полусухой стяжки","66","Омск","10","top","полусухая стяжка"
"устройство полусухой стяжки пола","11318","Омская область","10","top","полусухая стяжка"
"фиброволокно для стяжки","11318","Омская область","10","association","полусухая стяжка"
"фундаментные и бетонные работы","66","Омск","10","association","фундамент под баню"
"шнек телескопический для бурения скважин","66","Омск","10","top","бурение скважин"
"шнек телескопический для бурения скважин","11318","Омская область","10","top","бурение скважин"
"штукатурная машина","66","Омск","10","association","механизированная штукатурка"
"щитовая баня","66","Омск","10","association","каркасная баня"
"авито баня под ключ","11318","Омская область","9","top","баня под ключ"
"авито бурение скважин","66","Омск","9","top","бурение скважин"
"авито омск бани под ключ","11318","Омская область","9","top","баня под ключ"
"бани из бруса под ключ омск","66","Омск","9","top","баня под ключ"
"бани каркасные 5","11318","Омская область","9","top","каркасная баня"
"баня готовая под ключ с доставкой цена","66","Омск","9","top","баня под ключ|готовая баня|доставка бани"
"баня дом на дачном участке","66","Омск","9","top","баня на участок"
"баня дом на дачном участке","11318","Омская область","9","top","баня на участок"
"баня из бревна под ключ","66","Омск","9","top","баня под ключ"
"баня из сруба под ключ","66","Омск","9","top","баня под ключ"
"баня на соседнем участке","66","Омск","9","top","баня на участок"
"баня на соседнем участке","11318","Омская область","9","top","баня на участок"
"баня на участке ижс","11318","Омская область","9","top","баня на участок"
"баня на участке от забора","66","Омск","9","top","баня на участок"
"баня на участке от забора","11318","Омская область","9","top","баня на участок"
"бурение и ремонт скважин","11318","Омская область","9","top","бурение скважин"
"бурение скважин фото","66","Омск","9","top","бурение скважин"
"бурение скважины 3","66","Омск","9","top","бурение скважин"
"бурение скважины 3","11318","Омская область","9","top","бурение скважин"
"буровой бурение скважин","66","Омск","9","top","бурение скважин"
"готовые полки для бани","11318","Омская область","9","top","готовая баня"
"готовые полки для бани купить","11318","Омская область","9","top","готовая баня"
"журнал бурения скважин","66","Омск","9","top","бурение скважин"
"журнал бурения скважин","11318","Омская область","9","top","бурение скважин"
"заливка фундамента под баню","11318","Омская область","9","top","фундамент под баню"
"как делается полусухая стяжка","66","Омск","9","top","полусухая стяжка"
"как прокачать скважину после бурения","66","Омск","9","top","бурение скважин"
"как прокачать скважину после бурения","11318","Омская область","9","top","бурение скважин"
"как сделать полусухую стяжку своими руками","11318","Омская область","9","top","полусухая стяжка"
"какая должна быть полусухая стяжка","11318","Омская область","9","top","полусухая стяжка"
"какие диаметры бурения скважин","66","Омск","9","top","бурение скважин"
"какие диаметры бурения скважин","11318","Омская область","9","top","бурение скважин"
"каркасная баня плюсы и минусы","66","Омск","9","top","каркасная баня"
"каркасная перегородка в бане между парилкой","66","Омск","9","top","каркасная баня"
"каркасная перегородка в бане между парилкой","11318","Омская область","9","top","каркасная баня"
"комплект полусухая стяжка","11318","Омская область","9","top","полусухая стяжка"
"купить баню бочку под ключ","66","Омск","9","top","баня под ключ"
"машина для полусухой стяжки","66","Омск","9","top","полусухая стяжка"
"машина для полусухой стяжки","11318","Омская область","9","top","полусухая стяжка"
"минусы каркасной бани","66","Омск","9","top","каркасная баня"
"нужна полусухая стяжка пола","11318","Омская область","9","top","полусухая стяжка"
"односкатные бани каркасные","66","Омск","9","top","каркасная баня"
"односкатные бани каркасные","11318","Омская область","9","top","каркасная баня"
"отделка бани под ключ","66","Омск","9","top","баня под ключ"
"плюсы каркасных бань","66","Омск","9","top","каркасная баня"
"пневмонагнетатель для полусухой стяжки","66","Омск","9","top","полусухая стяжка"
"пневмонагнетатель для полусухой стяжки","11318","Омская область","9","top","полусухая стяжка"
"пол в каркасной бане на сваях","11318","Омская область","9","top","каркасная баня"
"полусухая стяжка вода","66","Омск","9","top","полусухая стяжка"
"полусухая стяжка вода","11318","Омская область","9","top","полусухая стяжка"
"полусухая стяжка для теплого пола","11318","Омская область","9","top","полусухая стяжка"
"полусухая стяжка пола отзывы","66","Омск","9","top","полусухая стяжка"
"полусухая стяжка пола отзывы","11318","Омская область","9","top","полусухая стяжка"
"полусухая стяжка слой","11318","Омская область","9","top","полусухая стяжка"
"портал под печь в бане готовый","66","Омск","9","top","готовая баня"
"портал под печь в бане готовый","11318","Омская область","9","top","готовая баня"
"постройка каркасной бани","66","Омск","9","top","каркасная баня"
"правило для полусухой стяжки комплект","11318","Омская область","9","top","полусухая стяжка"
"правильное бурение скважины","66","Омск","9","top","бурение скважин"
"рассчитать каркасную баню","66","Омск","9","top","каркасная баня"
"рассчитать каркасную баню","11318","Омская область","9","top","каркасная баня"
"робот штукатур","66","Омск","9","association","механизированная штукатурка"
"робот штукатур","11318","Омская область","9","association","механизированная штукатурка"
"сделай бурение скважин","11318","Омская область","9","top","бурение скважин"
"скважина метров бурение","11318","Омская область","9","top","бурение скважин"
"сколько стоит баня под ключ","66","Омск","9","top","баня под ключ"
"теплая баня зимой","66","Омск","9","top","баня зимой"
"толщина полусухой стяжки пола","11318","Омская область","9","top","полусухая стяжка"
"укладка полусухой стяжки","66","Омск","9","top","полусухая стяжка"
"установка каркасных бань","11318","Омская область","9","top","каркасная баня"
"устройство для бурения скважин","66","Омск","9","top","бурение скважин"
"устройство для бурения скважин","11318","Омская область","9","top","бурение скважин"
"устройство полусухой стяжки пола","66","Омск","9","top","полусухая стяжка"
"уход за полусухой стяжкой","66","Омск","9","top","полусухая стяжка"
"уход за полусухой стяжкой","11318","Омская область","9","top","полусухая стяжка"
"фундамент под баню 3 на 3","11318","Омская область","9","top","фундамент под баню"
"фундамент под баню 5 5","66","Омск","9","top","фундамент под баню"
"эксплуатационное бурения скважин","11318","Омская область","9","top","бурение скважин"
"адреса готовых бань","11318","Омская область","8","top","готовая баня"
"аренда полусухой стяжки","66","Омск","8","top","полусухая стяжка"
"аренда полусухой стяжки","11318","Омская область","8","top","полусухая стяжка"
"бани каркасные 5","66","Омск","8","top","каркасная баня"
"бани на дачном участке планы","66","Омск","8","top","баня на участок"
"бани на дачном участке планы","11318","Омская область","8","top","баня на участок"
"бани под ключ омская область","11318","Омская область","8","top","баня под ключ"
"баня 4 4 фундамент под баню","66","Омск","8","top","фундамент под баню"
"баня внутри под ключ","11318","Омская область","8","top","баня под ключ"
"баня готовая в омской области купить","11318","Омская область","8","top","готовая баня"
"баня готовая построить","66","Омск","8","top","готовая баня"
"баня купить под ключ в рассрочку","11318","Омская область","8","top","баня под ключ"
"баня на участке закон","11318","Омская область","8","top","баня на участок"
"баня на участке ижс","66","Омск","8","top","баня на участок"
"березки банное","66","Омск","8","association","кедровая баня"
"березки банное","11318","Омская область","8","association","кедровая баня"
"бур для бурения скважин","11318","Омская область","8","top","бурение скважин"
"бурение водоносных скважин","11318","Омская область","8","top","бурение скважин"
"бурение газовый скважина","11318","Омская область","8","top","бурение скважин"
"бурение нефтяных и газовых скважин","11318","Омская область","8","top","бурение скважин"
"бурение разведочно эксплуатационной скважины","11318","Омская область","8","top","бурение скважин"
"бурение скважины буром","11318","Омская область","8","top","бурение скважин"
"буровая платформа","66","Омск","8","association","бурение скважин"
"буры бурения скважин","11318","Омская область","8","top","бурение скважин"
"вес полусухой стяжки","66","Омск","8","top","полусухая стяжка"
"вес полусухой стяжки","11318","Омская область","8","top","полусухая стяжка"
"вода в бане зимой","11318","Омская область","8","top","баня зимой"
"водоносные слои при бурении скважин","11318","Омская область","8","top","бурение скважин"
"водяной пол полусухой стяжки","11318","Омская область","8","top","полусухая стяжка"
"водяной полусухая стяжка","11318","Омская область","8","top","полусухая стяжка"
"где готовые бани","66","Омск","8","top","готовая баня"
"где готовые бани","11318","Омская область","8","top","готовая баня"
"готовая полусухая стяжка","11318","Омская область","8","top","полусухая стяжка"
"дешевые бани под ключ","11318","Омская область","8","top","баня под ключ"
"как делается полусухая стяжка пола","11318","Омская область","8","top","полусухая стяжка"
"как делают каркасные бани","11318","Омская область","8","top","каркасная баня"
"как правильно прокачать скважину после бурения","66","Омск","8","top","бурение скважин"
"как правильно прокачать скважину после бурения","11318","Омская область","8","top","бурение скважин"
"как расположить баню на участке","11318","Омская область","8","top","баня на участок"
"как сделать полусухую стяжку пола","66","Омск","8","top","полусухая стяжка"
"как сделать полусухую стяжку пола своими руками","11318","Омская область","8","top","полусухая стяжка"
"как установить каркасную баню","11318","Омская область","8","top","каркасная баня"
"как утеплить баню зимой","11318","Омская область","8","top","баня зимой"
"какая баня лучше каркасная или","11318","Омская область","8","top","каркасная баня"
"какая должна быть полусухая стяжка пола","11318","Омская область","8","top","полусухая стяжка"
"какая стяжка лучше полусухая или мокрая","66","Омск","8","top","полусухая стяжка"
"какая стяжка лучше полусухая или мокрая","11318","Омская область","8","top","полусухая стяжка"
"каркасная баня на винтовых","11318","Омская область","8","top","каркасная баня"
"каркасная баня на винтовых сваях","11318","Омская область","8","top","каркасная баня"
"компании по бурению скважин","66","Омск","8","top","бурение скважин"
"компании по бурению скважин","11318","Омская область","8","top","бурение скважин"
"марка полусухой стяжки","11318","Омская область","8","top","полусухая стяжка"
"методы бурения скважин","11318","Омская область","8","top","бурение скважин"
"механизированная штукатурка омск","11318","Омская область","8","top","механизированная штукатурка"
"минимальная толщина полусухой стяжки","66","Омск","8","top","полусухая стяжка"
"минимальная толщина полусухой стяжки","11318","Омская область","8","top","полусухая стяжка"
"минимальный слой полусухой стяжки","11318","Омская область","8","top","полусухая стяжка"
"мобильная баня купить недорого","11318","Омская область","8","top","мобильная баня"
"мобильная баня недорого","11318","Омская область","8","top","мобильная баня"
"мобильные бани в омске купить недорого","11318","Омская область","8","top","мобильная баня"
"монтаж каркасных бань","66","Омск","8","top","каркасная баня"
"монтаж каркасных бань","11318","Омская область","8","top","каркасная баня"
"наливной или полусухая стяжка","66","Омск","8","top","полусухая стяжка"
"наливной или полусухая стяжка","11318","Омская область","8","top","полусухая стяжка"
"нужна полусухая стяжка пола","66","Омск","8","top","полусухая стяжка"
"обсадное бурение скважин","66","Омск","8","top","бурение скважин"
"обсадное бурение скважин","11318","Омская область","8","top","бурение скважин"
"окно в каркасной бане","66","Омск","8","top","каркасная баня"
"окно в каркасной бане","11318","Омская область","8","top","каркасная баня"
"ооо бурение скважин","66","Омск","8","top","бурение скважин"
"отделка бань под ключ цены","11318","Омская область","8","top","баня под ключ"
"пеноплекс для пола под стяжку","11318","Омская область","8","association","полусухая стяжка"
"песок для полусухой стяжки","11318","Омская область","8","top","полусухая стяжка"
"план дома и бани на участке","66","Омск","8","top","баня на участок"
"полусухая стяжка пола цена материала","11318","Омская область","8","top","полусухая стяжка"
"полусухая стяжка пола цена метр","11318","Омская область","8","top","полусухая стяжка"
"полусухая стяжка пола швы","66","Омск","8","top","полусухая стяжка"
"полусухая стяжка стен","66","Омск","8","top","полусухая стяжка"
"полусухая стяжка стен","11318","Омская область","8","top","полусухая стяжка"
"полусухая стяжка технология","11318","Омская область","8","top","полусухая стяжка"
"полусухая стяжка уход после заливки","66","Омск","8","top","полусухая стяжка"
"полусухая стяжка уход после заливки","11318","Омская область","8","top","полусухая стяжка"
"полусухая стяжка цена за квадратный метр","11318","Омская область","8","top","полусухая стяжка"
"полусухая стяжка цена за метр","11318","Омская область","8","top","полусухая стяжка"
"полусухая стяжка цена материала","11318","Омская область","8","top","полусухая стяжка"
"полусухая цементная стяжка пола","66","Омск","8","top","полусухая стяжка"
"полусухая цементная стяжка пола","11318","Омская область","8","top","полусухая стяжка"
"посмотреть готовые бани","66","Омск","8","top","готовая баня"
"посмотреть готовые бани","11318","Омская область","8","top","готовая баня"
"построить баню на дачном участке","11318","Омская область","8","top","баня на участок"
"продажа готовых бань","11318","Омская область","8","top","готовая баня"
"размеры бани на участке","11318","Омская область","8","top","баня на участок"
"расстояние дома от бани на участке","11318","Омская область","8","top","баня на участок"
"расходы полусухой стяжки","11318","Омская область","8","top","полусухая стяжка"
"салат на зиму на водяной бане","11318","Омская область","8","top","баня зимой"
"сколько стоит готовая баня","66","Омск","8","top","готовая баня"
"слои бурения скважины","11318","Омская область","8","top","бурение скважин"
"строительство бани на земельном участке","11318","Омская область","8","top","баня на участок"
"стяжка пола полусухая или мокрая какая лучше","66","Омск","8","top","полусухая стяжка"
"стяжка пола полусухая или мокрая какая лучше","11318","Омская область","8","top","полусухая стяжка"
"сухая стяжка пола своими руками","66","Омск","8","association","полусухая стяжка"
"схема каркасной бани","66","Омск","8","top","каркасная баня"
"толщина полусухой стяжки пола","66","Омск","8","top","полусухая стяжка"
"установка для бурения скважин","66","Омск","8","top","бурение скважин"
"устройство пола в каркасной бане","66","Омск","8","top","каркасная баня"
"устройство пола в каркасной бане","11318","Омская область","8","top","каркасная баня"
"утеплитель для каркасной бани","66","Омск","8","top","каркасная баня"
"уход за полом после полусухой стяжки","66","Омск","8","top","полусухая стяжка"
"уход за полом после полусухой стяжки","11318","Омская область","8","top","полусухая стяжка"
"уход за полусухой стяжкой в квартире","66","Омск","8","top","полусухая стяжка"
"уход за полусухой стяжкой в квартире","11318","Омская область","8","top","полусухая стяжка"
"уход за полусухой стяжкой пола","66","Омск","8","top","полусухая стяжка"
"уход за полусухой стяжкой пола","11318","Омская область","8","top","полусухая стяжка"
"уход за полусухой стяжкой пола после заливки","66","Омск","8","top","полусухая стяжка"
"уход за полусухой стяжкой пола после заливки","11318","Омская область","8","top","полусухая стяжка"
"фани бани","11318","Омская область","8","association","каркасная баня"
"фиброволокно для стяжки","66","Омск","8","association","полусухая стяжка"
"фундамент под печь в бане","66","Омск","8","top","фундамент под баню"
"цена полусухой стяжки пола за квадратный","11318","Омская область","8","top","полусухая стяжка"
"цена полусухой стяжки пола за квадратный метр","11318","Омская область","8","top","полусухая стяжка"
"чертеж каркасной бани","66","Омск","8","top","каркасная баня"
"александр бурение скважин","11318","Омская область","7","top","бурение скважин"
"бани бочки под ключ с печкой","11318","Омская область","7","top","баня под ключ"
"бани под ключ в новосибирске","66","Омск","7","top","баня под ключ"
"бани под ключ в рассрочку недорого","11318","Омская область","7","top","баня под ключ"
"бани под ключ с печкой цены","11318","Омская область","7","top","баня под ключ"
"баня 2 2 под ключ","11318","Омская область","7","top","баня под ключ"
"баня брус ключ под цена","66","Омск","7","top","баня под ключ"
"баня внутри под ключ","66","Омск","7","top","баня под ключ"
"баня для дачи под ключ цены","11318","Омская область","7","top","баня под ключ"
"баня домик готовая","11318","Омская область","7","top","готовая баня"
"баня купить под ключ в рассрочку","66","Омск","7","top","баня под ключ"
"баня на дачу купить под ключ","66","Омск","7","top","баня под ключ"
"баня на дачу купить под ключ","11318","Омская область","7","top","баня под ключ"
"баня на садовом участке","66","Омск","7","top","баня на участок"
"баня на садовом участке","11318","Омская область","7","top","баня на участок"
"баня на участке закон","66","Омск","7","top","баня на участок"
"баня под ключ баня строй","11318","Омская область","7","top","баня под ключ"
"баня под ключ цена внутри","66","Омск","7","top","баня под ключ"
"баня под ключ цена внутри","11318","Омская область","7","top","баня под ключ"
"баня под ключ цена работы","11318","Омская область","7","top","баня под ключ"
"бочка баня для дачи под ключ","11318","Омская область","7","top","баня под ключ"
"бур для бурения скважин","66","Омск","7","top","бурение скважин"
"бурение разведочных скважин нефть","11318","Омская область","7","top","бурение скважин"
"бурение скважин александров","11318","Омская область","7","top","бурение скважин"
"бурение скважин бурят","11318","Омская область","7","top","бурение скважин"
"бурение скважин на воду александров","11318","Омская область","7","top","бурение скважин"
"бурение скважин на нефть и газ","11318","Омская область","7","top","бурение скважин"
"бурение скважин омская область","66","Омск","7","top","бурение скважин"
"бурение скважины буром","66","Омск","7","top","бурение скважин"
"бурение эксплуатационных разведочных скважин нефть","11318","Омская область","7","top","бурение скважин"
"бурение эксплуатационных скважин на нефть","11318","Омская область","7","top","бурение скважин"
"бурения скважин газом","11318","Омская область","7","top","бурение скважин"
"бурильщика эксплуатационного и разведочного бурения скважин","11318","Омская область","7","top","бурение скважин"
"буры бурения скважин","66","Омск","7","top","бурение скважин"
"готовая баня 5 5","11318","Омская область","7","top","готовая баня"
"готовая баня бочка","11318","Омская область","7","top","готовая баня"
"готовые бани домики омск","11318","Омская область","7","top","готовая баня"
"готовые бани от производителя","66","Омск","7","top","готовая баня"
"готовые бани от производителя и цены","66","Омск","7","top","готовая баня"
"готовые бани под ключ от производителя","66","Омск","7","top","баня под ключ|готовая баня"
"дом баня под ключ","66","Омск","7","top","баня под ключ"
"дом баня под ключ","11318","Омская область","7","top","баня под ключ"
"забивка свай бурение скважин","66","Омск","7","top","бурение скважин"
"забивка свай бурение скважин","11318","Омская область","7","top","бурение скважин"
"из чего лучше купить готовую баню","66","Омск","7","top","готовая баня"
"из чего лучше купить готовую баню","11318","Омская область","7","top","готовая баня"
"инструмент для полусухой стяжки","11318","Омская область","7","top","полусухая стяжка"
"к12 ру банька","11318","Омская область","7","association","баня 2х2|баня 4х2"
"как завести водопровод под баню через фундамент","11318","Омская область","7","top","фундамент под баню"
"как считается глубина скважины при бурении","66","Омск","7","top","бурение скважин"
"как считается глубина скважины при бурении","11318","Омская область","7","top","бурение скважин"
"как установить каркасную баню","66","Омск","7","top","каркасная баня"
"как установить металлическую печь в каркасной бане","66","Омск","7","top","каркасная баня"
"как установить металлическую печь в каркасной бане","11318","Омская область","7","top","каркасная баня"
"как установить печь в каркасной бане","66","Омск","7","top","каркасная баня"
"как установить печь в каркасной бане","11318","Омская область","7","top","каркасная баня"
"какой утеплитель лучше для каркасной бани","11318","Омская область","7","top","каркасная баня"
"каркасная баня видео","11318","Омская область","7","top","каркасная баня"
"каркасная баня самому","11318","Омская область","7","top","каркасная баня"
"каркасная баня своими руками пошагово","66","Омск","7","top","каркасная баня"
"каркасная баня своими руками пошагово","11318","Омская область","7","top","каркасная баня"
"каркасная баня скачать","11318","Омская область","7","top","каркасная баня"
"каркасная мобильная баня в омске цена","66","Омск","7","top","каркасная баня|мобильная баня"
"каркасная мобильная баня в омске цена","11318","Омская область","7","top","каркасная баня|мобильная баня"
"каркасные бани изнутри","11318","Омская область","7","top","каркасная баня"
"купить баню в рассрочку под ключ недорого","11318","Омская область","7","top","баня под ключ"
"купить готовую баню на авито","11318","Омская область","7","top","готовая баня"
"купить готовую дешевую баню в омске","66","Омск","7","top","готовая баня"
"купить готовую дешевую баню в омске","11318","Омская область","7","top","готовая баня"
"лидерное бурение скважин сваи","66","Омск","7","top","бурение скважин"
"лидерное бурение скважин сваи","11318","Омская область","7","top","бурение скважин"
"лучшая готовая баня","66","Омск","7","top","готовая баня"
"лучший утеплитель для каркасной бани","11318","Омская область","7","top","каркасная баня"
"металлическая каркасная баня","66","Омск","7","top","каркасная баня"
"металлическая каркасная баня","11318","Омская область","7","top","каркасная баня"
"минимальный слой полусухой стяжки","66","Омск","7","top","полусухая стяжка"
"мобильные бани викинг","11318","Омская область","7","top","мобильная баня"
"на каком участке можно строить баню","11318","Омская область","7","top","баня на участок"
"найти готовые бани","66","Омск","7","top","готовая баня"
"найти готовые бани","11318","Омская область","7","top","готовая баня"
"нужен фундамент под баню","66","Омск","7","top","фундамент под баню"
"нужен фундамент под баню","11318","Омская область","7","top","фундамент под баню"
"нужно регистрировать баню на участке","11318","Омская область","7","top","баня на участок"
"обвязка каркасной бани","66","Омск","7","top","каркасная баня"
"обвязка каркасной бани","11318","Омская область","7","top","каркасная баня"
"оборудование для полусухой стяжки","11318","Омская область","7","top","полусухая стяжка"
"объем скважины бурение","66","Омск","7","top","бурение скважин"
"объем скважины бурение","11318","Омская область","7","top","бурение скважин"
"отделка бани внутри под ключ","66","Омск","7","top","баня под ключ"
"отделка бани внутри под ключ","11318","Омская область","7","top","баня под ключ"
"отделка бани внутри цена под ключ","66","Омск","7","top","баня под ключ"
"отделка бани внутри цена под ключ","11318","Омская область","7","top","баня под ключ"
"отделка бань под ключ цены","66","Омск","7","top","баня под ключ"
"пеноплекс под полусухую стяжку","66","Омск","7","top","полусухая стяжка"
"пеноплекс под полусухую стяжку","11318","Омская область","7","top","полусухая стяжка"
"плитка в каркасной бане","66","Омск","7","top","каркасная баня"
"плитка в каркасной бане","11318","Омская область","7","top","каркасная баня"
"покрытие полусухой стяжки","66","Омск","7","top","полусухая стяжка"
"покрытие полусухой стяжки","11318","Омская область","7","top","полусухая стяжка"
"пол в каркасной бане на сваях","66","Омск","7","top","каркасная баня"
"полусухая стяжка в доме","66","Омск","7","top","полусухая стяжка"
"полусухая стяжка в доме","11318","Омская область","7","top","полусухая стяжка"
"полусухая стяжка для теплого пола","66","Омск","7","top","полусухая стяжка"
"полусухая стяжка пола за метр","66","Омск","7","top","полусухая стяжка"
"полусухая стяжка пола квадратный метр материалами","66","Омск","7","top","полусухая стяжка"
"полусухая стяжка пола купить","11318","Омская область","7","top","полусухая стяжка"
"полусухая стяжка с материалом за метр","66","Омск","7","top","полусухая стяжка"
"полусухая стяжка сколько цемента","11318","Омская область","7","top","полусухая стяжка"
"полусухая стяжка слой","66","Омск","7","top","полусухая стяжка"
"полусухая стяжка сохнет","11318","Омская область","7","top","полусухая стяжка"
"полусухая стяжка форумы","66","Омск","7","top","полусухая стяжка"
"полусухая стяжка форумы","11318","Омская область","7","top","полусухая стяжка"
"пошагово каркасная баня","66","Омск","7","top","каркасная баня"
"пошагово каркасная баня","11318","Омская область","7","top","каркасная баня"
"правильные каркасные бани","66","Омск","7","top","каркасная баня"
"правильный пирог каркасной бани","11318","Омская область","7","top","каркасная баня"
"продажа бани на участке","11318","Омская область","7","top","баня на участок"
"прочность полусухой стяжки","66","Омск","7","top","полусухая стяжка"
"прочность полусухой стяжки","11318","Омская область","7","top","полусухая стяжка"
"расстояние бани от забора на участке","66","Омск","7","top","баня на участок"
"расстояние бани от забора на участке","11318","Омская область","7","top","баня на участок"
"расстояние между банями на участке","11318","Омская область","7","top","баня на участок"
"скачать проект каркасной бани","11318","Омская область","7","top","каркасная баня"
"скважина бурение 5","66","Омск","7","top","бурение скважин"
"скважина бурение 5","11318","Омская область","7","top","бурение скважин"
"скважины бурение область","66","Омск","7","top","бурение скважин"
"сколько стоит баня бочка под ключ","11318","Омская область","7","top","баня под ключ"
"собираем каркасную баню","66","Омск","7","top","каркасная баня"
"собираем каркасную баню","11318","Омская область","7","top","каркасная баня"
"стоимость бани бочки под ключ","11318","Омская область","7","top","баня под ключ"
"стоимость бани бочки под ключ цена","11318","Омская область","7","top","баня под ключ"
"стоимость бурения скважины","11318","Омская область","7","top","бурение скважин"
"строительство бани на земельном участке","66","Омск","7","top","баня на участок"
"толщина цсп на пол в каркасную баню","66","Омск","7","top","каркасная баня"
"толщина цсп на пол в каркасную баню","11318","Омская область","7","top","каркасная баня"
"усадьба банная","11318","Омская область","7","association","фундамент под баню"
"установка печи в каркасной бане","11318","Омская область","7","top","каркасная баня"
"утеплитель для стен каркасной бани","11318","Омская область","7","top","каркасная баня"
"утеплитель для стен каркасной бани какой","11318","Омская область","7","top","каркасная баня"
"фани бани","66","Омск","7","association","каркасная баня"
"фундамент под баню из газоблока","11318","Омская область","7","top","фундамент под баню"
"фундамент под пол бани","11318","Омская область","7","top","фундамент под баню"
"ходить по полусухой стяжке","66","Омск","7","top","полусухая стяжка"
"ходить по полусухой стяжке","11318","Омская область","7","top","полусухая стяжка"
"цсп в каркасной бане","66","Омск","7","top","каркасная баня"
"цсп в каркасной бане","11318","Омская область","7","top","каркасная баня"
"авито готовые бани","66","Омск","6","top","готовая баня"
"авито мобильная баня","11318","Омская область","6","top","мобильная баня"
"автоматическая штукатурная машина","66","Омск","6","association","механизированная штукатурка"
"автоматическая штукатурная машина","11318","Омская область","6","association","механизированная штукатурка"
"адреса готовых бань","66","Омск","6","top","готовая баня"
"александр демешин бурения скважин на воду отзывы","11318","Омская область","6","top","бурение скважин"
"бани 7 7 под ключ","11318","Омская область","6","top","баня под ключ"
"бани под ключ 5 5","11318","Омская область","6","top","баня под ключ"
"бани под ключ в рассрочку недорого","66","Омск","6","top","баня под ключ"
"банно оздоровительный комплекс","66","Омск","6","association","баня на участок"
"банно оздоровительный комплекс","11318","Омская область","6","association","баня на участок"
"баня 2 2 под ключ","66","Омск","6","top","баня под ключ"
"баня бревно под ключ цена","66","Омск","6","top","баня под ключ"
"баня бревно под ключ цена","11318","Омская область","6","top","баня под ключ"
"баня готовая 4 4","11318","Омская область","6","top","готовая баня"
"баня каркасная 2 на 3 какая цена","66","Омск","6","top","каркасная баня"
"баня каркасная 2 на 3 какая цена","11318","Омская область","6","top","каркасная баня"
"баня мобильная баня готовая","66","Омск","6","top","готовая баня|мобильная баня"
"баня мобильная баня готовая","11318","Омская область","6","top","готовая баня|мобильная баня"
"баня на дачном участке какие","66","Омск","6","top","баня на участок"
"баня на дачном участке какие","11318","Омская область","6","top","баня на участок"
"баня на участке 3 на 5","11318","Омская область","6","top","баня на участок"
"баня на участок 4 на 3","11318","Омская область","6","top","баня на участок"
"баня под ключ баня строй","66","Омск","6","top","баня под ключ"
"баня под ключ область","66","Омск","6","top","баня под ключ"
"баня под ключ цена за м2","66","Омск","6","top","баня под ключ"
"баня под ключ цена за м2","11318","Омская область","6","top","баня под ключ"
"баня под ключ цена работы","66","Омск","6","top","баня под ключ"
"баня при беременности","66","Омск","6","association","фундамент под баню"
"баня при беременности","11318","Омская область","6","association","фундамент под баню"
"баня тайга","66","Омск","6","association","кедровая баня"
"баня тайга","11318","Омская область","6","association","кедровая баня"
"большая баня под ключ","11318","Омская область","6","top","баня под ключ"
"бурение абиссинских скважин на воду","66","Омск","6","top","бурение скважин"
"бурение абиссинских скважин на воду","11318","Омская область","6","top","бурение скважин"
"бурение скважин на воду отзывы","11318","Омская область","6","top","бурение скважин"
"бурение скважин на воду своими руками","11318","Омская область","6","top","бурение скважин"
"бурение скважин на даче","11318","Омская область","6","top","бурение скважин"
"бурение скважин расценка","66","Омск","6","top","бурение скважин"
"бурение скважины мотобуром","11318","Омская область","6","top","бурение скважин"
"вода в бане зимой","66","Омск","6","top","баня зимой"
"водяной пол полусухой стяжки","66","Омск","6","top","полусухая стяжка"
"водяной полусухая стяжка","66","Омск","6","top","полусухая стяжка"
"где посмотреть готовые бани","66","Омск","6","top","готовая баня"
"где посмотреть готовые бани","11318","Омская область","6","top","готовая баня"
"готовые бани в исилькуле","66","Омск","6","top","готовая баня"
"готовые бани в исилькуле","11318","Омская область","6","top","готовая баня"
"готовые бани из бруса","66","Омск","6","top","готовая баня"
"готовые бани из бруса","11318","Омская область","6","top","готовая баня"
"границы бани на участке","11318","Омская область","6","top","баня на участок"
"двускатная крыша каркасной бани","66","Омск","6","top","каркасная баня"
"двускатная крыша каркасной бани","11318","Омская область","6","top","каркасная баня"
"деформационные швы в полусухой стяжке","11318","Омская область","6","top","полусухая стяжка"
"длина шнека для бурения скважины","66","Омск","6","top","бурение скважин"
"длина шнека для бурения скважины","11318","Омская область","6","top","бурение скважин"
"дом с баней на участке","66","Омск","6","top","баня на участок"
"доска для каркасной бани","11318","Омская область","6","top","каркасная баня"
"заливка фундамента под баню","66","Омск","6","top","фундамент под баню"
"затирочная машина для полусухой стяжки","66","Омск","6","top","полусухая стяжка"
"затирочная машина для полусухой стяжки","11318","Омская область","6","top","полусухая стяжка"
"изготовление бани под ключ","66","Омск","6","top","баня под ключ"
"изготовление бани под ключ","11318","Омская область","6","top","баня под ключ"
"инструмент для штукатурных работ","11318","Омская область","6","association","механизированная штукатурка"
"к12 ру банька","66","Омск","6","association","баня 2х2|баня 4х2"
"как делается полусухая стяжка пола","66","Омск","6","top","полусухая стяжка"
"как делать полусухую стяжку","11318","Омская область","6","top","полусухая стяжка"
"как расположить баню на участке","66","Омск","6","top","баня на участок"
"какая должна быть полусухая стяжка","66","Омск","6","top","полусухая стяжка"
"какая механизированная штукатурка лучше","66","Омск","6","top","механизированная штукатурка"
"какая механизированная штукатурка лучше","11318","Омская область","6","top","механизированная штукатурка"
"какой марки полусухая стяжка","66","Омск","6","top","полусухая стяжка"
"какой марки полусухая стяжка","11318","Омская область","6","top","полусухая стяжка"
"какой песок для полусухой стяжки","11318","Омская область","6","top","полусухая стяжка"
"какой сделать фундамент под баню","11318","Омская область","6","top","фундамент под баню"
"каркасная баня 2 2 цена","66","Омск","6","top","каркасная баня"
"каркасная баня 2 2 цена","11318","Омская область","6","top","каркасная баня"
"каркасная баня 3 3 цена","66","Омск","6","top","каркасная баня"
"каркасная баня 3 3 цена","11318","Омская область","6","top","каркасная баня"
"каркасная баня видео","66","Омск","6","top","каркасная баня"
"каркасная баня на сваях своими руками","11318","Омская область","6","top","каркасная баня"
"каркасная баня плюсы и минусы отзывы","66","Омск","6","top","каркасная баня"
"каркасная баня плюсы и минусы отзывы","11318","Омская область","6","top","каркасная баня"
"каркасная баня плюсы и минусы отзывы владельцев","66","Омск","6","top","каркасная баня"
"каркасная баня плюсы и минусы отзывы владельцев","11318","Омская область","6","top","каркасная баня"
"каркасная дверь в бане","66","Омск","6","top","каркасная баня"
"каркасная дверь в бане","11318","Омская область","6","top","каркасная баня"
"каркасная моечная баня","11318","Омская область","6","top","каркасная баня"
"каркасная перегородка в кирпичной бане","66","Омск","6","top","каркасная баня"
"каркасная перегородка в кирпичной бане","11318","Омская область","6","top","каркасная баня"
"каркасные бани минусы отзывы владельцев","66","Омск","6","top","каркасная баня"
"каркасные бани минусы отзывы владельцев","11318","Омская область","6","top","каркасная баня"
"кедровые бани бочки","11318","Омская область","6","top","кедровая баня"
"колонны бурения скважин","66","Омск","6","top","бурение скважин"
"колонны бурения скважин","11318","Омская область","6","top","бурение скважин"
"купить баню в новосибирске под ключ","66","Омск","6","top","баня под ключ"
"купить баню в новосибирске под ключ","11318","Омская область","6","top","баня под ключ"
"купить баню в рассрочку под ключ недорого","66","Омск","6","top","баня под ключ"
"купить баню на дачу недорого под ключ","66","Омск","6","top","баня под ключ"
"купить баню на дачу недорого под ключ","11318","Омская область","6","top","баня под ключ"
"купить готовую баню построить баню","66","Омск","6","top","готовая баня"
"купить готовую баню построить баню","11318","Омская область","6","top","готовая баня"
"лучшая механизированная штукатурка","66","Омск","6","top","механизированная штукатурка"
"лучшая механизированная штукатурка","11318","Омская область","6","top","механизированная штукатурка"
"марка полусухой стяжки","66","Омск","6","top","полусухая стяжка"
"машина для бурения скважин","66","Омск","6","top","бурение скважин"
"машина для бурения скважин","11318","Омская область","6","top","бурение скважин"
"место бурения скважины","66","Омск","6","top","бурение скважин"
"место бурения скважины","11318","Омская область","6","top","бурение скважин"
"механизированная штукатурка омск","66","Омск","6","top","механизированная штукатурка"
"минусы каркасных бань отзывы","66","Омск","6","top","каркасная баня"
"минусы каркасных бань отзывы","11318","Омская область","6","top","каркасная баня"
"оборудование для бурения скважин","66","Омск","6","top","бурение скважин"
"оконный проем в парилку в каркасной бане","66","Омск","6","top","каркасная баня"
"оконный проем в парилку в каркасной бане","11318","Омская область","6","top","каркасная баня"
"парная в каркасной бане","11318","Омская область","6","top","каркасная баня"
"пеноплекс для пола под стяжку","66","Омск","6","association","полусухая стяжка"
"план дома бани гаража на участке","66","Омск","6","top","баня на участок"
"пневмонагнетатель для полусухой стяжки купить","66","Омск","6","top","полусухая стяжка"
"пневмонагнетатель для полусухой стяжки купить","11318","Омская область","6","top","полусухая стяжка"
"полок для мобильной бани","66","Омск","6","top","мобильная баня"
"полок для мобильной бани","11318","Омская область","6","top","мобильная баня"
"полусухая стяжка для теплого водяного","11318","Омская область","6","top","полусухая стяжка"
"полусухая стяжка для теплого водяного пола","11318","Омская область","6","top","полусухая стяжка"
"полусухая стяжка на пеноплекс","66","Омск","6","top","полусухая стяжка"
"полусухая стяжка на пеноплекс","11318","Омская область","6","top","полусухая стяжка"
"полусухая стяжка перепады","66","Омск","6","top","полусухая стяжка"
"полусухая стяжка перепады","11318","Омская область","6","top","полусухая стяжка"
"полусухая стяжка пола в доме","66","Омск","6","top","полусухая стяжка"
"полусухая стяжка пола в доме","11318","Омская область","6","top","полусухая стяжка"
"полусухая стяжка пола технология","11318","Омская область","6","top","полусухая стяжка"
"полусухая стяжка сколько нужно цемента","11318","Омская область","6","top","полусухая стяжка"
"полусухая стяжка сколько цемента и песка","11318","Омская область","6","top","полусухая стяжка"
"полусухая стяжка сохнет","66","Омск","6","top","полусухая стяжка"
"портативная сауна","11318","Омская область","6","association","мобильная баня"
"поставить баню на участке","66","Омск","6","top","баня на участок"
"продажа бани под ключ","11318","Омская область","6","top","баня под ключ"
"продажа каркасных бань","11318","Омская область","6","top","каркасная баня"
"промыть скважину после бурения","11318","Омская область","6","top","бурение скважин"
"расчеты бурении скважин","66","Омск","6","top","бурение скважин"
"расчеты бурении скважин","11318","Омская область","6","top","бурение скважин"
"регистрируем баню на земельном участке","11318","Омская область","6","top","баня на участок"
"сарай баня на участке","11318","Омская область","6","top","баня на участок"
"сауна бочка","66","Омск","6","association","доставка бани"
"сауна бочка","11318","Омская область","6","association","доставка бани"
"скважина бурение аква","66","Омск","6","top","бурение скважин"
"скважина бурение аква","11318","Омская область","6","top","бурение скважин"
"скважина бурение цена за метр","11318","Омская область","6","top","бурение скважин"
"стоимость бурения под скважину","11318","Омская область","6","top","бурение скважин"
"стоимость бурения скважины","66","Омск","6","top","бурение скважин"
"стяжка полусухой работу","11318","Омская область","6","top","полусухая стяжка"
"схема каркасной бани 2 на 4","11318","Омская область","6","top","каркасная баня"
"тип бурения скважин","66","Омск","6","top","бурение скважин"
"тип бурения скважин","11318","Омская область","6","top","бурение скважин"
"толщина стен каркасной бани","66","Омск","6","top","каркасная баня"
"толщина стен каркасной бани","11318","Омская область","6","top","каркасная баня"
"установка каркасных бань","66","Омск","6","top","каркасная баня"
"установка мобильной бани","66","Омск","6","top","мобильная баня"
"установка мобильной бани","11318","Омская область","6","top","мобильная баня"
"устройство мобильной бани","11318","Омская область","6","top","мобильная баня"
"фиброволокно для стяжки пола","11318","Омская область","6","association","полусухая стяжка"
"фундамент под баню 4 5","11318","Омская область","6","top","фундамент под баню"
"фундамент под баню 6 на 6","11318","Омская область","6","top","фундамент под баню"
"фундамент под баню своими руками пошаговая","11318","Омская область","6","top","фундамент под баню"
"фундамент под печку в бане","11318","Омская область","6","top","фундамент под баню"
"цена работы отделка бани под ключ","66","Омск","6","top","баня под ключ"
"цена работы отделка бани под ключ","11318","Омская область","6","top","баня под ключ"
"штукатурная машина для стен","66","Омск","6","association","механизированная штукатурка"
"штукатурная машина для стен","11318","Омская область","6","association","механизированная штукатурка"
"siberia баня","66","Омск","6","association","кедровая баня"
"siberia баня","11318","Омская область","6","association","кедровая баня"
"бани бочки под ключ недорого","66","Омск","5","top","баня под ключ"
"бани бочки под ключ недорого","11318","Омская область","5","top","баня под ключ"
"банька парилка скачать","66","Омск","5","association","баня 4х2|мобильная баня"
"баня 3 4 под ключ","11318","Омская область","5","top","баня под ключ"
"баня бочка под ключ купить в омске","66","Омск","5","top","баня под ключ"
"баня бочка под ключ купить в омске","11318","Омская область","5","top","баня под ключ"
"баня готовая в омской области купить","66","Омск","5","top","готовая баня"
"баня зимой замерзает вода","66","Омск","5","top","баня зимой"
"баня зимой замерзает вода","11318","Омская область","5","top","баня зимой"
"баня каркасная своими руками от начала","11318","Омская область","5","top","каркасная баня"
"баня на двух участках","11318","Омская область","5","top","баня на участок"
"баня на соседнем участке расстояние","66","Омск","5","top","баня на участок"
"баня на соседнем участке расстояние","11318","Омская область","5","top","баня на участок"
"баня на участке 8 соток","11318","Омская область","5","top","баня на участок"
"баня на участке сколько метров","11318","Омская область","5","top","баня на участок"
"баня на участок купить","11318","Омская область","5","top","баня на участок"
"баня под ключ в новосибирске цена","11318","Омская область","5","top","баня под ключ"
"баня под ключ г","11318","Омская область","5","top","баня под ключ"
"баня с террасой под ключ","66","Омск","5","top","баня под ключ"
"баня с террасой под ключ","11318","Омская область","5","top","баня под ключ"
"бизнес готовые бани","66","Омск","5","top","готовая баня"
"бизнес готовые бани","11318","Омская область","5","top","готовая баня"
"бурение абиссинская скважина купить","66","Омск","5","top","бурение скважин"
"бурение абиссинская скважина купить","11318","Омская область","5","top","бурение скважин"
"бурение вода скважина станок","66","Омск","5","top","бурение скважин"
"бурение вода скважина станок","11318","Омская область","5","top","бурение скважин"
"бурение водоносных скважин","66","Омск","5","top","бурение скважин"
"бурение и ремонт скважин","66","Омск","5","top","бурение скважин"
"бурение скважин воду метров","11318","Омская область","5","top","бурение скважин"
"бурение скважин картинки","66","Омск","5","top","бурение скважин"
"бурение скважин картинки","11318","Омская область","5","top","бурение скважин"
"бурение скважин можно","66","Омск","5","top","бурение скважин"
"бурение скважин на воду на даче","11318","Омская область","5","top","бурение скважин"
"бурение скважин на воду своими руками","66","Омск","5","top","бурение скважин"
"бурение скважин на воду цена за метр","11318","Омская область","5","top","бурение скважин"
"бурение скважин на даче","66","Омск","5","top","бурение скважин"
"бурение скважин на участке","66","Омск","5","top","бурение скважин"
"бурение скважин на участке","11318","Омская область","5","top","бурение скважин"
"бурение скважин работа","11318","Омская область","5","top","бурение скважин"
"бурение скважин чистую воду","66","Омск","5","top","бурение скважин"
"бурение скважин чистую воду","11318","Омская область","5","top","бурение скважин"
"бурение скважины на даче своими руками","11318","Омская область","5","top","бурение скважин"
"бурение чистая скважина","66","Омск","5","top","бурение скважин"
"бурение чистая скважина","11318","Омская область","5","top","бурение скважин"
"веник для бани доставка","66","Омск","5","top","доставка бани"
"веник для бани доставка","11318","Омская область","5","top","доставка бани"
"веник для бани купить доставка","66","Омск","5","top","доставка бани"
"веник для бани купить доставка","11318","Омская область","5","top","доставка бани"
"водоносные слои при бурении скважин","66","Омск","5","top","бурение скважин"
"высота каркасной бани","66","Омск","5","top","каркасная баня"
"высота каркасной бани","11318","Омская область","5","top","каркасная баня"
"высота фундамента под баню","11318","Омская область","5","top","фундамент под баню"
"г омск готовая баня 3на3 цена","66","Омск","5","top","готовая баня"
"г омск готовая баня 3на3 цена","11318","Омская область","5","top","готовая баня"
"готовая баня в рассрочку купить","66","Омск","5","top","готовая баня"
"готовая баня в рассрочку купить","11318","Омская область","5","top","готовая баня"
"готовая баня в рассрочку омск купить","66","Омск","5","top","готовая баня"
"готовая баня в рассрочку омск купить","11318","Омская область","5","top","готовая баня"
"готовая баня из кирпича","66","Омск","5","top","готовая баня"
"готовая баня из кирпича","11318","Омская область","5","top","готовая баня"
"готовая модульная баня","11318","Омская область","5","top","готовая баня"
"готовая полусухая стяжка","66","Омск","5","top","полусухая стяжка"
"готовое крыльцо к бане","66","Омск","5","top","готовая баня"
"готовое крыльцо к бане","11318","Омская область","5","top","готовая баня"
"готовые бани в области","66","Омск","5","top","готовая баня"
"готовые бани дерева","66","Омск","5","top","готовая баня"
"готовые бани дерева","11318","Омская область","5","top","готовая баня"
"готовые бани новосибирск","11318","Омская область","5","top","готовая баня"
"дешевые готовые бани под ключ","11318","Омская область","5","top","баня под ключ|готовая баня"
"зима баня веники","11318","Омская область","5","top","баня зимой"
"изготовление каркасной бани","66","Омск","5","top","каркасная баня"
"изготовление каркасной бани","11318","Омская область","5","top","каркасная баня"
"инструкция строительства каркасной бани","66","Омск","5","top","каркасная баня"
"инструкция строительства каркасной бани","11318","Омская область","5","top","каркасная баня"
"как залить ленточный фундамент под баню","66","Омск","5","top","фундамент под баню"
"как залить ленточный фундамент под баню","11318","Омская область","5","top","фундамент под баню"
"как крепить кедровую вагонку в бане","66","Омск","5","top","кедровая баня"
"как крепить кедровую вагонку в бане","11318","Омская область","5","top","кедровая баня"
"как сделать каркасную баню","11318","Омская область","5","association|top","баня под ключ|каркасная баня"
"как утеплить баню зимой","66","Омск","5","top","баня зимой"
"как утеплить каркасную баню изнутри","11318","Омская область","5","top","каркасная баня"
"какая должна быть полусухая стяжка пола","66","Омск","5","top","полусухая стяжка"
"какая толщина полусухой стяжки","11318","Омская область","5","top","полусухая стяжка"
"какая штукатурка лучше механическая или механизированная","66","Омск","5","top","механизированная штукатурка"
"какая штукатурка лучше механическая или механизированная","11318","Омская область","5","top","механизированная штукатурка"
"какой утеплитель использовать для каркасной бани","11318","Омская область","5","top","каркасная баня"
"каркасная баня 6х4","66","Омск","5","top","каркасная баня"
"каркасная баня 6х4","11318","Омская область","5","top","каркасная баня"
"каркасная баня на сваях своими руками пошаговая","11318","Омская область","5","top","каркасная баня"
"каркасная баня от начала до конца","11318","Омская область","5","top","каркасная баня"
"каркасная баня под ключ","11318","Омская область","5","top","баня под ключ|каркасная баня"
"каркасная баня с односкатной крышей","66","Омск","5","top","каркасная баня"
"каркасная баня с односкатной крышей","11318","Омская область","5","top","каркасная баня"
"каркасная баня своими руками чертежи","66","Омск","5","top","каркасная баня"
"каркасная баня своими руками чертежи","11318","Омская область","5","top","каркасная баня"
"каркасная баня форум","11318","Омская область","5","top","каркасная баня"
"каркасная моечная баня","66","Омск","5","top","каркасная баня"
"каркасные бани ключ","11318","Омская область","5","top","каркасная баня"
"компания бурения и ремонта скважин","66","Омск","5","top","бурение скважин"
"компания бурения и ремонта скважин","11318","Омская область","5","top","бурение скважин"
"крыша каркасной бани своими руками","66","Омск","5","top","каркасная баня"
"крыша каркасной бани своими руками","11318","Омская область","5","top","каркасная баня"
"купить мобильную баню палатку","66","Омск","5","top","мобильная баня"
"купить мобильную баню палатку","11318","Омская область","5","top","мобильная баня"
"купить станок бурения скважин","66","Омск","5","top","бурение скважин"
"купить станок бурения скважин","11318","Омская область","5","top","бурение скважин"
"легкий фундамент под баню","66","Омск","5","top","фундамент под баню"
"легкий фундамент под баню","11318","Омская область","5","top","фундамент под баню"
"лучший фундамент под баню","66","Омск","5","top","фундамент под баню"
"лучший фундамент под баню","11318","Омская область","5","top","фундамент под баню"
"минимальная полусухая стяжка пола","66","Омск","5","top","полусухая стяжка"
"минимальная полусухая стяжка пола","11318","Омская область","5","top","полусухая стяжка"
"минимальная толщина полусухой стяжки пола","66","Омск","5","top","полусухая стяжка"
"минимальная толщина полусухой стяжки пола","11318","Омская область","5","top","полусухая стяжка"
"минусы полусухой стяжки","11318","Омская область","5","top","полусухая стяжка"
"мобильные бани под","11318","Омская область","5","top","мобильная баня"
"можно ставить перегородки на стяжку полусухую","66","Омск","5","top","полусухая стяжка"
"можно ставить перегородки на стяжку полусухую","11318","Омская область","5","top","полусухая стяжка"
"монтаж полусухой стяжки","66","Омск","5","top","полусухая стяжка"
"монтаж полусухой стяжки","11318","Омская область","5","top","полусухая стяжка"
"налог на баню на участке","11318","Омская область","5","top","баня на участок"
"насос для полусухой стяжки","66","Омск","5","top","полусухая стяжка"
"насос для полусухой стяжки","11318","Омская область","5","top","полусухая стяжка"
"нужно регистрировать баню на участке","66","Омск","5","top","баня на участок"
"обшивки каркасной бани","11318","Омская область","5","top","каркасная баня"
"ооо бурение и ремонт скважин","66","Омск","5","top","бурение скважин"
"ооо бурение и ремонт скважин","11318","Омская область","5","top","бурение скважин"
"основание каркасной бани","11318","Омская область","5","top","каркасная баня"
"оформить баню на участке","11318","Омская область","5","top","баня на участок"
"парная баня на дачном участке","11318","Омская область","5","top","баня на участок"
"пенополистирол под полусухую стяжку","66","Омск","5","top","полусухая стяжка"
"пенополистирол под полусухую стяжку","11318","Омская область","5","top","полусухая стяжка"
"перегородка на полусухую стяжку","66","Омск","5","top","полусухая стяжка"
"перегородка на полусухую стяжку","11318","Омская область","5","top","полусухая стяжка"
"подспинник для бани","11318","Омская область","5","association","баня под ключ"
"пол в бане зимой","11318","Омская область","5","top","баня зимой"
"полуручка для полусухой стяжки в аренду омск","66","Омск","5","top","полусухая стяжка"
"полуручка для полусухой стяжки в аренду омск","11318","Омская область","5","top","полусухая стяжка"
"полусухая стяжка без пленки","66","Омск","5","top","полусухая стяжка"
"полусухая стяжка без пленки","11318","Омская область","5","top","полусухая стяжка"
"полусухая стяжка в домашних условиях","66","Омск","5","top","полусухая стяжка"
"полусухая стяжка в домашних условиях","11318","Омская область","5","top","полусухая стяжка"
"полусухая стяжка в мешках","11318","Омская область","5","top","полусухая стяжка"
"полусухая стяжка в мешках купить","11318","Омская область","5","top","полусухая стяжка"
"полусухая стяжка высыхание","66","Омск","5","top","полусухая стяжка"
"полусухая стяжка высыхание","11318","Омская область","5","top","полусухая стяжка"
"полусухая стяжка для теплого водяного","66","Омск","5","top","полусухая стяжка"
"полусухая стяжка для теплого водяного пола","66","Омск","5","top","полусухая стяжка"
"полусухая стяжка пенополистирол","66","Омск","5","top","полусухая стяжка"
"полусухая стяжка пенополистирол","11318","Омская область","5","top","полусухая стяжка"
"полусухая стяжка пола деформационные швы","11318","Омская область","5","top","полусухая стяжка"
"полусухая стяжка пола на пеноплекс","66","Омск","5","top","полусухая стяжка"
"полусухая стяжка пола на пеноплекс","11318","Омская область","5","top","полусухая стяжка"
"полусухая стяжка пола самому","11318","Омская область","5","top","полусухая стяжка"
"полусухая стяжка пола технология","66","Омск","5","top","полусухая стяжка"
"полусухая стяжка пола цена материала","66","Омск","5","top","полусухая стяжка"
"полусухая стяжка пола цена метр","66","Омск","5","top","полусухая стяжка"
"полусухая стяжка самом","11318","Омская область","5","top","полусухая стяжка"
"полусухая стяжка самому","11318","Омская область","5","top","полусухая стяжка"
"полусухая стяжка технология","66","Омск","5","top","полусухая стяжка"
"полусухая стяжка цена за квадратный метр","66","Омск","5","top","полусухая стяжка"
"полусухая стяжка цена за метр","66","Омск","5","top","полусухая стяжка"
"полусухая стяжка цена материала","66","Омск","5","top","полусухая стяжка"
"пошаговая инструкция с фото каркасной бани","66","Омск","5","top","каркасная баня"
"пошаговая инструкция фундамента под баню","11318","Омская область","5","top","фундамент под баню"
"пошаговое строительство каркасной бани","66","Омск","5","top","каркасная баня"
"пошаговое строительство каркасной бани","11318","Омская область","5","top","каркасная баня"
"пошаговое строительство каркасной бани своими руками","66","Омск","5","top","каркасная баня"
"пошаговое строительство каркасной бани своими руками","11318","Омская область","5","top","каркасная баня"
"правильная полусухая стяжка","66","Омск","5","top","полусухая стяжка"
"правильная полусухая стяжка","11318","Омская область","5","top","полусухая стяжка"
"правильный пирог каркасной бани","66","Омск","5","top","каркасная баня"
"проливные полы в каркасной бане на сваях","66","Омск","5","top","каркасная баня"
"проливные полы в каркасной бане на сваях","11318","Омская область","5","top","каркасная баня"
"размеры бани на участке","66","Омск","5","top","баня на участок"
"размеры фундамента под баню","66","Омск","5","top","фундамент под баню"
"размеры фундамента под баню","11318","Омская область","5","top","фундамент под баню"
"расстояние между банями на участке","66","Омск","5","top","баня на участок"
"рассчитать материал на каркасную баню","66","Омск","5","top","каркасная баня"
"рассчитать материал на каркасную баню","11318","Омская область","5","top","каркасная баня"
"раствор для полусухой стяжки","66","Омск","5","top","полусухая стяжка"
"раствор для полусухой стяжки","11318","Омская область","5","top","полусухая стяжка"
"роторное бурение скважин","11318","Омская область","5","top","бурение скважин"
"сайты баня под ключ","11318","Омская область","5","top","баня под ключ"
"сделай бурение скважин","66","Омск","5","top","бурение скважин"
"сервисное бурение скважин","66","Омск","5","top","бурение скважин"
"сервисное бурение скважин","11318","Омская область","5","top","бурение скважин"
"скважина без бурения","11318","Омская область","5","top","бурение скважин"
"сколько дней промывать скважину после бурения","11318","Омская область","5","top","бурение скважин"
"сколько промывают скважину после бурения","11318","Омская область","5","top","бурение скважин"
"сколько сохнет полусухая стяжка","11318","Омская область","5","top","полусухая стяжка"
"сколько стоит баня бочка под ключ цена","11318","Омская область","5","top","баня под ключ"
"сколько цена бани бочки под ключ","11318","Омская область","5","top","баня под ключ"
"слои бурения скважины","66","Омск","5","top","бурение скважин"
"ставим каркасную баню","11318","Омская область","5","top","каркасная баня"
"стоимость бани под ключ","66","Омск","5","top","баня под ключ"
"стоимость бурения под скважину","66","Омск","5","top","бурение скважин"
"стойки каркасной бани","11318","Омская область","5","top","каркасная баня"
"строительство бани на дачном участке санпин","66","Омск","5","top","баня на участок"
"строительство бани на дачном участке санпин","11318","Омская область","5","top","баня на участок"
"строительство каркасной бани пошаговая инструкция","66","Омск","5","top","каркасная баня"
"строительство каркасной бани пошаговая инструкция","11318","Омская область","5","top","каркасная баня"
"строительство каркасной бани своими руками пошаговая инструкция","66","Омск","5","top","каркасная баня"
"строительство каркасной бани своими руками пошаговая инструкция","11318","Омская область","5","top","каркасная баня"
"строительство каркасной бани фото","66","Омск","5","top","каркасная баня"
"строительство каркасной бани фото","11318","Омская область","5","top","каркасная баня"
"стяжка полусухой работу","66","Омск","5","top","полусухая стяжка"
"таежные бани","11318","Омская область","5","association","кедровая баня"
"тайга пар банный комплекс","66","Омск","5","association","баня 4х2|баня зимой"
"тайга пар банный комплекс","11318","Омская область","5","association","баня 4х2|баня зимой"
"технология каркасной бани","66","Омск","5","top","каркасная баня"
"технология каркасной бани","11318","Омская область","5","top","каркасная баня"
"технология устройства полусухой стяжки","66","Омск","5","top","полусухая стяжка"
"технология устройства полусухой стяжки","11318","Омская область","5","top","полусухая стяжка"
"технология устройства полусухой стяжки пола","66","Омск","5","top","полусухая стяжка"
"технология устройства полусухой стяжки пола","11318","Омская область","5","top","полусухая стяжка"
"укладка пеноплекса на пол под полусухую стяжку","66","Омск","5","top","полусухая стяжка"
"укладка пеноплекса на пол под полусухую стяжку","11318","Омская область","5","top","полусухая стяжка"
"укладка пеноплекса под полусухую стяжку","66","Омск","5","top","полусухая стяжка"
"укладка пеноплекса под полусухую стяжку","11318","Омская область","5","top","полусухая стяжка"
"укладка полусухой стяжки пола","66","Омск","5","top","полусухая стяжка"
"укладка полусухой стяжки пола","11318","Омская область","5","top","полусухая стяжка"
"установить баню под ключ","66","Омск","5","top","баня под ключ"
"установить баню под ключ","11318","Омская область","5","top","баня под ключ"
"установка для бурения скважин машина","66","Омск","5","top","бурение скважин"
"установка для бурения скважин машина","11318","Омская область","5","top","бурение скважин"
"финские бани под ключ","66","Омск","5","top","баня под ключ"
"финские бани под ключ","11318","Омская область","5","top","баня под ключ"
"фонарные бани","66","Омск","5","association","мобильная баня"
"фонарные бани","11318","Омская область","5","association","мобильная баня"
"фото чертежи каркасная баня своими руками","66","Омск","5","top","каркасная баня"
"фото чертежи каркасная баня своими руками","11318","Омская область","5","top","каркасная баня"
"фото чертежи каркасных бань","66","Омск","5","top","каркасная баня"
"фото чертежи каркасных бань","11318","Омская область","5","top","каркасная баня"
"фундамент плита под баню","11318","Омская область","5","top","фундамент под баню"
"фундамент под баню под кирпич","11318","Омская область","5","top","фундамент под баню"
"фундамент под баню своими руками инструкция","11318","Омская область","5","top","фундамент под баню"
"фундамент под баню своими руками пошаговая инструкция","11318","Омская область","5","top","фундамент под баню"
"цемент для полусухой стяжки","11318","Омская область","5","top","полусухая стяжка"
"цена полусухой стяжки пола за квадратный","66","Омск","5","top","полусухая стяжка"
"цена полусухой стяжки пола за квадратный метр","66","Омск","5","top","полусухая стяжка"
"чем обшить каркасную баню","11318","Омская область","5","top","каркасная баня"
"porn в бане","11318","Омская область","5","association","баня под ключ"
"авито мобильная баня","66","Омск","4","top","мобильная баня"
"аппарат для механизированной штукатурки","66","Омск","4","top","механизированная штукатурка"
"аппарат для механизированной штукатурки","11318","Омская область","4","top","механизированная штукатурка"
"аппарат механизировать штукатурка","66","Омск","4","top","механизированная штукатурка"
"аппарат механизировать штукатурка","11318","Омская область","4","top","механизированная штукатурка"
"арбузы в бане на зиму","11318","Омская область","4","top","баня зимой"
"бани 4 4 под ключ","66","Омск","4","top","баня под ключ"
"бани бочки в новосибирске под ключ","66","Омск","4","top","баня под ключ"
"бани бочки в новосибирске под ключ","11318","Омская область","4","top","баня под ключ"
"бани купить под ключ с печью","66","Омск","4","top","баня под ключ"
"бани купить под ключ с печью","11318","Омская область","4","top","баня под ключ"
"бани купить под ключ с печью недорого","66","Омск","4","top","баня под ключ"
"бани купить под ключ с печью недорого","11318","Омская область","4","top","баня под ключ"
"бани под ключ недорого в московской области","66","Омск","4","top","баня под ключ"
"бани под ключ недорого в московской области","11318","Омская область","4","top","баня под ключ"
"бани под ключ с печью","66","Омск","4","top","баня под ключ"
"бани под ключ с печью","11318","Омская область","4","top","баня под ключ"
"бани с террасой под ключ проекты","66","Омск","4","top","баня под ключ"
"бани с террасой под ключ проекты","11318","Омская область","4","top","баня под ключ"
"банный остров","66","Омск","4","association","кедровая баня"
"банный остров","11318","Омская область","4","association","кедровая баня"
"банька парилка текст","11318","Омская область","4","association","баня 2х2|баня 4х2|баня зимой|баня на участок|готовая баня|доставка бани|мобильная баня"
"баня из клееного бруса под ключ","66","Омск","4","top","баня под ключ"
"баня из клееного бруса под ключ","11318","Омская область","4","top","баня под ключ"
"баня купить под ключ московская","66","Омск","4","top","баня под ключ"
"баня купить под ключ московская","11318","Омская область","4","top","баня под ключ"
"баня на улице зимой","11318","Омская область","4","top","баня зимой"
"баня на участке 2 сотки","11318","Омская область","4","top","баня на участок"
"баня на участке проекты","11318","Омская область","4","top","баня на участок"
"баня на участке сколько стоит","66","Омск","4","top","баня на участок"
"баня на участке снт нормы","66","Омск","4","top","баня на участок"
"баня на участке снт нормы","11318","Омская область","4","top","баня на участок"
"баня на участке цена","66","Омск","4","top","баня на участок"
"баня на участке цена","11318","Омская область","4","top","баня на участок"
"баня под ключ 3х4","11318","Омская область","4","top","баня под ключ"
"баня под ключ г","66","Омск","4","top","баня под ключ"
"баня под ключ г омске","11318","Омская область","4","top","баня под ключ"
"баня под ключ купить с доставкой","11318","Омская область","4","top","баня под ключ|доставка бани"
"баня под ключ московская","66","Омск","4","top","баня под ключ"
"баня под ключ московская","11318","Омская область","4","top","баня под ключ"
"баня под ключ московская область","66","Омск","4","top","баня под ключ"
"баня под ключ московская область","11318","Омская область","4","top","баня под ключ"
"баня под ключ не дорого","11318","Омская область","4","top","баня под ключ"
"баня под ключ недорого московская","66","Омск","4","top","баня под ключ"
"баня под ключ недорого московская","11318","Омская область","4","top","баня под ключ"
"баня под ключ сделаю","11318","Омская область","4","top","баня под ключ"
"баня после зимы","66","Омск","4","top","баня зимой"
"баня после зимы","11318","Омская область","4","top","баня зимой"
"баня финская бочка под ключ","66","Омск","4","top","баня под ключ"
"баня финская бочка под ключ","11318","Омская область","4","top","баня под ключ"
"бесплатный проект каркасной бани","11318","Омская область","4","top","каркасная баня"
"бурение обустройство скважин воду","66","Омск","4","top","бурение скважин"
"бурение обустройство скважин воду","11318","Омская область","4","top","бурение скважин"
"бурение скважин 600 мм","66","Омск","4","top","бурение скважин"
"бурение скважин 600 мм","11318","Омская область","4","top","бурение скважин"
"бурение скважин вручную","66","Омск","4","top","бурение скважин"
"бурение скважин вручную","11318","Омская область","4","top","бурение скважин"
"бурение скважин диаметром 600 мм","66","Омск","4","top","бурение скважин"
"бурение скважин диаметром 600 мм","11318","Омская область","4","top","бурение скважин"
"бурение скважин диаметры долот","66","Омск","4","top","бурение скважин"
"бурение скважин диаметры долот","11318","Омская область","4","top","бурение скважин"
"бурение скважин на воду на даче","66","Омск","4","top","бурение скважин"
"бурение скважин на песок","66","Омск","4","top","бурение скважин"
"бурение скважин на песок","11318","Омская область","4","top","бурение скважин"
"бурение скважин отзывы","66","Омск","4","top","бурение скважин"
"бурение скважин станками со 2","66","Омск","4","top","бурение скважин"
"бурение скважин станками со 2","11318","Омская область","4","top","бурение скважин"
"бурение скважин станками типа со 2","66","Омск","4","top","бурение скважин"
"бурение скважин станками типа со 2","11318","Омская область","4","top","бурение скважин"
"бурение скважины в доме","11318","Омская область","4","top","бурение скважин"
"бурение скважины на даче своими руками","66","Омск","4","top","бурение скважин"
"бурение скважины под воду цена за метр","11318","Омская область","4","top","бурение скважин"
"верхняя обвязка каркасной бани","66","Омск","4","top","каркасная баня"
"верхняя обвязка каркасной бани","11318","Омская область","4","top","каркасная баня"
"выполнение работ бурению скважин","11318","Омская область","4","top","бурение скважин"
"высота бани на участке","66","Омск","4","top","баня на участок"
"высота бани на участке","11318","Омская область","4","top","баня на участок"
"высота фундамента под баню","66","Омск","4","top","фундамент под баню"
"гипсовая штукатурка кнауф механизированная","66","Омск","4","top","механизированная штукатурка"
"гипсовая штукатурка кнауф механизированная","11318","Омская область","4","top","механизированная штукатурка"
"готовая баня 2 2","11318","Омская область","4","top","готовая баня"
"готовая баня для дачи","11318","Омская область","4","top","готовая баня"
"готовые бани в днр","11318","Омская область","4","top","готовая баня"
"готовые бани донецк","11318","Омская область","4","top","готовая баня"
"готовые бани донецк днр","11318","Омская область","4","top","готовая баня"
"готовые бани купить фото","66","Омск","4","top","готовая баня"
"готовые бани купить фото","11318","Омская область","4","top","готовая баня"
"готовые бани размеры","11318","Омская область","4","top","готовая баня"
"готовые бани томск","11318","Омская область","4","top","готовая баня"
"границы бани на участке","66","Омск","4","top","баня на участок"
"дверь входная в каркасную баню","66","Омск","4","top","каркасная баня"
"дверь входная в каркасную баню","11318","Омская область","4","top","каркасная баня"
"зима баня веники","66","Омск","4","top","баня зимой"
"как делать полусухую стяжку","66","Омск","4","top","полусухая стяжка"
"как научиться штукатурить стены","66","Омск","4","association","механизированная штукатурка"
"как научиться штукатурить стены","11318","Омская область","4","association","механизированная штукатурка"
"как сделать баню зимой","66","Омск","4","top","баня зимой"
"как сделать баню зимой","11318","Омская область","4","top","баня зимой"
"как сделать полусухую стяжку своими руками","66","Омск","4","top","полусухая стяжка"
"какая минимальная толщина полусухой стяжки","66","Омск","4","top","полусухая стяжка"
"какая минимальная толщина полусухой стяжки","11318","Омская область","4","top","полусухая стяжка"
"какая толщина полусухой стяжки","66","Омск","4","top","полусухая стяжка"
"какой должен фундамент под баню","11318","Омская область","4","top","фундамент под баню"
"какой толщины делают полусухую стяжку","66","Омск","4","top","полусухая стяжка"
"какой толщины делают полусухую стяжку","11318","Омская область","4","top","полусухая стяжка"
"какой толщины можно делать полусухую стяжку","66","Омск","4","top","полусухая стяжка"
"какой толщины можно делать полусухую стяжку","11318","Омская область","4","top","полусухая стяжка"
"какой утеплитель для каркасной бани","66","Омск","4","top","каркасная баня"
"какой цемент для полусухой стяжки","66","Омск","4","top","полусухая стяжка"
"какой цемент для полусухой стяжки","11318","Омская область","4","top","полусухая стяжка"
"каркасная баня 2.5 2.5 проект","11318","Омская область","4","top","каркасная баня"
"каркасная баня 4 на 4","66","Омск","4","top","каркасная баня"
"каркасная баня обзор","66","Омск","4","top","каркасная баня"
"каркасная баня обзор","11318","Омская область","4","top","каркасная баня"
"каркасная баня от фундамента до крыши","66","Омск","4","top","каркасная баня"
"каркасная баня от фундамента до крыши","11318","Омская область","4","top","каркасная баня"
"каркасная баня под ключ","66","Омск","4","top","баня под ключ|каркасная баня"
"каркасная баня поэтапно","11318","Омская область","4","top","каркасная баня"
"каркасная баня самому","66","Омск","4","top","каркасная баня"
"каркасная баня своими руками поэтапно","11318","Омская область","4","top","каркасная баня"
"каркасная баня скачать","66","Омск","4","top","каркасная баня"
"каркасная баня стоимость","11318","Омская область","4","top","каркасная баня"
"каркасные бани ключ","66","Омск","4","top","каркасная баня"
"каркасные деревянные бани","66","Омск","4","top","каркасная баня"
"каркасные деревянные бани","11318","Омская область","4","top","каркасная баня"
"кедровая баня цена","66","Омск","4","top","кедровая баня"
"кедровая баня цена","11318","Омская область","4","top","кедровая баня"
"клееные бани под ключ","66","Омск","4","top","баня под ключ"
"клееные бани под ключ","11318","Омская область","4","top","баня под ключ"
"кнауф механизированная штукатурка 30 кг","66","Омск","4","top","механизированная штукатурка"
"кнауф механизированная штукатурка 30 кг","11318","Омская область","4","top","механизированная штукатурка"
"купить баню из сруба под ключ","66","Омск","4","top","баня под ключ"
"купить баню из сруба под ключ","11318","Омская область","4","top","баня под ключ"
"купить баню под ключ в московской области","66","Омск","4","top","баня под ключ"
"купить баню под ключ в московской области","11318","Омская область","4","top","баня под ключ"
"купить баню под ключ недорого московская","66","Омск","4","top","баня под ключ"
"купить баню под ключ недорого московская","11318","Омская область","4","top","баня под ключ"
"купить баню под ключ недорого московская область","66","Омск","4","top","баня под ключ"
"купить баню под ключ недорого московская область","11318","Омская область","4","top","баня под ключ"
"купить готовую баню в днр","11318","Омская область","4","top","готовая баня"
"купить готовую баню в донецке днр","11318","Омская область","4","top","готовая баня"
"купить готовую баню цена фото","66","Омск","4","top","готовая баня"
"купить готовую баню цена фото","11318","Омская область","4","top","готовая баня"
"купить правила для полусухой стяжки","11318","Омская область","4","top","полусухая стяжка"
"лучшие бани на участке","66","Омск","4","top","баня на участок"
"лучшие бани на участке","11318","Омская область","4","top","баня на участок"
"маленькие бани под ключ","11318","Омская область","4","top","баня под ключ"
"методы бурения скважин","66","Омск","4","top","бурение скважин"
"механизированная цементная штукатурка","66","Омск","4","top","механизированная штукатурка"
"механизированная цементная штукатурка","11318","Омская область","4","top","механизированная штукатурка"
"механизированная штукатурка кнауф","66","Омск","4","top","механизированная штукатурка"
"механизированная штукатурка кнауф","11318","Омская область","4","top","механизированная штукатурка"
"механизированная штукатурка цементно песчаная","66","Омск","4","top","механизированная штукатурка"
"механизированная штукатурка цементно песчаная","11318","Омская область","4","top","механизированная штукатурка"
"минусы полусухой стяжки","66","Омск","4","top","полусухая стяжка"
"мобильная баня бу","11318","Омская область","4","top","мобильная баня"
"мобильная баня с печкой","66","Омск","4","top","мобильная баня"
"мобильная баня с печкой","11318","Омская область","4","top","мобильная баня"
"мобильная баня своими руками","66","Омск","4","top","мобильная баня"
"мобильная баня своими руками","11318","Омская область","4","top","мобильная баня"
"можно строить баню на дачном участке","66","Омск","4","top","баня на участок"
"можно строить баню на дачном участке","11318","Омская область","4","top","баня на участок"
"мокрая или полусухая стяжка что лучше","66","Омск","4","top","полусухая стяжка"
"мокрая или полусухая стяжка что лучше","11318","Омская область","4","top","полусухая стяжка"
"набор для бурения скважины","66","Омск","4","top","бурение скважин"
"набор для бурения скважины","11318","Омская область","4","top","бурение скважин"
"набор для бурения скважины вручную","66","Омск","4","top","бурение скважин"
"набор для бурения скважины вручную","11318","Омская область","4","top","бурение скважин"
"набор для бурения скважины вручную купить","66","Омск","4","top","бурение скважин"
"набор для бурения скважины вручную купить","11318","Омская область","4","top","бурение скважин"
"набор для бурения скважины купить","66","Омск","4","top","бурение скважин"
"набор для бурения скважины купить","11318","Омская область","4","top","бурение скважин"
"налог на баню на участке","66","Омск","4","top","баня на участок"
"насос для полусухой стяжки купить","66","Омск","4","top","полусухая стяжка"
"насос для полусухой стяжки купить","11318","Омская область","4","top","полусухая стяжка"
"несущая способность полусухой стяжки","66","Омск","4","top","полусухая стяжка"
"несущая способность полусухой стяжки","11318","Омская область","4","top","полусухая стяжка"
"нормы строительства бани на участке","11318","Омская область","4","top","баня на участок"
"нужно ли регистрировать баню на участке","11318","Омская область","4","top","баня на участок"
"оборудование для бурения скважин купить","66","Омск","4","top","бурение скважин"
"оборудование для бурения скважин купить","11318","Омская область","4","top","бурение скважин"
"оборудование для полусухой стяжки пола","11318","Омская область","4","top","полусухая стяжка"
"обустройство скважин для бурения","66","Омск","4","top","бурение скважин"
"обустройство скважин для бурения","11318","Омская область","4","top","бурение скважин"
"обустройство скважины после бурения","66","Омск","4","top","бурение скважин"
"обустройство скважины после бурения","11318","Омская область","4","top","бурение скважин"
"основание каркасной бани своими руками","11318","Омская область","4","top","каркасная баня"
"парная в каркасной бане","66","Омск","4","top","каркасная баня"
"песок для полусухой стяжки","66","Омск","4","top","полусухая стяжка"
"печь для мобильной бани","66","Омск","4","top","мобильная баня"
"печь для мобильной бани","11318","Омская область","4","top","мобильная баня"
"пленка под полусухую стяжку","66","Омск","4","top","полусухая стяжка"
"плотность утеплителя каркасной бани","66","Омск","4","top","каркасная баня"
"плотность утеплителя каркасной бани","11318","Омская область","4","top","каркасная баня"
"полусухая стяжка в самаре","66","Омск","4","top","полусухая стяжка"
"полусухая стяжка в самаре","11318","Омская область","4","top","полусухая стяжка"
"полусухая стяжка по грунту","11318","Омская область","4","top","полусухая стяжка"
"полусухая стяжка пола в самаре цена","66","Омск","4","top","полусухая стяжка"
"полусухая стяжка пола в самаре цена","11318","Омская область","4","top","полусухая стяжка"
"полусухая стяжка пола м2","66","Омск","4","top","полусухая стяжка"
"полусухая стяжка пола м2","11318","Омская область","4","top","полусухая стяжка"
"полусухая стяжка пола самара","66","Омск","4","top","полусухая стяжка"
"полусухая стяжка пола самара","11318","Омская область","4","top","полусухая стяжка"
"полусухая стяжка пола фирмы","66","Омск","4","top","полусухая стяжка"
"полусухая стяжка с материалом в самаре","66","Омск","4","top","полусухая стяжка"
"полусухая стяжка самара цена с материалом","66","Омск","4","top","полусухая стяжка"
"полусухая стяжка сколько стоит","11318","Омская область","4","top","полусухая стяжка"
"полусухая стяжка фирма","66","Омск","4","top","полусухая стяжка"
"полусухая стяжка цена самара","66","Омск","4","top","полусухая стяжка"
"полусухая стяжка чем отличается","66","Омск","4","top","полусухая стяжка"
"полусухая цементно песчаная стяжка","66","Омск","4","top","полусухая стяжка"
"поставить каркасные баню","11318","Омская область","4","top","каркасная баня"
"построить баню на дачном участке","66","Омск","4","top","баня на участок"
"правила полусухой стяжки пола","11318","Омская область","4","top","полусухая стяжка"
"правило для полусухой стяжки пола купить","11318","Омская область","4","top","полусухая стяжка"
"продажа бани под ключ","66","Омск","4","top","баня под ключ"
"проект дома бани на участке","11318","Омская область","4","top","баня на участок"
"размеры бани на дачном участке","11318","Омская область","4","top","баня на участок"
"разрешение на баню на участке","66","Омск","4","top","баня на участок"
"разрешение на баню на участке","11318","Омская область","4","top","баня на участок"
"расстояние постройки бани на участке","11318","Омская область","4","top","баня на участок"
"робот для полусухой стяжки","66","Омск","4","top","полусухая стяжка"
"робот для полусухой стяжки","11318","Омская область","4","top","полусухая стяжка"
"роторное бурение скважин","66","Омск","4","top","бурение скважин"
"сарай баня на участке","66","Омск","4","top","баня на участок"
"сауна купить готовую","11318","Омская область","4","association","доставка бани"
"скачать проект каркасной бани","66","Омск","4","top","каркасная баня"
"скважина без бурения","66","Омск","4","top","бурение скважин"
"сколько поливать полусухую стяжку","66","Омск","4","top","полусухая стяжка"
"сколько поливать полусухую стяжку","11318","Омская область","4","top","полусухая стяжка"
"сколько сохнет полусухая стяжка","66","Омск","4","top","полусухая стяжка"
"сколько стоит сделать баню под ключ","11318","Омская область","4","top","баня под ключ"
"сколько стоит фундамент под баню","66","Омск","4","top","фундамент под баню"
"сколько стоит фундамент под баню","11318","Омская область","4","top","фундамент под баню"
"смесь для полусухой стяжки","66","Омск","4","top","полусухая стяжка"
"смесь для полусухой стяжки","11318","Омская область","4","top","полусухая стяжка"
"срок службы каркасной бани","66","Омск","4","top","каркасная баня"
"срок службы каркасной бани","11318","Омская область","4","top","каркасная баня"
"стоимость бурения скважины под ключ","66","Омск","4","top","бурение скважин"
"стоимость бурения скважины под ключ","11318","Омская область","4","top","бурение скважин"
"стоимость постройки каркасной бани","11318","Омская область","4","top","каркасная баня"
"строительство бани на садовом участке","66","Омск","4","top","баня на участок"
"строительство бани на садовом участке","11318","Омская область","4","top","баня на участок"
"строительство каркасной бани крыша","66","Омск","4","top","каркасная баня"
"строительство каркасной бани крыша","11318","Омская область","4","top","каркасная баня"
"строительство фундамента каркасной бани","66","Омск","4","top","каркасная баня"
"строительство фундамента каркасной бани","11318","Омская область","4","top","каркасная баня"
"стяжка полусухая зачем","66","Омск","4","top","полусухая стяжка"
"стяжка полусухая зачем","11318","Омская область","4","top","полусухая стяжка"
"стяжка полусухая стяжка обычная","66","Омск","4","top","полусухая стяжка"
"стяжка полусухая стяжка обычная","11318","Омская область","4","top","полусухая стяжка"
"сухая или полусухая стяжка","66","Омск","4","top","полусухая стяжка"
"толщина механизированной штукатурки","66","Омск","4","top","механизированная штукатурка"
"толщина механизированной штукатурки","11318","Омская область","4","top","механизированная штукатурка"
"установка бани на участке","66","Омск","4","top","баня на участок"
"установка бани на участке","11318","Омская область","4","top","баня на участок"
"установка печи в каркасной бане","66","Омск","4","top","каркасная баня"
"утепление полусухой стяжки","66","Омск","4","top","полусухая стяжка"
"фиброволокно для стяжки пола","66","Омск","4","association","полусухая стяжка"
"фундамент плита под баню","66","Омск","4","top","фундамент под баню"
"фундамент под баню 3 на 5","11318","Омская область","4","top","фундамент под баню"
"фундамент под баню своими руками пошаговая","66","Омск","4","top","фундамент под баню"
"фундамент под каркасную баню","11318","Омская область","4","top","каркасная баня|фундамент под баню"
"фундамент под стоящую баню","66","Омск","4","top","фундамент под баню"
"фундамент под стоящую баню","11318","Омская область","4","top","фундамент под баню"
"цемент для полусухой стяжки","66","Омск","4","top","полусухая стяжка"
"чем отличается полусухая стяжка пола","66","Омск","4","top","полусухая стяжка"
"чертежи каркасных бань 3","11318","Омская область","4","top","каркасная баня"
"шлифовка полусухой стяжки","66","Омск","4","top","полусухая стяжка"
"шлифовка полусухой стяжки","11318","Омская область","4","top","полусухая стяжка"
"шнековое бурение скважин станками типа со 2","66","Омск","4","top","бурение скважин"
"шнековое бурение скважин станками типа со 2","11318","Омская область","4","top","бурение скважин"
"шнековое бурение скважин станком","66","Омск","4","top","бурение скважин"
"шнековое бурение скважин станком","11318","Омская область","4","top","бурение скважин"
"шнековое бурение скважин станок со 2","66","Омск","4","top","бурение скважин"
"шнековое бурение скважин станок со 2","11318","Омская область","4","top","бурение скважин"
"штанги для бурения абиссинских скважин","66","Омск","4","top","бурение скважин"
"штанги для бурения абиссинских скважин","11318","Омская область","4","top","бурение скважин"
"штанги для бурения скважин","66","Омск","4","top","бурение скважин"
"штанги для бурения скважин","11318","Омская область","4","top","бурение скважин"
"штукатурка механизированная 30 кг","66","Омск","4","top","механизированная штукатурка"
"штукатурка механизированная 30 кг","11318","Омская область","4","top","механизированная штукатурка"
"штукатурная машинка","66","Омск","4","association","механизированная штукатурка"
"штукатурная машинка","11318","Омская область","4","association","механизированная штукатурка"
"эрик банна","11318","Омская область","4","association","кедровая баня"
"porn в бане","66","Омск","4","association","баня под ключ"
"авито баня под ключ","66","Омск","3","top","баня под ключ"
"авито омск бани под ключ","66","Омск","3","top","баня под ключ"
"аренда механизированной штукатурки","11318","Омская область","3","top","механизированная штукатурка"
"арматура под фундамент бани","66","Омск","3","top","фундамент под баню"
"арматура под фундамент бани","11318","Омская область","3","top","фундамент под баню"
"база бурение скважин","11318","Омская область","3","top","бурение скважин"
"бани из бруса под ключ 6х4","11318","Омская область","3","top","баня под ключ"
"бани из бруса под ключ проекты","66","Омск","3","top","баня под ключ"
"бани из бруса под ключ проекты","11318","Омская область","3","top","баня под ключ"
"бани на участке 6 соток","66","Омск","3","top","баня на участок"
"бани на участке 6 соток","11318","Омская область","3","top","баня на участок"
"бани на участок с комнатой","11318","Омская область","3","top","баня на участок"
"бани новосибирск под ключ дешево","11318","Омская область","3","top","баня под ключ"
"бани под ключ 5 5","66","Омск","3","top","баня под ключ"
"бани под ключ в самаре фото","66","Омск","3","top","баня под ключ"
"бани под ключ в самаре фото","11318","Омская область","3","top","баня под ключ"
"бани под ключ курган","66","Омск","3","top","баня под ключ"
"бани под ключ курган","11318","Омская область","3","top","баня под ключ"
"бани под ключ официальный сайт","11318","Омская область","3","top","баня под ключ"
"банька парилка текст","66","Омск","3","association","баня 2х2|баня 4х2|баня зимой|баня на участок|готовая баня|доставка бани|мобильная баня"
"баню купить под ключ 5 5","66","Омск","3","top","баня под ключ"
"баню купить под ключ 5 5","11318","Омская область","3","top","баня под ключ"
"баня 4х2","11318","Омская область","3","top","баня 4х2"
"баня 6х4 под ключ","11318","Омская область","3","top","баня под ключ"
"баня бочка на дачу недорого под ключ","66","Омск","3","top","баня под ключ"
"баня бочка на дачу недорого под ключ","11318","Омская область","3","top","баня под ключ"
"баня готовая 5 4","11318","Омская область","3","top","готовая баня"
"баня и теплица на участке","66","Омск","3","top","баня на участок"
"баня и теплица на участке","11318","Омская область","3","top","баня на участок"
"баня из кирпича под ключ","66","Омск","3","top","баня под ключ"
"баня из кирпича под ключ","11318","Омская область","3","top","баня под ключ"
"баня из контейнера под ключ","66","Омск","3","top","баня под ключ"
"баня из сруба цена под ключ","66","Омск","3","top","баня под ключ"
"баня каркасная своими руками от начала","66","Омск","3","top","каркасная баня"
"баня на даче цена под ключ","66","Омск","3","top","баня под ключ"
"баня на небольшой участок","66","Омск","3","top","баня на участок"
"баня на небольшой участок","11318","Омская область","3","top","баня на участок"
"баня на участке 10 соток","11318","Омская область","3","top","баня на участок"
"баня на участке 15 соток","11318","Омская область","3","top","баня на участок"
"баня на участке 6","66","Омск","3","top","баня на участок"
"баня на участке 6","11318","Омская область","3","top","баня на участок"
"баня на участке 7 соток","11318","Омская область","3","top","баня на участок"
"баня на участке нужно ли разрешение","66","Омск","3","top","баня на участок"
"баня на участке нужно ли разрешение","11318","Омская область","3","top","баня на участок"
"баня на участке разрешение на строительство","66","Омск","3","top","баня на участок"
"баня на участке разрешение на строительство","11318","Омская область","3","top","баня на участок"
"баня на участке сколько метров","66","Омск","3","top","баня на участок"
"баня на участок под ключ","66","Омск","3","top","баня на участок|баня под ключ"
"баня на участок под ключ","11318","Омская область","3","top","баня на участок|баня под ключ"
"баня под ключ 3 3","66","Омск","3","top","баня под ключ"
"баня под ключ в самаре","66","Омск","3","top","баня под ключ"
"баня под ключ в самаре","11318","Омская область","3","top","баня под ключ"
"баня под ключ в самаре цены","66","Омск","3","top","баня под ключ"
"баня под ключ в самаре цены","11318","Омская область","3","top","баня под ключ"
"баня под ключ в самаре цены фото","66","Омск","3","top","баня под ключ"
"баня под ключ в самаре цены фото","11318","Омская область","3","top","баня под ключ"
"баня под ключ г омске","66","Омск","3","top","баня под ключ"
"баня под ключ дешево цены","11318","Омская область","3","top","баня под ключ"
"баня под ключ искитим","66","Омск","3","top","баня под ключ"
"баня под ключ купить с доставкой","66","Омск","3","top","баня под ключ|доставка бани"
"баня под ключ курган цена","66","Омск","3","top","баня под ключ"
"баня под ключ курган цена","11318","Омская область","3","top","баня под ключ"
"баня под ключ не дорого","66","Омск","3","top","баня под ключ"
"баня под ключ новосибирск недорого","66","Омск","3","top","баня под ключ"
"баня под ключ новосибирск недорого","11318","Омская область","3","top","баня под ключ"
"баня под ключ цена фото курган","66","Омск","3","top","баня под ключ"
"баня под ключ цена фото курган","11318","Омская область","3","top","баня под ключ"
"баня слив воды зимой","11318","Омская область","3","top","баня зимой"
"бесплатный проект каркасной бани","66","Омск","3","top","каркасная баня"
"блоки под баню вместо фундамента","11318","Омская область","3","top","фундамент под баню"
"блоки под фундамент для бани","66","Омск","3","top","фундамент под баню"
"блоки под фундамент для бани","11318","Омская область","3","top","фундамент под баню"
"бурение абиссинской скважины своими руками","66","Омск","3","top","бурение скважин"
"бурение абиссинской скважины своими руками","11318","Омская область","3","top","бурение скважин"
"бурение газовый скважина","66","Омск","3","top","бурение скважин"
"бурение капитальный ремонт скважин","11318","Омская область","3","top","бурение скважин"
"бурение наблюдательных скважин","66","Омск","3","top","бурение скважин"
"бурение наблюдательных скважин","11318","Омская область","3","top","бурение скважин"
"бурение нефтяных и газовых скважин","66","Омск","3","top","бурение скважин"
"бурение нефтяных скважин","66","Омск","3","top","бурение скважин"
"бурение разведочных скважин","66","Омск","3","top","бурение скважин"
"бурение сервис скважин","66","Омск","3","top","бурение скважин"
"бурение сервис скважин","11318","Омская область","3","top","бурение скважин"
"бурение скважин без обсадной трубы","66","Омск","3","top","бурение скважин"
"бурение скважин без обсадной трубы","11318","Омская область","3","top","бурение скважин"
"бурение скважин буровая установка","66","Омск","3","top","бурение скважин"
"бурение скважин буровая установка","11318","Омская область","3","top","бурение скважин"
"бурение скважин гидробурение","11318","Омская область","3","top","бурение скважин"
"бурение скважин гидробуром","66","Омск","3","top","бурение скважин"
"бурение скважин гидробуром","11318","Омская область","3","top","бурение скважин"
"бурение скважин грунт","11318","Омская область","3","top","бурение скважин"
"бурение скважин на участке под ключ","66","Омск","3","top","бурение скважин"
"бурение скважин на участке под ключ","11318","Омская область","3","top","бурение скважин"
"бурение скважин расценка в смете","66","Омск","3","top","бурение скважин"
"бурение скважин хмао","11318","Омская область","3","top","бурение скважин"
"бурение скважины глубиной метров","66","Омск","3","top","бурение скважин"
"бурение скважины глубиной метров","11318","Омская область","3","top","бурение скважин"
"бурение скважины мо","66","Омск","3","top","бурение скважин"
"бурение скважины мо","11318","Омская область","3","top","бурение скважин"
"бурение скважины мотобуром","66","Омск","3","top","бурение скважин"
"бурение скважины промывкой трубой","66","Омск","3","top","бурение скважин"
"бурение скважины промывкой трубой","11318","Омская область","3","top","бурение скважин"
"бурение скважины смета","66","Омск","3","top","бурение скважин"
"бурят гейм","11318","Омская область","3","association","бурение скважин"
"варианты бани на участке","66","Омск","3","top","баня на участок"
"варианты бани на участке","11318","Омская область","3","top","баня на участок"
"вес каркасной бани","66","Омск","3","top","каркасная баня"
"видео фундаменты под баню","11318","Омская область","3","top","фундамент под баню"
"высота бани на дачном участке","66","Омск","3","top","баня на участок"
"высота бани на дачном участке","11318","Омская область","3","top","баня на участок"
"где можно посмотреть готовые бани","66","Омск","3","top","готовая баня"
"где можно посмотреть готовые бани","11318","Омская область","3","top","готовая баня"
"где на участке можно строить баню","66","Омск","3","top","баня на участок"
"где на участке можно строить баню","11318","Омская область","3","top","баня на участок"
"где на участке строить баню","66","Омск","3","top","баня на участок"
"где на участке строить баню","11318","Омская область","3","top","баня на участок"
"глубокое бурение скважин","11318","Омская область","3","top","бурение скважин"
"голая баня зимой","11318","Омская область","3","top","баня зимой"
"готовая баня 6 6","11318","Омская область","3","top","готовая баня"
"готовая баня парная","66","Омск","3","top","готовая баня"
"готовая баня парная","11318","Омская область","3","top","готовая баня"
"готовая баня под ключ дешево цены","11318","Омская область","3","top","баня под ключ|готовая баня"
"готовая модульная баня","66","Омск","3","top","готовая баня"
"готовые бани в новосибирске цена","11318","Омская область","3","top","готовая баня"
"готовые бани в новосибирске цена дешево","11318","Омская область","3","top","готовая баня"
"готовые бани в новосибирске цена под ключ","11318","Омская область","3","top","баня под ключ|готовая баня"
"готовые бани дешево новосибирск","11318","Омская область","3","top","готовая баня"
"готовые бани под ключ в новосибирске","11318","Омская область","3","top","баня под ключ|готовая баня"
"готовые бани тюмень","66","Омск","3","top","готовая баня"
"готовые бани тюмень","11318","Омская область","3","top","готовая баня"
"готовые печи для бани","66","Омск","3","top","готовая баня"
"готовые печи для бани","11318","Омская область","3","top","готовая баня"
"готовый дом баня","66","Омск","3","top","готовая баня"
"готовый дом баня","11318","Омская область","3","top","готовая баня"
"дачная баня под ключ","66","Омск","3","top","баня под ключ"
"дачные бани под ключ недорого","66","Омск","3","top","баня под ключ"
"двухэтажная баня на участке","11318","Омская область","3","top","баня на участок"
"дешевые бани под ключ","66","Омск","3","top","баня под ключ"
"дешевые каркасные бани","11318","Омская область","3","top","каркасная баня"
"дзен баня каркасная своими руками","66","Омск","3","top","каркасная баня"
"дзен баня каркасная своими руками","11318","Омская область","3","top","каркасная баня"
"дом баня на участке 10","11318","Омская область","3","top","баня на участок"
"дом баня на участке 10 соток","11318","Омская область","3","top","баня на участок"
"к12 ru банька","66","Омск","3","association","баня 2х2|баня 4х2|готовая баня"
"к12 ru банька","11318","Омская область","3","association","баня 2х2|баня 4х2|готовая баня"
"как делают каркасные бани","66","Омск","3","top","каркасная баня"
"как залить фундамент под баню своими руками","66","Омск","3","top","фундамент под баню"
"как залить фундамент под баню своими руками","11318","Омская область","3","top","фундамент под баню"
"как понять воду при бурении скважины","66","Омск","3","top","бурение скважин"
"как понять воду при бурении скважины","11318","Омская область","3","top","бурение скважин"
"как построить каркасную баню своими руками","11318","Омская область","3","top","каркасная баня"
"как построить мобильную баню","11318","Омская область","3","top","мобильная баня"
"как проходит бурение скважины","66","Омск","3","top","бурение скважин"
"как проходит бурение скважины","11318","Омская область","3","top","бурение скважин"
"как сделать каркасную баню","66","Омск","3","association|top","баня под ключ|каркасная баня"
"как установить готовую баню","66","Омск","3","top","готовая баня"
"как установить готовую баню","11318","Омская область","3","top","готовая баня"
"как утеплить каркасную баню","66","Омск","3","top","каркасная баня"
"какая баня лучше каркасная или","66","Омск","3","top","каркасная баня"
"какое утепление каркасной бани","11318","Омская область","3","top","каркасная баня"
"какой насос для бурения абиссинской скважины","66","Омск","3","top","бурение скважин"
"какой насос для бурения абиссинской скважины","11318","Омская область","3","top","бурение скважин"
"какой насос для бурения скважины","66","Омск","3","top","бурение скважин"
"какой насос для бурения скважины","11318","Омская область","3","top","бурение скважин"
"какой насос нужен для бурения скважин","66","Омск","3","top","бурение скважин"
"какой насос нужен для бурения скважин","11318","Омская область","3","top","бурение скважин"
"какой сделать фундамент под баню","66","Омск","3","top","фундамент под баню"
"какую баню построить на участке","66","Омск","3","top","баня на участок"
"какую баню построить на участке","11318","Омская область","3","top","баня на участок"
"каркасная баня 2 2 построить","66","Омск","3","top","каркасная баня"
"каркасная баня 2 2 построить","11318","Омская область","3","top","каркасная баня"
"каркасная баня 2 4","66","Омск","3","top","каркасная баня"
"каркасная баня 3 3 своими руками","11318","Омская область","3","top","каркасная баня"
"каркасная баня 5 на 2.5","66","Омск","3","top","каркасная баня"
"каркасная баня 5х4","66","Омск","3","top","каркасная баня"
"каркасная баня 5х4 своими руками","66","Омск","3","top","каркасная баня"
"каркасная баня брусовая какая лучше","11318","Омская область","3","top","каркасная баня"
"каркасная баня какая толщина стены","66","Омск","3","top","каркасная баня"
"каркасная баня какая толщина стены","11318","Омская область","3","top","каркасная баня"
"каркасная баня от начала до конца","66","Омск","3","top","каркасная баня"
"каркасная баня отзывы реальных владельцев","66","Омск","3","top","каркасная баня"
"каркасная баня отзывы реальных владельцев","11318","Омская область","3","top","каркасная баня"
"каркасная баня с нуля","11318","Омская область","3","top","каркасная баня"
"каркасная баня сколько нужно материала","66","Омск","3","top","каркасная баня"
"каркасная баня стоимость","66","Омск","3","top","каркасная баня"
"каркасная баня утепление стен","11318","Омская область","3","top","каркасная баня"
"каркасная баня форум","66","Омск","3","top","каркасная баня"
"каркасная или брусовая баня","11318","Омская область","3","top","каркасная баня"
"каркасная летняя баня","66","Омск","3","top","каркасная баня"
"каркасные бани г","66","Омск","3","top","каркасная баня"
"каркасные бани г","11318","Омская область","3","top","каркасная баня"
"каркасные бани реальные отзывы","66","Омск","3","top","каркасная баня"
"каркасные бани реальные отзывы","11318","Омская область","3","top","каркасная баня"
"кедровые бани бочки","66","Омск","3","top","кедровая баня"
"красивая каркасная баня","11318","Омская область","3","top","каркасная баня"
"крепление скважин бурение","11318","Омская область","3","top","бурение скважин"
"крыльцо для каркасной бани","66","Омск","3","top","каркасная баня"
"крыльцо для каркасной бани","11318","Омская область","3","top","каркасная баня"
"крыша в каркасной бане","66","Омск","3","top","каркасная баня"
"купить баню бочку в новосибирске под ключ","66","Омск","3","top","баня под ключ"
"купить баню бочку в новосибирске под ключ","11318","Омская область","3","top","баня под ключ"
"купить баню бочку под ключ недорого","66","Омск","3","top","баня под ключ"
"купить баню бочку под ключ недорого","11318","Омская область","3","top","баня под ключ"
"купить баню в новосибирске под ключ недорого","66","Омск","3","top","баня под ключ"
"купить баню в новосибирске под ключ недорого","11318","Омская область","3","top","баня под ключ"
"купить баню сруба под ключ цена","11318","Омская область","3","top","баня под ключ"
"купить готовую баню на авито","66","Омск","3","top","готовая баня"
"купить дом баню на участке","11318","Омская область","3","top","баня на участок"
"купить каркасную баню под ключ","11318","Омская область","3","top","каркасная баня"
"маленькие бани под ключ","66","Омск","3","top","баня под ключ"
"механизированная штукатурка видео","66","Омск","3","top","механизированная штукатурка"
"механизированная штукатурка видео","11318","Омская область","3","top","механизированная штукатурка"
"механизированная штукатурка геркулес","66","Омск","3","top","механизированная штукатурка"
"механизированная штукатурка геркулес","11318","Омская область","3","top","механизированная штукатурка"
"механизированная штукатурка стен видео","66","Омск","3","top","механизированная штукатурка"
"механизированная штукатурка стен видео","11318","Омская область","3","top","механизированная штукатурка"
"мобильная баня аренда","11318","Омская область","3","top","мобильная баня"
"мобильная баня ключ","11318","Омская область","3","top","мобильная баня"
"мобильная баня мобиба","66","Омск","3","top","мобильная баня"
"мобильная баня мобиба","11318","Омская область","3","top","мобильная баня"
"мобильная баня отзывы","66","Омск","3","top","мобильная баня"
"мобильная баня отзывы","11318","Омская область","3","top","мобильная баня"
"мобильные бани под ключ","11318","Омская область","3","top","баня под ключ|мобильная баня"
"на каком участке можно строить баню","66","Омск","3","top","баня на участок"
"на что ложат полусухую стяжку","66","Омск","3","top","полусухая стяжка"
"насос для бурения абиссинской скважины","66","Омск","3","top","бурение скважин"
"насос для бурения абиссинской скважины","11318","Омская область","3","top","бурение скважин"
"насос для бурения абиссинской скважины какой нужен","66","Омск","3","top","бурение скважин"
"насос для бурения абиссинской скважины какой нужен","11318","Омская область","3","top","бурение скважин"
"насос для бурения скважины","66","Омск","3","top","бурение скважин"
"насос для бурения скважины","11318","Омская область","3","top","бурение скважин"
"недра бурение скважин","66","Омск","3","top","бурение скважин"
"недра бурение скважин","11318","Омская область","3","top","бурение скважин"
"новые бани под ключ","66","Омск","3","top","баня под ключ"
"нормы отступов бани на участке","11318","Омская область","3","top","баня на участок"
"нормы строительства бани на участке","66","Омск","3","top","баня на участок"
"нужно ли регистрировать баню на участке","66","Омск","3","top","баня на участок"
"нужно механизированной штукатурки","66","Омск","3","top","механизированная штукатурка"
"нужно механизированной штукатурки","11318","Омская область","3","top","механизированная штукатурка"
"обоснование бурения скважины","11318","Омская область","3","top","бурение скважин"
"обсыпка скважины после бурения","66","Омск","3","top","бурение скважин"
"обсыпка скважины после бурения","11318","Омская область","3","top","бурение скважин"
"обсыпка скважины после бурения обсадной трубы","66","Омск","3","top","бурение скважин"
"обсыпка скважины после бурения обсадной трубы","11318","Омская область","3","top","бурение скважин"
"оформить баню на участке","66","Омск","3","top","баня на участок"
"парная баня на дачном участке","66","Омск","3","top","баня на участок"
"подушка под фундамент для бани","66","Омск","3","top","фундамент под баню"
"подушка под фундамент для бани","11318","Омская область","3","top","фундамент под баню"
"покрасил полусухую стяжку","66","Омск","3","top","полусухая стяжка"
"пол в бане зимой","66","Омск","3","top","баня зимой"
"пол в каркасной бане со сливом","11318","Омская область","3","top","каркасная баня"
"полусухая стяжка нормы","66","Омск","3","top","полусухая стяжка"
"полусухая стяжка по деревянному полу","66","Омск","3","top","полусухая стяжка"
"полусухая стяжка по деревянным лагам","66","Омск","3","top","полусухая стяжка"
"полусухая стяжка по лагам","66","Омск","3","top","полусухая стяжка"
"полусухая стяжка пола по деревянным лагам","66","Омск","3","top","полусухая стяжка"
"полусухая стяжка пола по лагам","66","Омск","3","top","полусухая стяжка"
"полусухая стяжка рабочие","66","Омск","3","top","полусухая стяжка"
"полы в каркасной бане видео","66","Омск","3","top","каркасная баня"
"полы в каркасной бане видео","11318","Омская область","3","top","каркасная баня"
"портал в каркасной бане","66","Омск","3","top","каркасная баня"
"портал в каркасной бане","11318","Омская область","3","top","каркасная баня"
"поставить баню под ключ","11318","Омская область","3","top","баня под ключ"
"построить баню на даче под ключ","66","Омск","3","top","баня под ключ"
"построить баню на даче под ключ","11318","Омская область","3","top","баня под ключ"
"построить баню на даче под ключ цена","66","Омск","3","top","баня под ключ"
"построить баню на даче под ключ цена","11318","Омская область","3","top","баня под ключ"
"построить баню под ключ цены","66","Омск","3","top","баня под ключ"
"построить баню под ключ цены","11318","Омская область","3","top","баня под ключ"
"построить каркасной бани видео","11318","Омская область","3","top","каркасная баня"
"потолок в каркасной бане","66","Омск","3","top","каркасная баня"
"потолок в каркасной бане","11318","Омская область","3","top","каркасная баня"
"пошаговая инструкция фундамента под баню","66","Омск","3","top","фундамент под баню"
"правила строительства бани на участке","66","Омск","3","top","баня на участок"
"правила строительства бани на участке","11318","Омская область","3","top","баня на участок"
"правильное бурение скважин воду","66","Омск","3","top","бурение скважин"
"правильный фундамент под баню","11318","Омская область","3","top","фундамент под баню"
"приспособление для бурения скважин своими руками","66","Омск","3","top","бурение скважин"
"приспособление для бурения скважин своими руками","11318","Омская область","3","top","бурение скважин"
"приспособление для бурения скважины","66","Омск","3","top","бурение скважин"
"приспособление для бурения скважины","11318","Омская область","3","top","бурение скважин"
"провести воду в баню зимой","66","Омск","3","top","баня зимой"
"провести воду в баню зимой","11318","Омская область","3","top","баня зимой"
"продается баня на участке","11318","Омская область","3","top","баня на участок"
"продажа готовых бань","66","Омск","3","top","готовая баня"
"продажа каркасных бань","66","Омск","3","top","каркасная баня"
"проект мобильной бани","66","Омск","3","top","мобильная баня"
"проект мобильной бани","11318","Омская область","3","top","мобильная баня"
"промывка скважины бурения","66","Омск","3","top","бурение скважин"
"промывка скважины бурения","11318","Омская область","3","top","бурение скважин"
"промывка скважины после бурения","66","Омск","3","top","бурение скважин"
"промывка скважины после бурения","11318","Омская область","3","top","бурение скважин"
"простой каркасный баня","11318","Омская область","3","top","каркасная баня"
"проходить плывун бурении скважины","66","Омск","3","top","бурение скважин"
"проходить плывун бурении скважины","11318","Омская область","3","top","бурение скважин"
"размеры бани на дачном участке","66","Омск","3","top","баня на участок"
"размещение бани на участке","11318","Омская область","3","top","баня на участок"
"разуклонка полусухая стяжка","66","Омск","3","top","полусухая стяжка"
"расположение бань на дачном участке","66","Омск","3","top","баня на участок"
"расположение бань на дачном участке","11318","Омская область","3","top","баня на участок"
"расстояния на участке бани от границ","11318","Омская область","3","top","баня на участок"
"рубленая баня из бревна цена под ключ","66","Омск","3","top","баня под ключ"
"рубленая баня из бревна цена под ключ","11318","Омская область","3","top","баня под ключ"
"рубленые баня под ключ","66","Омск","3","top","баня под ключ"
"рубленые баня под ключ","11318","Омская область","3","top","баня под ключ"
"самая дешевая готовая баня","11318","Омская область","3","top","готовая баня"
"свайный фундамент под баню","11318","Омская область","3","top","фундамент под баню"
"сделать установку для бурения скважин","11318","Омская область","3","top","бурение скважин"
"скважина бурение самому","66","Омск","3","top","бурение скважин"
"скважина метров бурение","66","Омск","3","top","бурение скважин"
"сколько построить баню под ключ","66","Омск","3","top","баня под ключ"
"сколько стоит баня под ключ брус","11318","Омская область","3","top","баня под ключ"
"сколько стоит поставить баню на участке","11318","Омская область","3","top","баня на участок"
"сколько стоит построить баню под ключ","66","Омск","3","top","баня под ключ"
"слив бани зимой","11318","Омская область","3","top","баня зимой"
"слив в каркасной бане","11318","Омская область","3","top","каркасная баня"
"слив в каркасной бане в полу","11318","Омская область","3","top","каркасная баня"
"слои бурение скважин воду","66","Омск","3","top","бурение скважин"
"слои бурение скважин воду","11318","Омская область","3","top","бурение скважин"
"снип на полусухую стяжку","66","Омск","3","top","полусухая стяжка"
"способы бурения скважин","11318","Омская область","3","top","бурение скважин"
"срок службы каркасной бани реальный","66","Омск","3","top","каркасная баня"
"срок службы каркасной бани реальный","11318","Омская область","3","top","каркасная баня"
"стандарты постройки бани на участке","66","Омск","3","top","баня на участок"
"стандарты постройки бани на участке","11318","Омская область","3","top","баня на участок"
"стоимость постройки каркасной бани","66","Омск","3","top","каркасная баня"
"стойки каркасной бани","66","Омск","3","top","каркасная баня"
"строительство бань под ключ проекты","66","Омск","3","top","баня под ключ"
"строительство бань под ключ проекты","11318","Омская область","3","top","баня под ключ"
"строительство бань под ключ проекты и цены","66","Омск","3","top","баня под ключ"
"строить бани под ключ","11318","Омская область","3","top","баня под ключ"
"сухая смесь для стяжки пола","66","Омск","3","association","полусухая стяжка"
"сухая смесь для стяжки пола","11318","Омская область","3","association","полусухая стяжка"
"трещина полусухой стяжке что делать","66","Омск","3","top","полусухая стяжка"
"трубы для бурения скважин","66","Омск","3","top","бурение скважин"
"трубы для бурения скважин","11318","Омская область","3","top","бурение скважин"
"ударное бурение скважин","11318","Омская область","3","top","бурение скважин"
"устройство мобильной бани","66","Омск","3","top","мобильная баня"
"устройство фундамента под баню","66","Омск","3","top","фундамент под баню"
"устройство фундамента под баню","11318","Омская область","3","top","фундамент под баню"
"утепление потолка в каркасной бане","66","Омск","3","top","каркасная баня"
"фундамент под баню 4 5","66","Омск","3","top","фундамент под баню"
"фундамент под баню 6 на 3","11318","Омская область","3","top","фундамент под баню"
"фундамент под баню из бревна","66","Омск","3","top","фундамент под баню"
"фундамент под баню из бревна","11318","Омская область","3","top","фундамент под баню"
"фундамент под баню из бруса","11318","Омская область","3","top","фундамент под баню"
"фундамент под баню своими руками инструкция","66","Омск","3","top","фундамент под баню"
"фундамент под баню своими руками пошаговая инструкция","66","Омск","3","top","фундамент под баню"
"фундамент под каркасную баню","66","Омск","3","top","каркасная баня|фундамент под баню"
"чем обшить каркасную баню","66","Омск","3","top","каркасная баня"
"чем покрасить полусухую стяжку пола","66","Омск","3","top","полусухая стяжка"
"ширина фундамента под баню","66","Омск","3","top","фундамент под баню"
"ширина фундамента под баню","11318","Омская область","3","top","фундамент под баню"
"шнековое бурение скважин расценка","66","Омск","3","top","бурение скважин"
"шнековое бурение скважин расценка","11318","Омская область","3","top","бурение скважин"
"12к банька","66","Омск","2","association","баня 2х2|баня 4х2|готовая баня|доставка бани|мобильная баня"
"2 этажная баня под ключ","66","Омск","2","top","баня под ключ"
"адреса бурения скважин","66","Омск","2","top","бурение скважин"
"аква бурение скважин на воду","66","Омск","2","top","бурение скважин"
"алмазное бурение скважин","66","Омск","2","top","бурение скважин"
"аппарат для механизированной штукатурки аренда","66","Омск","2","top","механизированная штукатурка"
"аппарат для механизированной штукатурки аренда","11318","Омская область","2","top","механизированная штукатурка"
"аренда механизированной штукатурки","66","Омск","2","top","механизированная штукатурка"
"база бурение скважин","66","Омск","2","top","бурение скважин"
"бани 7 7 под ключ","66","Омск","2","top","баня под ключ"
"бани газобетона под ключ","66","Омск","2","top","баня под ключ"
"бани дома разместить на участке","66","Омск","2","top","баня на участок"
"бани дома разместить на участке","11318","Омская область","2","top","баня на участок"
"бани из газобетона под ключ проекты","66","Омск","2","top","баня под ключ"
"бани купить готовые с установкой цены","66","Омск","2","top","готовая баня"
"бани купить готовые с установкой цены","11318","Омская область","2","top","готовая баня"
"бани от производителя с доставкой","66","Омск","2","top","доставка бани"
"бани от производителя с доставкой","11318","Омская область","2","top","доставка бани"
"бани под ключ чувашия","66","Омск","2","top","баня под ключ"
"банная гора","66","Омск","2","association","баня зимой"
"банная гора","11318","Омская область","2","association","баня зимой"
"банный комплекс с бассейном","11318","Омская область","2","association","баня на участок|доставка бани"
"банька вк","11318","Омская область","2","association","баня под ключ"
"баню надо регистрировать на земельном участке","11318","Омская область","2","top","баня на участок"
"баню нужно регистрировать на земельном участке","11318","Омская область","2","top","баня на участок"
"баня 2х2","11318","Омская область","2","top","баня 2х2"
"баня 4х2","66","Омск","2","top","баня 4х2"
"баня в сборе с доставкой","66","Омск","2","top","доставка бани"
"баня в сборе с доставкой","11318","Омская область","2","top","доставка бани"
"баня готовая 5 2 5","11318","Омская область","2","top","готовая баня"
"баня готовая купить недорого с доставкой","66","Омск","2","top","готовая баня|доставка бани"
"баня готовая купить недорого с доставкой","11318","Омская область","2","top","готовая баня|доставка бани"
"баня зимой паримся","66","Омск","2","top","баня зимой"
"баня зимой паримся","11318","Омская область","2","top","баня зимой"
"баня и беседка на участке","66","Омск","2","top","баня на участок"
"баня и беседка на участке","11318","Омская область","2","top","баня на участок"
"баня из газобетона под ключ цена","66","Омск","2","top","баня под ключ"
"баня из кедрового бруса","66","Омск","2","top","кедровая баня"
"баня из кедрового бруса","11318","Омская область","2","top","кедровая баня"
"баня из кирпича под ключ цена","66","Омск","2","top","баня под ключ"
"баня каркасная зимой","11318","Омская область","2","top","баня зимой"
"баня каркасная перевозные","66","Омск","2","top","каркасная баня"
"баня мини купить под ключ","66","Омск","2","top","баня под ключ"
"баня на собственном участке","11318","Омская область","2","top","баня на участок"
"баня на улице зимой","66","Омск","2","top","баня зимой"
"баня на участке 12 соток","11318","Омская область","2","top","баня на участок"
"баня на участке 3 на 5","66","Омск","2","top","баня на участок"
"баня на участке 7 соток","66","Омск","2","top","баня на участок"
"баня на участке нормативы","66","Омск","2","top","баня на участок"
"баня на участке нормативы","11318","Омская область","2","top","баня на участок"
"баня на участке проекты","66","Омск","2","top","баня на участок"
"баня на участке сколько метров от забора","66","Омск","2","top","баня на участок"
"баня на участке сколько метров от забора","11318","Омская область","2","top","баня на участок"
"баня на участке фото","11318","Омская область","2","top","баня на участок"
"баня на участок под ключ цена","66","Омск","2","top","баня на участок|баня под ключ"
"баня на участок под ключ цена","11318","Омская область","2","top","баня на участок"
"баня от границы участка на каком","11318","Омская область","2","top","баня на участок"
"баня от границы участка на каком расстоянии","11318","Омская область","2","top","баня на участок"
"баня палатка зимой","66","Омск","2","top","баня зимой"
"баня палатка зимой","11318","Омская область","2","top","баня зимой"
"баня рядом с домом на участке","11318","Омская область","2","top","баня на участок"
"баня слив воды зимой","66","Омск","2","top","баня зимой"
"бизнес каркасные бани","66","Омск","2","top","каркасная баня"
"бизнес механизированная штукатурка","66","Омск","2","top","механизированная штукатурка"
"бизнес механизированная штукатурка","11318","Омская область","2","top","механизированная штукатурка"
"бизнес механизировать штукатурка","66","Омск","2","top","механизированная штукатурка"
"бизнес механизировать штукатурка","11318","Омская область","2","top","механизированная штукатурка"
"бизнес мобильная баня","66","Омск","2","top","мобильная баня"
"бизнес мобильная баня","11318","Омская область","2","top","мобильная баня"
"большая баня под ключ","66","Омск","2","top","баня под ключ"
"большая каркасная баня","66","Омск","2","top","каркасная баня"
"бурение ие скважин","66","Омск","2","top","бурение скважин"
"бурение инженерных скважин","66","Омск","2","top","бурение скважин"
"бурение прокачка скважины","66","Омск","2","top","бурение скважин"
"бурение скважин 16","66","Омск","2","top","бурение скважин"
"бурение скважин грунт","66","Омск","2","top","бурение скважин"
"бурение скважин дрелью","66","Омск","2","top","бурение скважин"
"бурение скважин можайск","66","Омск","2","top","бурение скважин"
"бурение скважин москва","66","Омск","2","top","бурение скважин"
"бурение скважин на воду в доме","66","Омск","2","top","бурение скважин"
"бурение скважин на воду картинки","66","Омск","2","top","бурение скважин"
"бурение скважин основное бурение","66","Омск","2","top","бурение скважин"
"бурение скважины в доме","66","Омск","2","top","бурение скважин"
"бурение скважины ресурс","66","Омск","2","top","бурение скважин"
"бюджетная каркасная баня","66","Омск","2","top","каркасная баня"
"вода в баню из дома зимой","66","Омск","2","top","баня зимой"
"вода в баню из дома зимой","11318","Омская область","2","top","баня зимой"
"где купить мобильную баню","11318","Омская область","2","top","мобильная баня"
"глубина фундамента под баню","11318","Омская область","2","top","фундамент под баню"
"голая баня зимой","66","Омск","2","top","баня зимой"
"готовая баня 9 6","11318","Омская область","2","top","готовая баня"
"готовая баня бочка","66","Омск","2","top","готовая баня"
"готовая баня в минске","11318","Омская область","2","top","готовая баня"
"готовая баня внутри","11318","Омская область","2","top","готовая баня"
"готовая баня контейнер","66","Омск","2","top","готовая баня"
"готовая баня контейнер","11318","Омская область","2","top","готовая баня"
"готовая баня купить цена доставка установка","66","Омск","2","top","готовая баня|доставка бани"
"готовая баня купить цена доставка установка","11318","Омская область","2","top","готовая баня|доставка бани"
"готовая баня со спальней","66","Омск","2","top","готовая баня"
"готовая баня со спальней","11318","Омская область","2","top","готовая баня"
"готовая круглая баня","66","Омск","2","top","готовая баня"
"готовая круглая баня","11318","Омская область","2","top","готовая баня"
"готовая печка для бани","11318","Омская область","2","top","готовая баня"
"готовые бани в нутри","11318","Омская область","2","top","готовая баня"
"готовые бани в октябрьском","66","Омск","2","top","готовая баня"
"готовые бани в октябрьском","11318","Омская область","2","top","готовая баня"
"готовые бани краснодар","11318","Омская область","2","top","готовая баня"
"готовые бани от производителя с доставкой","66","Омск","2","top","готовая баня|доставка бани"
"готовые бани от производителя с доставкой","11318","Омская область","2","top","готовая баня|доставка бани"
"готовые бани рязань","11318","Омская область","2","top","готовая баня"
"готовые готовые печи для бань купить","66","Омск","2","top","готовая баня"
"готовые готовые печи для бань купить","11318","Омская область","2","top","готовая баня"
"готовые дом баня цена","66","Омск","2","top","готовая баня"
"готовые дом баня цена","11318","Омская область","2","top","готовая баня"
"готовые каркасные бани","66","Омск","2","top","готовая баня"
"готовые каркасные бани","11318","Омская область","2","top","готовая баня"
"готовые полки для бани","66","Омск","2","top","готовая баня"
"готовые полки для бани купить","66","Омск","2","top","готовая баня"
"готовые проекты бань","66","Омск","2","top","готовая баня"
"готовые проекты бань","11318","Омская область","2","top","готовая баня"
"готовый пол в баню","66","Омск","2","top","готовая баня"
"готовый пол в баню","11318","Омская область","2","top","готовая баня"
"готовый полог для бани","66","Омск","2","top","готовая баня"
"готовый полог для бани","11318","Омская область","2","top","готовая баня"
"двигатель бурения скважин","66","Омск","2","top","бурение скважин"
"деревянная баня на участке","11318","Омская область","2","top","баня на участок"
"дизайн бань на участке","11318","Омская область","2","top","баня на участок"
"дом баня беседка на участке","11318","Омская область","2","top","баня на участок"
"дом баня гараж беседка на участке","11318","Омская область","2","top","баня на участок"
"дом баня зимой","66","Омск","2","top","баня зимой"
"дом баня зимой","11318","Омская область","2","top","баня зимой"
"дом баня на земельном участке","11318","Омская область","2","top","баня на участок"
"дом баня на участке 12 соток","11318","Омская область","2","top","баня на участок"
"дом и баня на участке фото","11318","Омская область","2","top","баня на участок"
"доска для каркасной бани","66","Омск","2","top","каркасная баня"
"доставка бани на участок","11318","Омская область","2","top","баня на участок|доставка бани"
"заказать баню из бруса под ключ","66","Омск","2","top","баня под ключ"
"заказать баню под ключ","66","Омск","2","top","баня под ключ"
"заказать готовые бани","11318","Омская область","2","top","готовая баня"
"заливка фундамента под баню пропорции","66","Омск","2","top","фундамент под баню"
"заливка фундамента под баню пропорции","11318","Омская область","2","top","фундамент под баню"
"заливка фундамента под баню своими руками","11318","Омская область","2","top","фундамент под баню"
"зоны бани на участке","11318","Омская область","2","top","баня на участок"
"инструмент для бурения скважин","66","Омск","2","top","бурение скважин"
"как делается каркасная баня","66","Омск","2","top","каркасная баня"
"как делается механизированная штукатурка стен видео","66","Омск","2","top","механизированная штукатурка"
"как делается механизированная штукатурка стен видео","11318","Омская область","2","top","механизированная штукатурка"
"как должна стоять баня на участке","66","Омск","2","top","баня на участок"
"как должна стоять баня на участке","11318","Омская область","2","top","баня на участок"
"как можно расположить баню на участке","66","Омск","2","top","баня на участок"
"как можно расположить баню на участке","11318","Омская область","2","top","баня на участок"
"как определить глубину бурения скважины","66","Омск","2","top","бурение скважин"
"как понять что баня готова","66","Омск","2","top","готовая баня"
"как понять что баня готова","11318","Омская область","2","top","готовая баня"
"как построить баню в майнкрафте","66","Омск","2","association","баня под ключ"
"как построить баню в майнкрафте","11318","Омская область","2","association","баня под ключ"
"как пройти плывун при бурении скважины","66","Омск","2","top","бурение скважин"
"как сделать баню на участке","66","Омск","2","top","баня на участок"
"как сделать баню на участке","11318","Омская область","2","top","баня на участок"
"как сделать пол в бане на сваях","66","Омск","2","association","фундамент под баню"
"как сделать фундамент под баню","66","Омск","2","top","фундамент под баню"
"как сделать фундамент под баню","11318","Омская область","2","top","фундамент под баню"
"как ставить баню на участке","66","Омск","2","top","баня на участок"
"как ставить баню на участке","11318","Омская область","2","top","баня на участок"
"как ставить баню на участке по закону","66","Омск","2","top","баня на участок"
"как ставить баню на участке по закону","11318","Омская область","2","top","баня на участок"
"как узаконить баню на дачном участке","66","Омск","2","top","баня на участок"
"как узаконить баню на дачном участке","11318","Омская область","2","top","баня на участок"
"как узаконить баню на участке","66","Омск","2","top","баня на участок"
"как узаконить баню на участке","11318","Омская область","2","top","баня на участок"
"какая баня лучше готовая","11318","Омская область","2","top","готовая баня"
"какой бетон под фундамент бани","66","Омск","2","top","фундамент под баню"
"какой бетон под фундамент бани","11318","Омская область","2","top","фундамент под баню"
"какой фундамент залить под баню","66","Омск","2","top","фундамент под баню"
"какой фундамент залить под баню","11318","Омская область","2","top","фундамент под баню"
"какой фундамент нужно под баню","66","Омск","2","top","фундамент под баню"
"какой фундамент нужно под баню","11318","Омская область","2","top","фундамент под баню"
"какой фундамент под каркасную баню","66","Омск","2","top","фундамент под баню"
"какой фундамент под каркасную баню","11318","Омская область","2","top","фундамент под баню"
"какую баню построить на участке лучше","66","Омск","2","top","баня на участок"
"какую баню построить на участке лучше","11318","Омская область","2","top","баня на участок"
"канатное бурение скважин","66","Омск","2","top","бурение скважин"
"каркасная баня 2х4","66","Омск","2","top","каркасная баня"
"каркасная баня 2х4 своими руками","66","Омск","2","top","каркасная баня"
"каркасная баня 3 3 своими руками","66","Омск","2","top","каркасная баня"
"каркасная баня 6 на 4","66","Омск","2","top","каркасная баня"
"каркасная баня абакан","66","Омск","2","top","каркасная баня"
"каркасная баня авито","66","Омск","2","top","каркасная баня"
"каркасная баня г образная","66","Омск","2","top","каркасная баня"
"каркасная баня из осб","66","Омск","2","top","каркасная баня"
"каркасная баня из осб своими руками","66","Омск","2","top","каркасная баня"
"каркасная баня на винтовых","66","Омск","2","top","каркасная баня"
"каркасная баня на винтовых сваях","66","Омск","2","top","каркасная баня"
"каркасная баня на ленточном фундаменте","66","Омск","2","top","каркасная баня"
"каркасная баня отзывы владельцев после использования","66","Омск","2","top","каркасная баня"
"каркасная баня пирог парилки","66","Омск","2","top","каркасная баня"
"каркасная баня пол в парной","66","Омск","2","top","каркасная баня"
"каркасная баня проекты и чертежи","66","Омск","2","top","каркасная баня"
"каркасная баня проекты и чертежи бесплатно","66","Омск","2","top","каркасная баня"
"каркасная баня чертежи бесплатно","66","Омск","2","top","каркасная баня"
"каркасные бани 5х3","66","Омск","2","top","каркасная баня"
"картинка механизированная штукатурка","11318","Омская область","2","top","механизированная штукатурка"
"картинки готовых бань","11318","Омская область","2","top","готовая баня"
"каталог готовых бань","11318","Омская область","2","top","готовая баня"
"каталог готовых бань цены","11318","Омская область","2","top","готовая баня"
"кафедра бурения скважин","66","Омск","2","top","бурение скважин"
"кедровую баню чем обработать","66","Омск","2","top","кедровая баня"
"кедровую баню чем обработать","11318","Омская область","2","top","кедровая баня"
"кедровый веник для бани","66","Омск","2","top","кедровая баня"
"кедровый веник для бани","11318","Омская область","2","top","кедровая баня"
"купить баню доставка установка","66","Омск","2","top","доставка бани"
"купить баню доставка установка","11318","Омская область","2","top","доставка бани"
"купить баню из бруса под ключ","66","Омск","2","top","баня под ключ"
"купить баню на дачный участок","11318","Омская область","2","top","баня на участок"
"купить баню с доставкой цена","66","Омск","2","top","доставка бани"
"купить баню с доставкой цена","11318","Омская область","2","top","доставка бани"
"купить баню с установкой под ключ","66","Омск","2","top","баня под ключ"
"купить готовую баню 4 4","11318","Омская область","2","top","готовая баня"
"купить готовую баню бочку","66","Омск","2","top","готовая баня"
"купить готовую баню бочку","11318","Омская область","2","top","готовая баня"
"купить готовую баню в минске","11318","Омская область","2","top","готовая баня"
"купить готовую баню в рязани","11318","Омская область","2","top","готовая баня"
"купить готовую баню с установкой","66","Омск","2","top","готовая баня"
"купить готовую баню с установкой","11318","Омская область","2","top","готовая баня"
"купить каркасную баню под ключ","66","Омск","2","top","баня под ключ"
"куплю бу мобильную баню","66","Омск","2","top","мобильная баня"
"куплю бу мобильную баню","11318","Омская область","2","top","мобильная баня"
"ленточный фундамент под баню 5 на 4","11318","Омская область","2","top","фундамент под баню"
"материал для механизированной штукатурки","66","Омск","2","top","механизированная штукатурка"
"материал для механизированной штукатурки","11318","Омская область","2","top","механизированная штукатурка"
"механизированная штукатурка визитки","11318","Омская область","2","top","механизированная штукатурка"
"механизированная штукатурка как делается","66","Омск","2","top","механизированная штукатурка"
"механизированная штукатурка как делается","11318","Омская область","2","top","механизированная штукатурка"
"механизированная штукатурка работы","11318","Омская область","2","top","механизированная штукатурка"
"механизированная штукатурка своими руками","66","Омск","2","top","механизированная штукатурка"
"механизированная штукатурка своими руками","11318","Омская область","2","top","механизированная штукатурка"
"механизированная штукатурка стен как делается","66","Омск","2","top","механизированная штукатурка"
"механизированная штукатурка стен как делается","11318","Омская область","2","top","механизированная штукатурка"
"механизированная штукатурка стен своими руками","66","Омск","2","top","механизированная штукатурка"
"механизированная штукатурка стен своими руками","11318","Омская область","2","top","механизированная штукатурка"
"механизированная штукатурка фото","66","Омск","2","top","механизированная штукатурка"
"механизированная штукатурка фото","11318","Омская область","2","top","механизированная штукатурка"
"механизированная штукатурка цена","66","Омск","2","top","механизированная штукатурка"
"механизированная штукатурка цена","11318","Омская область","2","top","механизированная штукатурка"
"механизировать нанесение штукатурка","66","Омск","2","top","механизированная штукатурка"
"механизировать нанесение штукатурка","11318","Омская область","2","top","механизированная штукатурка"
"механизировать оборудование штукатурка","66","Омск","2","top","механизированная штукатурка"
"механизировать оборудование штукатурка","11318","Омская область","2","top","механизированная штукатурка"
"механизировать способ штукатурка","66","Омск","2","top","механизированная штукатурка"
"механизировать способ штукатурка","11318","Омская область","2","top","механизированная штукатурка"
"механизируемая штукатурка цена","66","Омск","2","top","механизированная штукатурка"
"механизируемая штукатурка цена","11318","Омская область","2","top","механизированная штукатурка"
"мини баня под ключ","66","Омск","2","top","баня под ключ"
"мини баня под ключ недорого","66","Омск","2","top","баня под ключ"
"мобильная баня 6 2.3","66","Омск","2","top","мобильная баня"
"мобильная баня 6 2.3","11318","Омская область","2","top","мобильная баня"
"мобильная баня аренда","66","Омск","2","top","мобильная баня"
"мобильная баня бу","66","Омск","2","top","мобильная баня"
"мобильная баня где","11318","Омская область","2","top","мобильная баня"
"мобильная баня из дерева","66","Омск","2","top","мобильная баня"
"мобильная баня из дерева","11318","Омская область","2","top","мобильная баня"
"мобильная баня изготовление","66","Омск","2","top","мобильная баня"
"мобильная баня изготовление","11318","Омская область","2","top","мобильная баня"
"мобильная баня ключ","66","Омск","2","top","мобильная баня"
"мобильная баня красноярск","66","Омск","2","top","мобильная баня"
"мобильная баня красноярск","11318","Омская область","2","top","мобильная баня"
"мобильная баня крыша","11318","Омская область","2","top","мобильная баня"
"мобильная баня купить недорого","66","Омск","2","top","мобильная баня"
"мобильная баня на прицепе","11318","Омская область","2","top","мобильная баня"
"мобильная баня недорого","66","Омск","2","top","мобильная баня"
"мобильная баня палатка с печкой","66","Омск","2","top","мобильная баня"
"мобильная баня палатка с печкой","11318","Омская область","2","top","мобильная баня"
"мобильная баня палатка с печкой купить","66","Омск","2","top","мобильная баня"
"мобильная баня палатка с печкой купить","11318","Омская область","2","top","мобильная баня"
"мобильная баня производство","66","Омск","2","top","мобильная баня"
"мобильная баня производство","11318","Омская область","2","top","мобильная баня"
"мобильная баня с душем","66","Омск","2","top","мобильная баня"
"мобильная баня с душем","11318","Омская область","2","top","мобильная баня"
"мобильная баня с печкой купить","66","Омск","2","top","мобильная баня"
"мобильная баня с печкой купить","11318","Омская область","2","top","мобильная баня"
"мобильные бани 6 на 6","66","Омск","2","top","мобильная баня"
"мобильные бани 6 на 6","11318","Омская область","2","top","мобильная баня"
"мобильные бани бытовки","66","Омск","2","top","мобильная баня"
"мобильные бани бытовки","11318","Омская область","2","top","мобильная баня"
"мобильные бани в омске купить недорого","66","Омск","2","top","мобильная баня"
"мобильные бани под","66","Омск","2","top","мобильная баня"
"мобильные бани под ключ","66","Омск","2","top","мобильная баня"
"мобильные деревянные бани","66","Омск","2","top","мобильная баня"
"мобильные деревянные бани","11318","Омская область","2","top","мобильная баня"
"мобильный дом баня","66","Омск","2","top","мобильная баня"
"мобильный дом баня","11318","Омская область","2","top","мобильная баня"
"можно ли строить баню на участке","11318","Омская область","2","top","баня на участок"
"монтаж печки в каркасной бане","66","Омск","2","top","каркасная баня"
"надо ли регистрировать баню на земельном участке","11318","Омская область","2","top","баня на участок"
"надо ли регистрировать баню на участке","11318","Омская область","2","top","баня на участок"
"налог на баню на дачном участке","66","Омск","2","top","баня на участок"
"налог на баню на дачном участке","11318","Омская область","2","top","баня на участок"
"налог на баню на участке сколько","66","Омск","2","top","баня на участок"
"налог на баню на участке сколько","11318","Омская область","2","top","баня на участок"
"недорогие бани купить с доставкой","66","Омск","2","top","доставка бани"
"недорогие бани купить с доставкой","11318","Омская область","2","top","доставка бани"
"неотапливаемая баня зимой","11318","Омская область","2","top","баня зимой"
"нормы отступов бани на участке","66","Омск","2","top","баня на участок"
"нужно ли регистрировать баню на земельном участке","11318","Омская область","2","top","баня на участок"
"оборудование для механизированной штукатурки","66","Омск","2","top","механизированная штукатурка"
"оборудование для механизированной штукатурки","11318","Омская область","2","top","механизированная штукатурка"
"огурцы на зиму на водяной бане","66","Омск","2","top","баня зимой"
"оператор бурения скважин","66","Омск","2","top","бурение скважин"
"определить воду бурение скважины","66","Омск","2","top","бурение скважин"
"отступы на участке при строительстве бани","11318","Омская область","2","top","баня на участок"
"отступы при строительстве бани на земельном участке","11318","Омская область","2","top","баня на участок"
"печи в баню с доставкой","11318","Омская область","2","top","доставка бани"
"печка в каркасной бане","66","Омск","2","top","каркасная баня"
"печь интент для мобильной бани","66","Омск","2","top","мобильная баня"
"печь интент для мобильной бани","11318","Омская область","2","top","мобильная баня"
"пирог стены каркасной бани","66","Омск","2","top","каркасная баня"
"план каркасной бани","66","Омск","2","top","каркасная баня"
"план мобильной бани","66","Омск","2","top","мобильная баня"
"план мобильной бани","11318","Омская область","2","top","мобильная баня"
"планировка бани на участке","66","Омск","2","top","баня на участок"
"планировка бани на участке","11318","Омская область","2","top","баня на участок"
"плитка на пол в каркасной бане","66","Омск","2","top","каркасная баня"
"площадка под мобильную баню","11318","Омская область","2","top","мобильная баня"
"плывун при бурении скважины","66","Омск","2","top","бурение скважин"
"подспинник для бани","66","Омск","2","association","баня под ключ"
"пологи для бани готовые","66","Омск","2","top","готовая баня"
"пологи для бани готовые","11318","Омская область","2","top","готовая баня"
"поставить баню на участке под ключ","66","Омск","2","top","баня на участок|баня под ключ"
"поставить баню на участке под ключ","11318","Омская область","2","top","баня на участок"
"поставить баню на участке под ключ цена","66","Омск","2","top","баня на участок|баня под ключ"
"поставить баню на участке под ключ цена","11318","Омская область","2","top","баня на участок"
"поставить баню на участке цена","66","Омск","2","top","баня на участок"
"поставить баню на участке цена","11318","Омская область","2","top","баня на участок"
"поставить баню под ключ","66","Омск","2","top","баня под ключ"
"поставить баню под ключ цена","66","Омск","2","top","баня под ключ"
"построить баню из бруса под ключ","66","Омск","2","top","баня под ключ"
"постройка бани на участке ижс","66","Омск","2","top","баня на участок"
"постройка бани на участке ижс","11318","Омская область","2","top","баня на участок"
"постройка бани своими руками пошагово каркасной","66","Омск","2","top","каркасная баня"
"постройка каркасной бани своими руками","66","Омск","2","top","каркасная баня"
"правила расположения бани на участке","66","Омск","2","top","баня на участок"
"правила расположения бани на участке","11318","Омская область","2","top","баня на участок"
"правильный пирог парилки в каркасной бане","66","Омск","2","top","каркасная баня"
"продажа бани на участке","66","Омск","2","top","баня на участок"
"продажа мобильные бани","11318","Омская область","2","top","мобильная баня"
"проект бани 5х3 каркасная","66","Омск","2","top","каркасная баня"
"проект гаража бани на участке","66","Омск","2","top","баня на участок"
"проект гаража бани на участке","11318","Омская область","2","top","баня на участок"
"проект дома бани на участке","66","Омск","2","top","баня на участок"
"проект дома гаража бани на участке","66","Омск","2","top","баня на участок"
"проект дома гаража бани на участке","11318","Омская область","2","top","баня на участок"
"проект и стоимость под ключ бани","66","Омск","2","top","баня под ключ"
"проект мобильной бани 6 на 2.3","66","Омск","2","top","мобильная баня"
"проект мобильной бани 6 на 2.3","11318","Омская область","2","top","мобильная баня"
"проекты каркасных бань 4 4","66","Омск","2","top","каркасная баня"
"производитель мобильных бань","66","Омск","2","top","мобильная баня"
"производитель мобильных бань","11318","Омская область","2","top","мобильная баня"
"проходим плывун при бурении скважины","66","Омск","2","top","бурение скважин"
"процесс бурения скважины","66","Омск","2","top","бурение скважин"
"разместить баню на участке","66","Омск","2","top","баня на участок"
"разместить баню на участке","11318","Омская область","2","top","баня на участок"
"расстояние до бани на дачном участке","66","Омск","2","top","баня на участок"
"расстояние до бани на дачном участке","11318","Омская область","2","top","баня на участок"
"расстояние между банями на соседних участках","66","Омск","2","top","баня на участок"
"расстояние между банями на соседних участках","11318","Омская область","2","top","баня на участок"
"расстояние постройки бани на участке","66","Омск","2","top","баня на участок"
"расстояния на участке бани от границ","66","Омск","2","top","баня на участок"
"расчет фундамента под баню","66","Омск","2","top","фундамент под баню"
"расчет фундамента под баню","11318","Омская область","2","top","фундамент под баню"
"регистрируем баню на земельном участке","66","Омск","2","top","баня на участок"
"сауна купить готовую","66","Омск","2","association","доставка бани"
"сборка мобильной бани","11318","Омская область","2","top","мобильная баня"
"скважина в бане зимой","66","Омск","2","top","баня зимой"
"скважина в бане зимой","11318","Омская область","2","top","баня зимой"
"скважина на воду глубина бурения","66","Омск","2","top","бурение скважин"
"сколько будет стоить доставка бани","11318","Омская область","2","top","доставка бани"
"сколько заливать фундамент под баню","66","Омск","2","top","фундамент под баню"
"сколько заливать фундамент под баню","11318","Омская область","2","top","фундамент под баню"
"сколько от забора баня на участке","66","Омск","2","top","баня на участок"
"сколько от забора баня на участке","11318","Омская область","2","top","баня на участок"
"сколько стоит готовая баня под ключ","11318","Омская область","2","top","готовая баня"
"сколько стоит доставка бани","11318","Омская область","2","top","доставка бани"
"сколько стоит залить фундамент под баню","66","Омск","2","top","фундамент под баню"
"сколько стоит залить фундамент под баню","11318","Омская область","2","top","фундамент под баню"
"сколько стоит кедровая баня","66","Омск","2","top","кедровая баня"
"сколько стоит кедровая баня","11318","Омская область","2","top","кедровая баня"
"слив бани зимой","66","Омск","2","top","баня зимой"
"снять мобильную баню","66","Омск","2","top","мобильная баня"
"снять мобильную баню","11318","Омская область","2","top","мобильная баня"
"сруб кедровой бани","11318","Омская область","2","top","кедровая баня"
"стоимость бани под ключ проекты и цены","66","Омск","2","top","баня под ключ"
"стоимость баня под ключ цена","66","Омск","2","top","баня под ключ"
"строительство бани дома на участке","11318","Омская область","2","top","баня на участок"
"строительство бани на участке ижс","66","Омск","2","top","баня на участок"
"строительство бани на участке ижс","11318","Омская область","2","top","баня на участок"
"строительство бани на участке снт","66","Омск","2","top","баня на участок"
"строительство бани на участке снт","11318","Омская область","2","top","баня на участок"
"строить бани под ключ","66","Омск","2","top","баня под ключ"
"схема каркасной бани 6х4","66","Омск","2","top","каркасная баня"
"термо видное банный комплекс","66","Омск","2","association","баня 4х2"
"термо видное банный комплекс","11318","Омская область","2","association","баня 4х2"
"тумбы под баню вместо фундамента","66","Омск","2","top","фундамент под баню"
"тумбы под баню вместо фундамента","11318","Омская область","2","top","фундамент под баню"
"ударно канатное бурение скважин","66","Омск","2","top","бурение скважин"
"ударное бурение скважин","66","Омск","2","top","бурение скважин"
"ударный метод бурения скважин","66","Омск","2","top","бурение скважин"
"укладка кирпичом под фундамент под баню","11318","Омская область","2","top","фундамент под баню"
"усадьба банная","66","Омск","2","association","фундамент под баню"
"фундамент под баню 3 на 3","66","Омск","2","top","фундамент под баню"
"фундамент под баню 5х3","66","Омск","2","top","фундамент под баню"
"фундамент под баню 5х3","11318","Омская область","2","top","фундамент под баню"
"фундамент под баню 6 4","66","Омск","2","top","фундамент под баню"
"фундамент под баню 6 4","11318","Омская область","2","top","фундамент под баню"
"фундамент под баню 6 5","66","Омск","2","top","фундамент под баню"
"фундамент под баню 6 5","11318","Омская область","2","top","фундамент под баню"
"фундамент под баню 6 на 6","66","Омск","2","top","фундамент под баню"
"фундамент под баню 6х4","66","Омск","2","top","фундамент под баню"
"фундамент под баню 6х4","11318","Омская область","2","top","фундамент под баню"
"фундамент под баню 6х4 своими руками","66","Омск","2","top","фундамент под баню"
"фундамент под баню 6х4 своими руками","11318","Омская область","2","top","фундамент под баню"
"фундамент под баню под ключ","66","Омск","2","top","фундамент под баню"
"фундамент под баню под ключ","11318","Омская область","2","top","фундамент под баню"
"фундамент под баню пропорции","66","Омск","2","top","фундамент под баню"
"фундамент под баню пропорции","11318","Омская область","2","top","фундамент под баню"
"фундамент под баню сваи","66","Омск","2","top","фундамент под баню"
"фундамент под баню сваи","11318","Омская область","2","top","фундамент под баню"
"фундамент под маленькую баню","66","Омск","2","top","фундамент под баню"
"фундамент под маленькую баню","11318","Омская область","2","top","фундамент под баню"
"фундамент под сруб бани","11318","Омская область","2","top","фундамент под баню"
"хозблок и баня на участке","66","Омск","2","top","баня на участок"
"хозблок и баня на участке","11318","Омская область","2","top","баня на участок"
"хотите построить баню на участке","11318","Омская область","2","top","баня на участок"
"хочу баню на участке","11318","Омская область","2","top","баня на участок"
"что значит бурение скважины","66","Омск","2","top","бурение скважин"
"что значит бурение скважины на песок","66","Омск","2","top","бурение скважин"
"штукатурка механизированная мешок","66","Омск","2","top","механизированная штукатурка"
"штукатурка механизированная мешок","11318","Омская область","2","top","механизированная штукатурка"
"штукатурка механизированная мешок цена","66","Омск","2","top","механизированная штукатурка"
"штукатурка механизированная мешок цена","11318","Омская область","2","top","механизированная штукатурка"
"штукатурка механизированным способом","66","Омск","2","top","механизированная штукатурка"
"штукатурка механизированным способом","11318","Омская область","2","top","механизированная штукатурка"
"штукатурка стен механизированным способом","66","Омск","2","top","механизированная штукатурка"
"штукатурка стен механизированным способом","11318","Омская область","2","top","механизированная штукатурка"
"штукатурка стен механизированным способом своими руками","66","Омск","2","top","механизированная штукатурка"
"штукатурка стен механизированным способом своими руками","11318","Омская область","2","top","механизированная штукатурка"
"штукатурный аппарат","66","Омск","2","association","механизированная штукатурка"
"штукатурный аппарат","11318","Омская область","2","association","механизированная штукатурка"
"эрик банна","66","Омск","2","association","кедровая баня"
"аренда штукатурной станции для механизированной штукатурки","11318","Омская область","1","top","механизированная штукатурка"
"бак баня зимой","11318","Омская область","1","top","баня зимой"
"бани готовые из бруса цены","66","Омск","1","top","готовая баня"
"бани готовые из бруса цены","11318","Омская область","1","top","готовая баня"
"бани из бруса зимой","11318","Омская область","1","top","баня зимой"
"бани из бруса с доставкой","66","Омск","1","top","доставка бани"
"бани из бруса с доставкой","11318","Омская область","1","top","доставка бани"
"бани модульные на участок","66","Омск","1","top","баня на участок"
"бани модульные на участок","11318","Омская область","1","top","баня на участок"
"бани с доставкой москва","66","Омск","1","top","доставка бани"
"бани с доставкой москва","11318","Омская область","1","top","доставка бани"
"банный комплекс с бассейном","66","Омск","1","association","баня на участок|доставка бани"
"банька парилка слушать","66","Омск","1","association","баня зимой|баня на участок|мобильная баня"
"банька парилка слушать","11318","Омская область","1","association","баня зимой|баня на участок|мобильная баня"
"баню надо оформлять на участке","66","Омск","1","top","баня на участок"
"баню надо оформлять на участке","11318","Омская область","1","top","баня на участок"
"баню нужно регистрировать на земельном участке","66","Омск","1","top","баня на участок"
"баня 2х2","66","Омск","1","top","баня 2х2"
"баня 2х2 своими руками","66","Омск","1","top","баня 2х2"
"баня 2х2 своими руками","11318","Омская область","1","top","баня 2х2"
"баня 3 4 готовая","11318","Омская область","1","top","готовая баня"
"баня 4х2 5","66","Омск","1","top","баня 4х2"
"баня 4х2 5","11318","Омская область","1","top","баня 4х2"
"баня 4х2 каркасная","11318","Омская область","1","top","баня 4х2"
"баня 4х2 планировка","66","Омск","1","top","баня 4х2"
"баня 4х2 планировка","11318","Омская область","1","top","баня 4х2"
"баня бочка 4х2","66","Омск","1","top","баня 4х2"
"баня бочка 4х2","11318","Омская область","1","top","баня 4х2"
"баня готовая 4 4","66","Омск","1","top","готовая баня"
"баня готовая 5 4","66","Омск","1","top","готовая баня"
"баня готовая беларусь купить цена","66","Омск","1","top","готовая баня"
"баня готовая беларусь купить цена","11318","Омская область","1","top","готовая баня"
"баня зима пхукет","66","Омск","1","top","баня зимой"
"баня зима пхукет","11318","Омская область","1","top","баня зимой"
"баня зимой на даче","66","Омск","1","top","баня зимой"
"баня зимой на даче","11318","Омская область","1","top","баня зимой"
"баня зимой отзывы","66","Омск","1","top","баня зимой"
"баня зимой отзывы","11318","Омская область","1","top","баня зимой"
"баня и летняя кухня на участке","11318","Омская область","1","top","баня на участок"
"баня из бруса под ключ с доставкой","66","Омск","1","top","доставка бани"
"баня из бруса под ключ с доставкой","11318","Омская область","1","top","доставка бани"
"баня из металлокаркаса","66","Омск","1","association","каркасная баня"
"баня из металлокаркаса","11318","Омская область","1","association","каркасная баня"
"баня кухня на участке","11318","Омская область","1","top","баня на участок"
"баня на арендованном участке","66","Омск","1","top","баня на участок"
"баня на арендованном участке","11318","Омская область","1","top","баня на участок"
"баня на дачном участке закон","66","Омск","1","top","баня на участок"
"баня на каком расстоянии от соседского участка","66","Омск","1","top","баня на участок"
"баня на каком расстоянии от соседского участка","11318","Омская область","1","top","баня на участок"
"баня на участке 10 соток","66","Омск","1","top","баня на участок"
"баня на участке 12 соток","66","Омск","1","top","баня на участок"
"баня на участке 2 сотки","66","Омск","1","top","баня на участок"
"баня на участке 3 сотки","66","Омск","1","top","баня на участок"
"баня на участке 3 сотки","11318","Омская область","1","top","баня на участок"
"баня на участке 4 сотки","11318","Омская область","1","top","баня на участок"
"баня на участке 5 соток","66","Омск","1","top","баня на участок"
"баня на участке ижс нормы","66","Омск","1","top","баня на участок"
"баня на участке ижс нормы","11318","Омская область","1","top","баня на участок"
"баня на участке недорого","66","Омск","1","top","баня на участок"
"баня на участке нормы расстояния","66","Омск","1","top","баня на участок"
"баня на участке от соседей","66","Омск","1","top","баня на участок"
"баня на участке своими руками","11318","Омская область","1","top","баня на участок"
"баня на участке снт нормы расположения","66","Омск","1","top","баня на участок"
"баня на участке снт нормы расположения","11318","Омская область","1","top","баня на участок"
"баня на участке требования","66","Омск","1","top","баня на участок"
"баня на участок 4 на 3","66","Омск","1","top","баня на участок"
"баня на участок купить","66","Омск","1","top","баня на участок"
"баня на участок на что установить","66","Омск","1","top","баня на участок"
"баня на участок на что установить","11318","Омская область","1","top","баня на участок"
"баня на частном участке","66","Омск","1","top","баня на участок"
"баня на частном участке","11318","Омская область","1","top","баня на участок"
"баня от границы участка на каком","66","Омск","1","top","баня на участок"
"баня от границы участка на каком расстоянии","66","Омск","1","top","баня на участок"
"баня под ключ в беларуси цены готовая","66","Омск","1","top","готовая баня"
"баня под ключ в беларуси цены готовая","11318","Омская область","1","top","готовая баня"
"баня под ключ сборка на участке","66","Омск","1","top","баня на участок"
"баня построена на границе участка","66","Омск","1","top","баня на участок"
"баня построена на границе участка","11318","Омская область","1","top","баня на участок"
"баня с бассейном на участке","66","Омск","1","top","баня на участок"
"баня с террасой на участке","66","Омск","1","top","баня на участок"
"баня с террасой на участке","11318","Омская область","1","top","баня на участок"
"баня сауна на участок","66","Омск","1","top","баня на участок"
"баня сауна на участок","11318","Омская область","1","top","баня на участок"
"баня со сборкой на участке","66","Омск","1","top","баня на участок"
"баня собрать на участке","66","Омск","1","top","баня на участок"
"баня собрать на участке","11318","Омская область","1","top","баня на участок"
"баня соседей на границе участка","66","Омск","1","top","баня на участок"
"баня соседей на границе участка","11318","Омская область","1","top","баня на участок"
"баня строительство мобильная","66","Омск","1","top","мобильная баня"
"баня строительство мобильная","11318","Омская область","1","top","мобильная баня"
"бетонный фундамент под баню","66","Омск","1","top","фундамент под баню"
"бетонный фундамент под баню","11318","Омская область","1","top","фундамент под баню"
"битум для фундамента","66","Омск","1","association","фундамент под баню"
"битум для фундамента","11318","Омская область","1","association","фундамент под баню"
"бурят гейм","66","Омск","1","association","бурение скважин"
"видео готовых бань","66","Омск","1","top","готовая баня"
"видео готовых бань","11318","Омская область","1","top","готовая баня"
"видео фундаменты под баню","66","Омск","1","top","фундамент под баню"
"винтовой фундамент под баню","66","Омск","1","top","фундамент под баню"
"винтовой фундамент под баню","11318","Омская область","1","top","фундамент под баню"
"водопровод в баню зимой","11318","Омская область","1","top","баня зимой"
"воду в баке бани зимой","11318","Омская область","1","top","баня зимой"
"высота ленточного фундамента под баню","66","Омск","1","top","фундамент под баню"
"высота ленточного фундамента под баню","11318","Омская область","1","top","фундамент под баню"
"где поставить баню на участке","11318","Омская область","1","top","баня на участок"
"гидроизоляция фундамента под баню","11318","Омская область","1","top","фундамент под баню"
"гостевой бани на участке","11318","Омская область","1","top","баня на участок"
"готовая баня 2 2","66","Омск","1","top","готовая баня"
"готовая баня 2 3","66","Омск","1","top","готовая баня"
"готовая баня 2 3","11318","Омская область","1","top","готовая баня"
"готовая баня 5 5","66","Омск","1","top","готовая баня"
"готовая баня беларусь недорого","66","Омск","1","top","готовая баня"
"готовая баня беларусь недорого","11318","Омская область","1","top","готовая баня"
"готовая баня из бруса под ключ цена","66","Омск","1","top","готовая баня"
"готовая баня из бруса под ключ цена","11318","Омская область","1","top","готовая баня"
"готовая баня под ключ авито","11318","Омская область","1","top","готовая баня"
"готовая планировка бани","66","Омск","1","top","готовая баня"
"готовая планировка бани","11318","Омская область","1","top","готовая баня"
"готовые бани 2 4","11318","Омская область","1","top","готовая баня"
"готовые бани 5 6","11318","Омская область","1","top","готовая баня"
"готовые бани бревно","66","Омск","1","top","готовая баня"
"готовые бани бревно","11318","Омская область","1","top","готовая баня"
"готовые бани бруса под","66","Омск","1","top","готовая баня"
"готовые бани бруса под","11318","Омская область","1","top","готовая баня"
"готовые бани в беларуси","66","Омск","1","top","готовая баня"
"готовые бани в беларуси","11318","Омская область","1","top","готовая баня"
"готовые бани в беларуси цены","66","Омск","1","top","готовая баня"
"готовые бани в беларуси цены","11318","Омская область","1","top","готовая баня"
"готовые бани из бруса под ключ","66","Омск","1","top","готовая баня"
"готовые бани из бруса под ключ","11318","Омская область","1","top","готовая баня"
"готовые бани из газобетона","66","Омск","1","top","готовая баня"
"готовые бани из газобетона","11318","Омская область","1","top","готовая баня"
"готовые бани красноярск","66","Омск","1","top","готовая баня"
"готовые бани красноярск","11318","Омская область","1","top","готовая баня"
"готовые бани на дровах","11318","Омская область","1","top","готовая баня"
"готовые бани под ключ беларусь","66","Омск","1","top","готовая баня"
"готовые бани под ключ беларусь","11318","Омская область","1","top","готовая баня"
"готовые бани с доставкой в беларусь","66","Омск","1","top","готовая баня|доставка бани"
"готовые бани с доставкой в беларусь","11318","Омская область","1","top","готовая баня|доставка бани"
"готовые бани с террасой","11318","Омская область","1","top","готовая баня"
"готовые бани сауны","66","Омск","1","top","готовая баня"
"готовые бани сауны","11318","Омская область","1","top","готовая баня"
"готовые бани сколько стоить","66","Омск","1","top","готовая баня"
"готовые бани сколько стоить","11318","Омская область","1","top","готовая баня"
"готовые варианты бань","66","Омск","1","top","готовая баня"
"готовые варианты бань","11318","Омская область","1","top","готовая баня"
"готовые мобильные бани ключ","66","Омск","1","top","готовая баня|мобильная баня"
"готовые мобильные бани ключ","11318","Омская область","1","top","готовая баня|мобильная баня"
"готовые мобильные бани под ключ","66","Омск","1","top","готовая баня|мобильная баня"
"готовые мобильные бани под ключ","11318","Омская область","1","top","готовая баня|мобильная баня"
"готовые проекты бань из газобетона","66","Омск","1","top","готовая баня"
"готовые проекты бань из газобетона","11318","Омская область","1","top","готовая баня"
"готовый бизнес бани сауны","66","Омск","1","top","готовая баня"
"готовый бизнес бани сауны","11318","Омская область","1","top","готовая баня"
"границы бани на земельном участке","66","Омск","1","top","баня на участок"
"границы бани на земельном участке","11318","Омская область","1","top","баня на участок"
"двухэтажная баня на участке","66","Омск","1","top","баня на участок"
"дешево бани под ключ с доставкой","66","Омск","1","top","доставка бани"
"дешево бани под ключ с доставкой","11318","Омская область","1","top","доставка бани"
"дешевые готовые бани под ключ","66","Омск","1","top","готовая баня"
"дом баня на садовом участке","66","Омск","1","top","баня на участок"
"дом баня на садовом участке","11318","Омская область","1","top","баня на участок"
"дом баня на участке 10","66","Омск","1","top","баня на участок"
"дом баня на участке 10 соток","66","Омск","1","top","баня на участок"
"дом баня на участке 12 соток","66","Омск","1","top","баня на участок"
"дом баня на участке 6 соток","66","Омск","1","top","баня на участок"
"дома бани с доставкой","66","Омск","1","top","доставка бани"
"дома бани с доставкой","11318","Омская область","1","top","доставка бани"
"доставка бань по области","11318","Омская область","1","top","доставка бани"
"заказать доставку бани","66","Омск","1","top","доставка бани"
"заказать доставку бани","11318","Омская область","1","top","доставка бани"
"залить фундамент под печку в бане","66","Омск","1","top","фундамент под баню"
"залить фундамент под печку в бане","11318","Омская область","1","top","фундамент под баню"
"застраховать баню на участке","66","Омск","1","top","баня на участок"
"застраховать баню на участке","11318","Омская область","1","top","баня на участок"
"инструмент для штукатурных работ","66","Омск","1","association","механизированная штукатурка"
"использование бани зимой","66","Омск","1","top","баня зимой"
"использование бани зимой","11318","Омская область","1","top","баня зимой"
"как делать фундамент под баню","66","Омск","1","top","фундамент под баню"
"как делать фундамент под баню","11318","Омская область","1","top","фундамент под баню"
"как завести воду в баню зимой","66","Омск","1","top","баня зимой"
"как завести воду в баню зимой","11318","Омская область","1","top","баня зимой"
"как залить фундамент под баню 3 3","66","Омск","1","top","фундамент под баню"
"как залить фундамент под баню 3 3","11318","Омская область","1","top","фундамент под баню"
"как залить фундамент под баню 3х4 своими","66","Омск","1","top","фундамент под баню"
"как залить фундамент под баню 3х4 своими","11318","Омская область","1","top","фундамент под баню"
"как залить фундамент под печь в бане","66","Омск","1","top","фундамент под баню"
"как залить фундамент под печь в бане","11318","Омская область","1","top","фундамент под баню"
"как зарегистрировать баню на дачном участке","66","Омск","1","top","баня на участок"
"как зарегистрировать баню на дачном участке","11318","Омская область","1","top","баня на участок"
"как зарегистрировать баню на участке","66","Омск","1","top","баня на участок"
"как зарегистрировать баню на участке","11318","Омская область","1","top","баня на участок"
"как зарегистрировать построенную баню на участке","66","Омск","1","top","баня на участок"
"как зимой просушивать баню","66","Омск","1","top","баня зимой"
"как зимой просушивать баню","11318","Омская область","1","top","баня зимой"
"как переместить баню на участке","11318","Омская область","1","top","баня на участок"
"как переместить баню на участке своими руками","11318","Омская область","1","top","баня на участок"
"как правильно залить фундамент под баню","66","Омск","1","top","фундамент под баню"
"как правильно залить фундамент под баню","11318","Омская область","1","top","фундамент под баню"
"как правильно расположить баню на участке","66","Омск","1","top","баня на участок"
"как правильно сушить баню зимой","66","Омск","1","top","баня зимой"
"как правильно сушить баню зимой","11318","Омская область","1","top","баня зимой"
"как провести водопровод в баню неотапливаемую зимой","11318","Омская область","1","top","баня зимой"
"как расположить дом и баню на участке","11318","Омская область","1","top","баня на участок"
"как собрать мобильную баню","11318","Омская область","1","top","мобильная баня"
"как сушить бани зимой","66","Омск","1","top","баня зимой"
"как сушить бани зимой","11318","Омская область","1","top","баня зимой"
"как топить баню зимой","66","Омск","1","top","баня зимой"
"как топить баню зимой","11318","Омская область","1","top","баня зимой"
"как хранить веники для бани зимой","66","Омск","1","top","баня зимой"
"как хранить веники для бани зимой","11318","Омская область","1","top","баня зимой"
"какая штукатурка для механизированной штукатурки","66","Омск","1","top","механизированная штукатурка"
"какая штукатурка для механизированной штукатурки","11318","Омская область","1","top","механизированная штукатурка"
"какой размер фундамента под баню","66","Омск","1","top","фундамент под баню"
"какой размер фундамента под баню","11318","Омская область","1","top","фундамент под баню"
"какой фундамент выбрать под баню","66","Омск","1","top","фундамент под баню"
"какой фундамент выбрать под баню","11318","Омская область","1","top","фундамент под баню"
"какую баню поставить на участке","66","Омск","1","top","баня на участок"
"калькулятор механизированной штукатурки","66","Омск","1","top","механизированная штукатурка"
"калькулятор механизированной штукатурки","11318","Омская область","1","top","механизированная штукатурка"
"каркасная баня 2х2","66","Омск","1","top","баня 2х2"
"каркасная баня 2х2","11318","Омская область","1","top","баня 2х2"
"каркасная баня 2х2 своими руками","66","Омск","1","top","баня 2х2"
"каркасная баня 2х2 своими руками","11318","Омская область","1","top","баня 2х2"
"кедровая баня на дровах","66","Омск","1","top","кедровая баня"
"кедровая баня на дровах","11318","Омская область","1","top","кедровая баня"
"кедровая баня польза","66","Омск","1","top","кедровая баня"
"кедровая баня польза","11318","Омская область","1","top","кедровая баня"
"кедровая вагонка для бани","66","Омск","1","top","кедровая баня"
"кедровая вагонка для бани","11318","Омская область","1","top","кедровая баня"
"кедровая вагонка для бани плюсы и минусы","66","Омск","1","top","кедровая баня"
"кедровая вагонка для бани плюсы и минусы","11318","Омская область","1","top","кедровая баня"
"кедровое масло бани","66","Омск","1","top","кедровая баня"
"кедровое масло бани","11318","Омская область","1","top","кедровая баня"
"компания мобильные бани","11318","Омская область","1","top","мобильная баня"
"купить банный комплекс","66","Омск","1","association","доставка бани"
"купить банный комплекс","11318","Омская область","1","association","доставка бани"
"купить баню в беларуси готовую под ключ","66","Омск","1","top","готовая баня"
"купить баню в беларуси готовую под ключ","11318","Омская область","1","top","готовая баня"
"купить баню из бруса с доставкой","66","Омск","1","top","доставка бани"
"купить баню из бруса с доставкой","11318","Омская область","1","top","доставка бани"
"купить баню на дачный участок","66","Омск","1","top","баня на участок"
"купить баню с доставкой беларусь","66","Омск","1","top","доставка бани"
"купить баню с доставкой беларусь","11318","Омская область","1","top","доставка бани"
"купить баню с доставкой дешево","66","Омск","1","top","доставка бани"
"купить баню с доставкой дешево","11318","Омская область","1","top","доставка бани"
"купить готовую баню в беларуси","66","Омск","1","top","готовая баня"
"купить готовую баню в беларуси","11318","Омская область","1","top","готовая баня"
"купить готовую баню из бруса","66","Омск","1","top","готовая баня"
"купить готовую баню из бруса","11318","Омская область","1","top","готовая баня"
"купить готовую баню недорого в беларуси","66","Омск","1","top","готовая баня"
"купить готовую баню недорого в беларуси","11318","Омская область","1","top","готовая баня"
"купить готовую мобильную баню","66","Омск","1","top","готовая баня|мобильная баня"
"купить готовую мобильную баню","11318","Омская область","1","top","готовая баня|мобильная баня"
"купить дом баню на участке","66","Омск","1","top","баня на участок"
"купить мобильную баню авито","11318","Омская область","1","top","мобильная баня"
"купить мобильную баню под ключ","66","Омск","1","top","мобильная баня"
"купить мобильную баню под ключ","11318","Омская область","1","top","мобильная баня"
"купить печь в баню с доставкой","11318","Омская область","1","top","доставка бани"
"купить печь для мобильной бани палатки","66","Омск","1","top","мобильная баня"
"купить печь для мобильной бани палатки","11318","Омская область","1","top","мобильная баня"
"летняя баня на участке","11318","Омская область","1","top","баня на участок"
"лучшие мобильные бани","66","Омск","1","top","мобильная баня"
"лучшие мобильные бани","11318","Омская область","1","top","мобильная баня"
"марка бетона под фундамент бани","66","Омск","1","top","фундамент под баню"
"марка бетона под фундамент бани","11318","Омская область","1","top","фундамент под баню"
"механизированная станция для штукатурки","11318","Омская область","1","top","механизированная штукатурка"
"механизированная штукатурка дома","66","Омск","1","top","механизированная штукатурка"
"механизированная штукатурка дома","11318","Омская область","1","top","механизированная штукатурка"
"механизированная штукатурка каким материалом","66","Омск","1","top","механизированная штукатурка"
"механизированная штукатурка каким материалом","11318","Омская область","1","top","механизированная штукатурка"
"механизированная штукатурка кв","66","Омск","1","top","механизированная штукатурка"
"механизированная штукатурка кв","11318","Омская область","1","top","механизированная штукатурка"
"механизированная штукатурка помещений","66","Омск","1","top","механизированная штукатурка"
"механизированная штукатурка помещений","11318","Омская область","1","top","механизированная штукатурка"
"механизированная штукатурка стоит","66","Омск","1","top","механизированная штукатурка"
"механизированная штукатурка стоит","11318","Омская область","1","top","механизированная штукатурка"
"механизированной штукатурки метр квадратный","66","Омск","1","top","механизированная штукатурка"
"механизированной штукатурки метр квадратный","11318","Омская область","1","top","механизированная штукатурка"
"механизировать смесь штукатурка","66","Омск","1","top","механизированная штукатурка"
"механизировать смесь штукатурка","11318","Омская область","1","top","механизированная штукатурка"
"минусы кедровой бани","66","Омск","1","top","кедровая баня"
"минусы кедровой бани","11318","Омская область","1","top","кедровая баня"
"мобильная баня 10","66","Омск","1","top","мобильная баня"
"мобильная баня 10","11318","Омская область","1","top","мобильная баня"
"мобильная баня вес","11318","Омская область","1","top","мобильная баня"
"мобильная баня дешево","66","Омск","1","top","мобильная баня"
"мобильная баня дешево","11318","Омская область","1","top","мобильная баня"
"мобильная баня для дачи","66","Омск","1","top","мобильная баня"
"мобильная баня для дачи","11318","Омская область","1","top","мобильная баня"
"мобильная баня из бруса","66","Омск","1","top","мобильная баня"
"мобильная баня из бруса","11318","Омская область","1","top","мобильная баня"
"мобильная баня мб","66","Омск","1","top","мобильная баня"
"мобильная баня мб","11318","Омская область","1","top","мобильная баня"
"мобильная баня мб 10","66","Омск","1","top","мобильная баня"
"мобильная баня мб 10","11318","Омская область","1","top","мобильная баня"
"мобильная баня на колесах","66","Омск","1","top","мобильная баня"
"мобильная баня на колесах","11318","Омская область","1","top","мобильная баня"
"мобильная баня на колесах аренда","66","Омск","1","top","мобильная баня"
"мобильная баня на колесах аренда","11318","Омская область","1","top","мобильная баня"
"мобильная баня на прицепе","66","Омск","1","top","мобильная баня"
"мобильная баня на сваях","66","Омск","1","top","мобильная баня"
"мобильная баня на сваях","11318","Омская область","1","top","мобильная баня"
"мобильная баня под ключ купить дешево","66","Омск","1","top","мобильная баня"
"мобильная баня под ключ купить дешево","11318","Омская область","1","top","мобильная баня"
"мобильная баня mobiba","11318","Омская область","1","top","мобильная баня"
"мобильные бани под ключ цены","11318","Омская область","1","top","мобильная баня"
"мобильные бани профилированного бруса","66","Омск","1","top","мобильная баня"
"мобильные бани профилированного бруса","11318","Омская область","1","top","мобильная баня"
"можно ли строить баню на дачном участке","66","Омск","1","top","баня на участок"
"можно ли строить баню на дачном участке","11318","Омская область","1","top","баня на участок"
"можно ли строить баню на участке","66","Омск","1","top","баня на участок"
"надо ли оформлять баню на участке","66","Омск","1","top","баня на участок"
"неотапливаемая баня зимой","66","Омск","1","top","баня зимой"
"новосибирск баня с доставкой","11318","Омская область","1","top","доставка бани"
"норма установки бани на участке","66","Омск","1","top","баня на участок"
"нормативы постройки бани на участке","66","Омск","1","top","баня на участок"
"нормативы постройки бани на участке расстояние","66","Омск","1","top","баня на участок"
"нормативы установки бани на участке","66","Омск","1","top","баня на участок"
"нормативы установки бани на участке","11318","Омская область","1","top","баня на участок"
"нормы для постройки бани на участке","66","Омск","1","top","баня на участок"
"нормы расположения бани на участке","66","Омск","1","top","баня на участок"
"нормы расположения бани на участке","11318","Омская область","1","top","баня на участок"
"нормы строительства бани на участке ижс","66","Омск","1","top","баня на участок"
"нормы строительства бани на участке ижс отступы","66","Омск","1","top","баня на участок"
"нужен ли фундамент под баню","66","Омск","1","top","фундамент под баню"
"нужен ли фундамент под баню","11318","Омская область","1","top","фундамент под баню"
"нужно ли оформлять баню на своем участке","11318","Омская область","1","top","баня на участок"
"нужно ли оформлять баню на участке","66","Омск","1","top","баня на участок"
"нужно ли регистрировать баню на земельном участке","66","Омск","1","top","баня на участок"
"нужно оформлять баню на своем участке","11318","Омская область","1","top","баня на участок"
"обогреватель для бани зимой какой","11318","Омская область","1","top","баня зимой"
"обогреватель для бани зимой какой выбрать","11318","Омская область","1","top","баня зимой"
"опалубка для ленточного фундамента под баню","66","Омск","1","top","фундамент под баню"
"опалубка для ленточного фундамента под баню","11318","Омская область","1","top","фундамент под баню"
"опалубка для фундамента под баню","66","Омск","1","top","фундамент под баню"
"опалубка для фундамента под баню","11318","Омская область","1","top","фундамент под баню"
"отступы баня на участке ижс","66","Омск","1","top","баня на участок"
"отступы для бани на участке","66","Омск","1","top","баня на участок"
"отступы на участке при строительстве бани","66","Омск","1","top","баня на участок"
"отступы при строительстве бани на земельном участке","66","Омск","1","top","баня на участок"
"оформить баню на участке в собственность","66","Омск","1","top","баня на участок"
"оформить баню на участке ижс","66","Омск","1","top","баня на участок"
"пеноблок под фундамент бани","11318","Омская область","1","top","фундамент под баню"
"печь для мобильной бани купить","66","Омск","1","top","мобильная баня"
"печь для мобильной бани купить","11318","Омская область","1","top","мобильная баня"
"печь для мобильной бани палатки","66","Омск","1","top","мобильная баня"
"печь для мобильной бани палатки","11318","Омская область","1","top","мобильная баня"
"планировка дома бани на участке","66","Омск","1","top","баня на участок"
"плита под баню вместо фундамента","11318","Омская область","1","top","фундамент под баню"
"пользоваться баней зимой","66","Омск","1","top","баня зимой"
"пользоваться баней зимой","11318","Омская область","1","top","баня зимой"
"помидоры на зиму на водяной бане","66","Омск","1","top","баня зимой"
"порно баня зима","66","Омск","1","top","баня зимой"
"порно баня зима","11318","Омская область","1","top","баня зимой"
"после механизированной штукатурки","66","Омск","1","top","механизированная штукатурка"
"после механизированной штукатурки","11318","Омская область","1","top","механизированная штукатурка"
"построить баню на земельном участке","66","Омск","1","top","баня на участок"
"построить баню на земельном участке","11318","Омская область","1","top","баня на участок"
"построить баню на участке нормы","66","Омск","1","top","баня на участок"
"построить баню на участке нормы","11318","Омская область","1","top","баня на участок"
"построить мобильную баню","66","Омск","1","top","мобильная баня"
"постройка бани на садовом участке","66","Омск","1","top","баня на участок"
"правила установки бани на участке","66","Омск","1","top","баня на участок"
"правила установки бани на участке","11318","Омская область","1","top","баня на участок"
"правильное расположение бани на участке","66","Омск","1","top","баня на участок"
"правильный фундамент под баню","66","Омск","1","top","фундамент под баню"
"прибор для механизированной штукатурки","66","Омск","1","top","механизированная штукатурка"
"прибор для механизированной штукатурки","11318","Омская область","1","top","механизированная штукатурка"
"продается готовая баня","66","Омск","1","top","готовая баня"
"продается готовая баня","11318","Омская область","1","top","готовая баня"
"продажа мобильные бани","66","Омск","1","top","мобильная баня"
"проект баня 4х2","11318","Омская область","1","top","баня 4х2"
"промбурвод","66","Омск","1","association","бурение скважин"
"промбурвод","11318","Омская область","1","association","бурение скважин"
"размер фундамента под баню 3 5","66","Омск","1","top","фундамент под баню"
"размер фундамента под баню 3 5","11318","Омская область","1","top","фундамент под баню"
"размеры фундамента под печку в бане","66","Омск","1","top","фундамент под баню"
"размеры фундамента под печку в бане","11318","Омская область","1","top","фундамент под баню"
"размещение бани и дома на участке","66","Омск","1","top","баня на участок"
"размещение бани и дома на участке","11318","Омская область","1","top","баня на участок"
"размещение бани на участке","66","Омск","1","top","баня на участок"
"расположение бани на участке 6 соток","66","Омск","1","top","баня на участок"
"расположение бани на участке ижс","66","Омск","1","top","баня на участок"
"расположение бани на участке ижс","11318","Омская область","1","top","баня на участок"
"расположение бани на участке снт","66","Омск","1","top","баня на участок"
"расположение бани на участке снт","11318","Омская область","1","top","баня на участок"
"расположить дом и баню на участке","66","Омск","1","top","баня на участок"
"распутинские бани","66","Омск","1","association","кедровая баня"
"распутинские бани","11318","Омская область","1","association","кедровая баня"
"расстояние бани на участке от соседей","66","Омск","1","top","баня на участок"
"расстояние дома от бани на участке","66","Омск","1","top","баня на участок"
"рассчитать фундамент под баню","66","Омск","1","top","фундамент под баню"
"рассчитать фундамент под баню","11318","Омская область","1","top","фундамент под баню"
"салат на зиму на водяной бане","66","Омск","1","top","баня зимой"
"сауна под ключ","66","Омск","1","association","готовая баня|доставка бани"
"сауна под ключ","11318","Омская область","1","association","готовая баня|доставка бани"
"сборка бани на участке","66","Омск","1","top","баня на участок"
"свайный фундамент под баню","66","Омск","1","top","фундамент под баню"
"сделать ленточный фундамент под баню","66","Омск","1","top","фундамент под баню"
"сделать ленточный фундамент под баню","11318","Омская область","1","top","фундамент под баню"
"сколько сохнет механизированная штукатурка","66","Омск","1","top","механизированная штукатурка"
"сколько сохнет механизированная штукатурка","11318","Омская область","1","top","механизированная штукатурка"
"сколько стоит готовая баня под ключ","66","Омск","1","top","готовая баня"
"сколько стоит квадратный метр механизированной штукатурки","66","Омск","1","top","механизированная штукатурка"
"сколько стоит квадратный метр механизированной штукатурки","11318","Омская область","1","top","механизированная штукатурка"
"сколько стоит метр механизированной штукатурки","66","Омск","1","top","механизированная штукатурка"
"сколько стоит метр механизированной штукатурки","11318","Омская область","1","top","механизированная штукатурка"
"сколько стоит механизированная штукатурка","66","Омск","1","top","механизированная штукатурка"
"сколько стоит механизированная штукатурка","11318","Омская область","1","top","механизированная штукатурка"
"сколько стоит механизированная штукатурка стен","66","Омск","1","top","механизированная штукатурка"
"сколько стоит механизированная штукатурка стен","11318","Омская область","1","top","механизированная штукатурка"
"сколько стоит построить баню на участке","66","Омск","1","top","баня на участок"
"сколько стоит построить баню на участке","11318","Омская область","1","top","баня на участок"
"смесь для механизированной штукатурки","66","Омск","1","top","механизированная штукатурка"
"смесь для механизированной штукатурки","11318","Омская область","1","top","механизированная штукатурка"
"соседи построили баню на границе участка","66","Омск","1","top","баня на участок"
"соседи построили баню на границе участка","11318","Омская область","1","top","баня на участок"
"станция механизированной штукатурки аренда","11318","Омская область","1","top","механизированная штукатурка"
"стоимость бани на участке","11318","Омская область","1","top","баня на участок"
"стоимость кедровых бань","66","Омск","1","top","кедровая баня"
"стоимость кедровых бань","11318","Омская область","1","top","кедровая баня"
"стоимость фундамента под баню","11318","Омская область","1","top","фундамент под баню"
"строительство бани дома на участке","66","Омск","1","top","баня на участок"
"температура в бане зимой","66","Омск","1","top","баня зимой"
"температура в бане зимой","11318","Омская область","1","top","баня зимой"
"топка бани зимой","66","Омск","1","top","баня зимой"
"топка бани зимой","11318","Омская область","1","top","баня зимой"
"установка бани на участке правила и нормативы","66","Омск","1","top","баня на участок"
"установка бани на участке правила и нормативы","11318","Омская область","1","top","баня на участок"
"установка для механизированной штукатурки","66","Омск","1","top","механизированная штукатурка"
"установка для механизированной штукатурки","11318","Омская область","1","top","механизированная штукатурка"
"установка механизированная штукатурка стен","66","Омск","1","top","механизированная штукатурка"
"установка механизированная штукатурка стен","11318","Омская область","1","top","механизированная штукатурка"
"фасадная механизированная штукатурка","66","Омск","1","top","механизированная штукатурка"
"фасадная механизированная штукатурка","11318","Омская область","1","top","механизированная штукатурка"
"фото бань зимой","66","Омск","1","top","баня зимой"
"фото бань зимой","11318","Омская область","1","top","баня зимой"
"фундамент 20 20 под баню","66","Омск","1","top","фундамент под баню"
"фундамент 20 20 под баню","11318","Омская область","1","top","фундамент под баню"
"фундамент из покрышек под баню","11318","Омская область","1","top","фундамент под баню"
"фундамент под баню 3 на 5","66","Омск","1","top","фундамент под баню"
"фундамент под баню 3на 4","66","Омск","1","top","фундамент под баню"
"фундамент под баню 3на 4","11318","Омская область","1","top","фундамент под баню"
"фундамент под баню 3х3","66","Омск","1","top","фундамент под баню"
"фундамент под баню 3х3","11318","Омская область","1","top","фундамент под баню"
"фундамент под баню 3х4","66","Омск","1","top","фундамент под баню"
"фундамент под баню 3х4","11318","Омская область","1","top","фундамент под баню"
"фундамент под баню 3х4 своими руками","66","Омск","1","top","фундамент под баню"
"фундамент под баню 3х4 своими руками","11318","Омская область","1","top","фундамент под баню"
"фундамент под баню винтовые сваи","66","Омск","1","top","фундамент под баню"
"фундамент под баню винтовые сваи","11318","Омская область","1","top","фундамент под баню"
"фундамент под баню под кирпич","66","Омск","1","top","фундамент под баню"
"фундамент под брусовую баню","66","Омск","1","top","фундамент под баню"
"фундамент под брусовую баню","11318","Омская область","1","top","фундамент под баню"
"фундамент под железную печь в бане","66","Омск","1","top","фундамент под баню"
"фундамент под железную печь в бане","11318","Омская область","1","top","фундамент под баню"
"фундамент под печку в бане","66","Омск","1","top","фундамент под баню"
"фундамент под пол бани","66","Омск","1","top","фундамент под баню"
"ходите в баню зимой","11318","Омская область","1","top","баня зимой"
"хотите построить баню на участке","66","Омск","1","top","баня на участок"
"хочу баню на участке","66","Омск","1","top","баня на участок"
"цементная смесь для механизированной штукатурки","66","Омск","1","top","механизированная штукатурка"
"цементная смесь для механизированной штукатурки","11318","Омская область","1","top","механизированная штукатурка"
"цементно песчаная смесь для штукатурки механизированной","66","Омск","1","top","механизированная штукатурка"
"цементно песчаная смесь для штукатурки механизированной","11318","Омская область","1","top","механизированная штукатурка"
"чем отличается механизированная штукатурка","66","Омск","1","top","механизированная штукатурка"
"чем отличается механизированная штукатурка","11318","Омская область","1","top","механизированная штукатурка"
"штукатурка для механизированного нанесения","66","Омск","1","top","механизированная штукатурка"
"штукатурка для механизированного нанесения","11318","Омская область","1","top","механизированная штукатурка"
"штукатурка механизированная артем","66","Омск","1","top","механизированная штукатурка"
"штукатурка механизированная артем","11318","Омская область","1","top","механизированная штукатурка"
"штукатурка механизированная гипсовая или цементная","66","Омск","1","top","механизированная штукатурка"
"штукатурка механизированная гипсовая или цементная","11318","Омская область","1","top","механизированная штукатурка"
"штукатурная станция для механизированной штукатурки","11318","Омская область","1","top","механизированная штукатурка"
"seks banya","66","Омск","1","association","мобильная баня"
"seks banya","11318","Омская область","1","association","мобильная баня"